60,61
-28.31,0
-28.31,0.0433459
-28.31,0.0866918
-28.31,0.130038
-28.31,0.173384
-28.31,0.21673
-28.31,0.260075
-28.31,0.303421
-28.31,0.346767
-28.31,0.390113
-28.31,0.433459
-28.31,0.476805
-28.31,0.520151
-28.31,0.563497
-28.31,0.606843
-28.31,0.650189
-28.31,0.693534
-28.31,0.73688
-28.31,0.780226
-28.31,0.823572
-28.31,0.866918
-28.31,0.910264
-28.31,0.95361
-28.31,0.996956
-28.31,1.0403
-28.31,1.08365
-28.31,1.12699
-28.31,1.17034
-28.31,1.21369
-28.31,1.25703
-28.31,1.30038
-28.31,1.34372
-28.31,1.38707
-28.31,1.43041
-28.31,1.47376
-28.31,1.51711
-28.31,1.56045
-28.31,1.6038
-28.31,1.64714
-28.31,1.69049
-28.31,1.73384
-28.31,1.77718
-28.31,1.82053
-28.31,1.86387
-28.31,1.90722
-28.31,1.95057
-28.31,1.99391
-28.31,2.03726
-28.31,2.0806
-28.31,2.12395
-28.31,2.1673
-28.31,2.21064
-28.31,2.25399
-28.31,2.29733
-28.31,2.34068
-28.31,2.38402
-28.31,2.42737
-28.31,2.47072
-28.31,2.51406
-28.31,2.55741
-28.31,2.60075
-24.455,0
-24.455,0.0433459
-24.455,0.0866918
-24.455,0.130038
-24.455,0.173384
-24.455,0.21673
-24.455,0.260075
-24.455,0.303421
-24.455,0.346767
-24.455,0.390113
-24.455,0.433459
-24.455,0.476805
-24.455,0.520151
-24.455,0.563497
-24.455,0.606843
-24.455,0.650189
-24.455,0.693534
-24.455,0.73688
-24.455,0.780226
-24.455,0.823572
-24.455,0.866918
-24.455,0.910264
-24.455,0.95361
-24.455,0.996956
-24.455,1.0403
-24.455,1.08365
-24.455,1.12699
-24.455,1.17034
-24.455,1.21369
-24.455,1.25703
-24.455,1.30038
-24.455,1.34372
-24.455,1.38707
-24.455,1.43041
-24.455,1.47376
-24.455,1.51711
-24.455,1.56045
-24.455,1.6038
-24.455,1.64714
-24.455,1.69049
-24.455,1.73384
-24.455,1.77718
-24.455,1.82053
-24.455,1.86387
-24.455,1.90722
-24.455,1.95057
-24.455,1.99391
-24.455,2.03726
-24.455,2.0806
-24.455,2.12395
-24.455,2.1673
-24.455,2.21064
-24.455,2.25399
-24.455,2.29733
-24.455,2.34068
-24.455,2.38402
-24.455,2.42737
-24.455,2.47072
-24.455,2.51406
-24.455,2.55741
-24.455,2.60075
-20.599,0
-20.599,0.0433459
-20.599,0.0866918
-20.599,0.130038
-20.599,0.173384
-20.599,0.21673
-20.599,0.260075
-20.599,0.303421
-20.599,0.346767
-20.599,0.390113
-20.599,0.433459
-20.599,0.476805
-20.599,0.520151
-20.599,0.563497
-20.599,0.606843
-20.599,0.650189
-20.599,0.693534
-20.599,0.73688
-20.599,0.780226
-20.599,0.823572
-20.599,0.866918
-20.599,0.910264
-20.599,0.95361
-20.599,0.996956
-20.599,1.0403
-20.599,1.08365
-20.599,1.12699
-20.599,1.17034
-20.599,1.21369
-20.599,1.25703
-20.599,1.30038
-20.599,1.34372
-20.599,1.38707
-20.599,1.43041
-20.599,1.47376
-20.599,1.51711
-20.599,1.56045
-20.599,1.6038
-20.599,1.64714
-20.599,1.69049
-20.599,1.73384
-20.599,1.77718
-20.599,1.82053
-20.599,1.86387
-20.599,1.90722
-20.599,1.95057
-20.599,1.99391
-20.599,2.03726
-20.599,2.0806
-20.599,2.12395
-20.599,2.1673
-20.599,2.21064
-20.599,2.25399
-20.599,2.29733
-20.599,2.34068
-20.599,2.38402
-20.599,2.42737
-20.599,2.47072
-20.599,2.51406
-20.599,2.55741
-20.599,2.60075
-17.066,0
-17.066,0.041041
-17.066,0.082082
-17.066,0.123123
-17.066,0.164164
-17.066,0.205205
-17.066,0.246246
-17.066,0.287287
-17.066,0.328328
-17.066,0.369369
-17.066,0.41041
-17.066,0.451451
-17.066,0.492492
-17.066,0.533533
-17.066,0.574574
-17.066,0.615615
-17.066,0.656656
-17.066,0.697697
-17.066,0.738738
-17.066,0.779779
-17.066,0.82082
-17.066,0.861861
-17.066,0.902902
-17.066,0.943943
-17.066,0.984984
-17.066,1.02602
-17.066,1.06707
-17.066,1.10811
-17.066,1.14915
-17.066,1.19019
-17.066,1.23123
-17.066,1.27227
-17.066,1.31331
-17.066,1.35435
-17.066,1.39539
-17.066,1.43643
-17.066,1.47748
-17.066,1.51852
-17.066,1.55956
-17.066,1.6006
-17.066,1.64164
-17.066,1.68268
-17.066,1.72372
-17.066,1.76476
-17.066,1.8058
-17.066,1.84684
-17.066,1.88789
-17.066,1.92893
-17.066,1.96997
-17.066,2.01101
-17.066,2.05205
-17.066,2.09309
-17.066,2.13413
-17.066,2.17517
-17.066,2.21621
-17.066,2.25725
-17.066,2.2983
-17.066,2.33934
-17.066,2.38038
-17.066,2.42142
-17.066,2.46246
-14.121,0
-14.121,0.036818
-14.121,0.0736361
-14.121,0.110454
-14.121,0.147272
-14.121,0.18409
-14.121,0.220908
-14.121,0.257726
-14.121,0.294544
-14.121,0.331362
-14.121,0.36818
-14.121,0.404998
-14.121,0.441816
-14.121,0.478634
-14.121,0.515452
-14.121,0.55227
-14.121,0.589089
-14.121,0.625907
-14.121,0.662725
-14.121,0.699543
-14.121,0.736361
-14.121,0.773179
-14.121,0.809997
-14.121,0.846815
-14.121,0.883633
-14.121,0.920451
-14.121,0.957269
-14.121,0.994087
-14.121,1.0309
-14.121,1.06772
-14.121,1.10454
-14.121,1.14136
-14.121,1.17818
-14.121,1.215
-14.121,1.25181
-14.121,1.28863
-14.121,1.32545
-14.121,1.36227
-14.121,1.39909
-14.121,1.4359
-14.121,1.47272
-14.121,1.50954
-14.121,1.54636
-14.121,1.58318
-14.121,1.61999
-14.121,1.65681
-14.121,1.69363
-14.121,1.73045
-14.121,1.76727
-14.121,1.80408
-14.121,1.8409
-14.121,1.87772
-14.121,1.91454
-14.121,1.95136
-14.121,1.98817
-14.121,2.02499
-14.121,2.06181
-14.121,2.09863
-14.121,2.13545
-14.121,2.17226
-14.121,2.20908
-11.667,0
-11.667,0.0332984
-11.667,0.0665967
-11.667,0.0998951
-11.667,0.133193
-11.667,0.166492
-11.667,0.19979
-11.667,0.233089
-11.667,0.266387
-11.667,0.299685
-11.667,0.332984
-11.667,0.366282
-11.667,0.39958
-11.667,0.432879
-11.667,0.466177
-11.667,0.499475
-11.667,0.532774
-11.667,0.566072
-11.667,0.59937
-11.667,0.632669
-11.667,0.665967
-11.667,0.699266
-11.667,0.732564
-11.667,0.765862
-11.667,0.799161
-11.667,0.832459
-11.667,0.865757
-11.667,0.899056
-11.667,0.932354
-11.667,0.965652
-11.667,0.998951
-11.667,1.03225
-11.667,1.06555
-11.667,1.09885
-11.667,1.13214
-11.667,1.16544
-11.667,1.19874
-11.667,1.23204
-11.667,1.26534
-11.667,1.29864
-11.667,1.33193
-11.667,1.36523
-11.667,1.39853
-11.667,1.43183
-11.667,1.46513
-11.667,1.49843
-11.667,1.53172
-11.667,1.56502
-11.667,1.59832
-11.667,1.63162
-11.667,1.66492
-11.667,1.69822
-11.667,1.73151
-11.667,1.76481
-11.667,1.79811
-11.667,1.83141
-11.667,1.86471
-11.667,1.89801
-11.667,1.9313
-11.667,1.9646
-11.667,1.9979
-9.6217,0
-9.6217,0.0303656
-9.6217,0.0607311
-9.6217,0.0910967
-9.6217,0.121462
-9.6217,0.151828
-9.6217,0.182193
-9.6217,0.212559
-9.6217,0.242925
-9.6217,0.27329
-9.6217,0.303656
-9.6217,0.334021
-9.6217,0.364387
-9.6217,0.394752
-9.6217,0.425118
-9.6217,0.455484
-9.6217,0.485849
-9.6217,0.516215
-9.6217,0.54658
-9.6217,0.576946
-9.6217,0.607311
-9.6217,0.637677
-9.6217,0.668043
-9.6217,0.698408
-9.6217,0.728774
-9.6217,0.759139
-9.6217,0.789505
-9.6217,0.81987
-9.6217,0.850236
-9.6217,0.880602
-9.6217,0.910967
-9.6217,0.941333
-9.6217,0.971698
-9.6217,1.00206
-9.6217,1.03243
-9.6217,1.0628
-9.6217,1.09316
-9.6217,1.12353
-9.6217,1.15389
-9.6217,1.18426
-9.6217,1.21462
-9.6217,1.24499
-9.6217,1.27535
-9.6217,1.30572
-9.6217,1.33609
-9.6217,1.36645
-9.6217,1.39682
-9.6217,1.42718
-9.6217,1.45755
-9.6217,1.48791
-9.6217,1.51828
-9.6217,1.54864
-9.6217,1.57901
-9.6217,1.60938
-9.6217,1.63974
-9.6217,1.67011
-9.6217,1.70047
-9.6217,1.73084
-9.6217,1.7612
-9.6217,1.79157
-9.6217,1.82193
-7.9175,0
-7.9175,0.0279213
-7.9175,0.0558426
-7.9175,0.0837639
-7.9175,0.111685
-7.9175,0.139607
-7.9175,0.167528
-7.9175,0.195449
-7.9175,0.22337
-7.9175,0.251292
-7.9175,0.279213
-7.9175,0.307134
-7.9175,0.335056
-7.9175,0.362977
-7.9175,0.390898
-7.9175,0.41882
-7.9175,0.446741
-7.9175,0.474662
-7.9175,0.502584
-7.9175,0.530505
-7.9175,0.558426
-7.9175,0.586348
-7.9175,0.614269
-7.9175,0.64219
-7.9175,0.670111
-7.9175,0.698033
-7.9175,0.725954
-7.9175,0.753875
-7.9175,0.781797
-7.9175,0.809718
-7.9175,0.837639
-7.9175,0.865561
-7.9175,0.893482
-7.9175,0.921403
-7.9175,0.949325
-7.9175,0.977246
-7.9175,1.00517
-7.9175,1.03309
-7.9175,1.06101
-7.9175,1.08893
-7.9175,1.11685
-7.9175,1.14477
-7.9175,1.1727
-7.9175,1.20062
-7.9175,1.22854
-7.9175,1.25646
-7.9175,1.28438
-7.9175,1.3123
-7.9175,1.34022
-7.9175,1.36814
-7.9175,1.39607
-7.9175,1.42399
-7.9175,1.45191
-7.9175,1.47983
-7.9175,1.50775
-7.9175,1.53567
-7.9175,1.56359
-7.9175,1.59151
-7.9175,1.61944
-7.9175,1.64736
-7.9175,1.67528
-6.4974,0
-6.4974,0.0258836
-6.4974,0.0517672
-6.4974,0.0776508
-6.4974,0.103534
-6.4974,0.129418
-6.4974,0.155302
-6.4974,0.181185
-6.4974,0.207069
-6.4974,0.232952
-6.4974,0.258836
-6.4974,0.28472
-6.4974,0.310603
-6.4974,0.336487
-6.4974,0.36237
-6.4974,0.388254
-6.4974,0.414138
-6.4974,0.440021
-6.4974,0.465905
-6.4974,0.491789
-6.4974,0.517672
-6.4974,0.543556
-6.4974,0.569439
-6.4974,0.595323
-6.4974,0.621207
-6.4974,0.64709
-6.4974,0.672974
-6.4974,0.698857
-6.4974,0.724741
-6.4974,0.750625
-6.4974,0.776508
-6.4974,0.802392
-6.4974,0.828275
-6.4974,0.854159
-6.4974,0.880043
-6.4974,0.905926
-6.4974,0.93181
-6.4974,0.957693
-6.4974,0.983577
-6.4974,1.00946
-6.4974,1.03534
-6.4974,1.06123
-6.4974,1.08711
-6.4974,1.113
-6.4974,1.13888
-6.4974,1.16476
-6.4974,1.19065
-6.4974,1.21653
-6.4974,1.24241
-6.4974,1.2683
-6.4974,1.29418
-6.4974,1.32006
-6.4974,1.34595
-6.4974,1.37183
-6.4974,1.39771
-6.4974,1.4236
-6.4974,1.44948
-6.4974,1.47537
-6.4974,1.50125
-6.4974,1.52713
-6.4974,1.55302
-5.3139,0
-5.3139,0.0241869
-5.3139,0.0483738
-5.3139,0.0725607
-5.3139,0.0967475
-5.3139,0.120934
-5.3139,0.145121
-5.3139,0.169308
-5.3139,0.193495
-5.3139,0.217682
-5.3139,0.241869
-5.3139,0.266056
-5.3139,0.290243
-5.3139,0.31443
-5.3139,0.338616
-5.3139,0.362803
-5.3139,0.38699
-5.3139,0.411177
-5.3139,0.435364
-5.3139,0.459551
-5.3139,0.483738
-5.3139,0.507925
-5.3139,0.532111
-5.3139,0.556298
-5.3139,0.580485
-5.3139,0.604672
-5.3139,0.628859
-5.3139,0.653046
-5.3139,0.677233
-5.3139,0.70142
-5.3139,0.725607
-5.3139,0.749793
-5.3139,0.77398
-5.3139,0.798167
-5.3139,0.822354
-5.3139,0.846541
-5.3139,0.870728
-5.3139,0.894915
-5.3139,0.919102
-5.3139,0.943289
-5.3139,0.967475
-5.3139,0.991662
-5.3139,1.01585
-5.3139,1.04004
-5.3139,1.06422
-5.3139,1.08841
-5.3139,1.1126
-5.3139,1.13678
-5.3139,1.16097
-5.3139,1.18516
-5.3139,1.20934
-5.3139,1.23353
-5.3139,1.25772
-5.3139,1.2819
-5.3139,1.30609
-5.3139,1.33028
-5.3139,1.35447
-5.3139,1.37865
-5.3139,1.40284
-5.3139,1.42703
-5.3139,1.45121
-4.3277,0
-4.3277,0.0227721
-4.3277,0.0455443
-4.3277,0.0683164
-4.3277,0.0910885
-4.3277,0.113861
-4.3277,0.136633
-4.3277,0.159405
-4.3277,0.182177
-4.3277,0.204949
-4.3277,0.227721
-4.3277,0.250493
-4.3277,0.273266
-4.3277,0.296038
-4.3277,0.31881
-4.3277,0.341582
-4.3277,0.364354
-4.3277,0.387126
-4.3277,0.409898
-4.3277,0.43267
-4.3277,0.455443
-4.3277,0.478215
-4.3277,0.500987
-4.3277,0.523759
-4.3277,0.546531
-4.3277,0.569303
-4.3277,0.592075
-4.3277,0.614848
-4.3277,0.63762
-4.3277,0.660392
-4.3277,0.683164
-4.3277,0.705936
-4.3277,0.728708
-4.3277,0.75148
-4.3277,0.774252
-4.3277,0.797025
-4.3277,0.819797
-4.3277,0.842569
-4.3277,0.865341
-4.3277,0.888113
-4.3277,0.910885
-4.3277,0.933657
-4.3277,0.95643
-4.3277,0.979202
-4.3277,1.00197
-4.3277,1.02475
-4.3277,1.04752
-4.3277,1.07029
-4.3277,1.09306
-4.3277,1.11583
-4.3277,1.13861
-4.3277,1.16138
-4.3277,1.18415
-4.3277,1.20692
-4.3277,1.2297
-4.3277,1.25247
-4.3277,1.27524
-4.3277,1.29801
-4.3277,1.32078
-4.3277,1.34356
-4.3277,1.36633
-3.5058,0
-3.5058,0.0215934
-3.5058,0.0431869
-3.5058,0.0647803
-3.5058,0.0863738
-3.5058,0.107967
-3.5058,0.129561
-3.5058,0.151154
-3.5058,0.172748
-3.5058,0.194341
-3.5058,0.215934
-3.5058,0.237528
-3.5058,0.259121
-3.5058,0.280715
-3.5058,0.302308
-3.5058,0.323902
-3.5058,0.345495
-3.5058,0.367089
-3.5058,0.388682
-3.5058,0.410275
-3.5058,0.431869
-3.5058,0.453462
-3.5058,0.475056
-3.5058,0.496649
-3.5058,0.518243
-3.5058,0.539836
-3.5058,0.56143
-3.5058,0.583023
-3.5058,0.604616
-3.5058,0.62621
-3.5058,0.647803
-3.5058,0.669397
-3.5058,0.69099
-3.5058,0.712584
-3.5058,0.734177
-3.5058,0.75577
-3.5058,0.777364
-3.5058,0.798957
-3.5058,0.820551
-3.5058,0.842144
-3.5058,0.863738
-3.5058,0.885331
-3.5058,0.906925
-3.5058,0.928518
-3.5058,0.950111
-3.5058,0.971705
-3.5058,0.993298
-3.5058,1.01489
-3.5058,1.03649
-3.5058,1.05808
-3.5058,1.07967
-3.5058,1.10127
-3.5058,1.12286
-3.5058,1.14445
-3.5058,1.16605
-3.5058,1.18764
-3.5058,1.20923
-3.5058,1.23083
-3.5058,1.25242
-3.5058,1.27401
-3.5058,1.29561
-2.8209,0
-2.8209,0.0206115
-2.8209,0.041223
-2.8209,0.0618344
-2.8209,0.0824459
-2.8209,0.103057
-2.8209,0.123669
-2.8209,0.14428
-2.8209,0.164892
-2.8209,0.185503
-2.8209,0.206115
-2.8209,0.226726
-2.8209,0.247338
-2.8209,0.267949
-2.8209,0.288561
-2.8209,0.309172
-2.8209,0.329784
-2.8209,0.350395
-2.8209,0.371007
-2.8209,0.391618
-2.8209,0.41223
-2.8209,0.432841
-2.8209,0.453452
-2.8209,0.474064
-2.8209,0.494675
-2.8209,0.515287
-2.8209,0.535898
-2.8209,0.55651
-2.8209,0.577121
-2.8209,0.597733
-2.8209,0.618344
-2.8209,0.638956
-2.8209,0.659567
-2.8209,0.680179
-2.8209,0.70079
-2.8209,0.721402
-2.8209,0.742013
-2.8209,0.762625
-2.8209,0.783236
-2.8209,0.803848
-2.8209,0.824459
-2.8209,0.84507
-2.8209,0.865682
-2.8209,0.886293
-2.8209,0.906905
-2.8209,0.927516
-2.8209,0.948128
-2.8209,0.968739
-2.8209,0.989351
-2.8209,1.00996
-2.8209,1.03057
-2.8209,1.05119
-2.8209,1.0718
-2.8209,1.09241
-2.8209,1.11302
-2.8209,1.13363
-2.8209,1.15424
-2.8209,1.17485
-2.8209,1.19547
-2.8209,1.21608
-2.8209,1.23669
-2.2502,0
-2.2502,0.0197934
-2.2502,0.0395869
-2.2502,0.0593803
-2.2502,0.0791738
-2.2502,0.0989672
-2.2502,0.118761
-2.2502,0.138554
-2.2502,0.158348
-2.2502,0.178141
-2.2502,0.197934
-2.2502,0.217728
-2.2502,0.237521
-2.2502,0.257315
-2.2502,0.277108
-2.2502,0.296902
-2.2502,0.316695
-2.2502,0.336489
-2.2502,0.356282
-2.2502,0.376075
-2.2502,0.395869
-2.2502,0.415662
-2.2502,0.435456
-2.2502,0.455249
-2.2502,0.475043
-2.2502,0.494836
-2.2502,0.51463
-2.2502,0.534423
-2.2502,0.554216
-2.2502,0.57401
-2.2502,0.593803
-2.2502,0.613597
-2.2502,0.63339
-2.2502,0.653184
-2.2502,0.672977
-2.2502,0.69277
-2.2502,0.712564
-2.2502,0.732357
-2.2502,0.752151
-2.2502,0.771944
-2.2502,0.791738
-2.2502,0.811531
-2.2502,0.831325
-2.2502,0.851118
-2.2502,0.870911
-2.2502,0.890705
-2.2502,0.910498
-2.2502,0.930292
-2.2502,0.950085
-2.2502,0.969879
-2.2502,0.989672
-2.2502,1.00947
-2.2502,1.02926
-2.2502,1.04905
-2.2502,1.06885
-2.2502,1.08864
-2.2502,1.10843
-2.2502,1.12823
-2.2502,1.14802
-2.2502,1.16781
-2.2502,1.18761
-1.7746,0
-1.7746,0.0191115
-1.7746,0.038223
-1.7746,0.0573344
-1.7746,0.0764459
-1.7746,0.0955574
-1.7746,0.114669
-1.7746,0.13378
-1.7746,0.152892
-1.7746,0.172003
-1.7746,0.191115
-1.7746,0.210226
-1.7746,0.229338
-1.7746,0.248449
-1.7746,0.267561
-1.7746,0.286672
-1.7746,0.305784
-1.7746,0.324895
-1.7746,0.344007
-1.7746,0.363118
-1.7746,0.38223
-1.7746,0.401341
-1.7746,0.420452
-1.7746,0.439564
-1.7746,0.458675
-1.7746,0.477787
-1.7746,0.496898
-1.7746,0.51601
-1.7746,0.535121
-1.7746,0.554233
-1.7746,0.573344
-1.7746,0.592456
-1.7746,0.611567
-1.7746,0.630679
-1.7746,0.64979
-1.7746,0.668902
-1.7746,0.688013
-1.7746,0.707125
-1.7746,0.726236
-1.7746,0.745348
-1.7746,0.764459
-1.7746,0.78357
-1.7746,0.802682
-1.7746,0.821793
-1.7746,0.840905
-1.7746,0.860016
-1.7746,0.879128
-1.7746,0.898239
-1.7746,0.917351
-1.7746,0.936462
-1.7746,0.955574
-1.7746,0.974685
-1.7746,0.993797
-1.7746,1.01291
-1.7746,1.03202
-1.7746,1.05113
-1.7746,1.07024
-1.7746,1.08935
-1.7746,1.10847
-1.7746,1.12758
-1.7746,1.14669
-1.3783,0
-1.3783,0.0185426
-1.3783,0.0370852
-1.3783,0.0556279
-1.3783,0.0741705
-1.3783,0.0927131
-1.3783,0.111256
-1.3783,0.129798
-1.3783,0.148341
-1.3783,0.166884
-1.3783,0.185426
-1.3783,0.203969
-1.3783,0.222511
-1.3783,0.241054
-1.3783,0.259597
-1.3783,0.278139
-1.3783,0.296682
-1.3783,0.315225
-1.3783,0.333767
-1.3783,0.35231
-1.3783,0.370852
-1.3783,0.389395
-1.3783,0.407938
-1.3783,0.42648
-1.3783,0.445023
-1.3783,0.463566
-1.3783,0.482108
-1.3783,0.500651
-1.3783,0.519193
-1.3783,0.537736
-1.3783,0.556279
-1.3783,0.574821
-1.3783,0.593364
-1.3783,0.611907
-1.3783,0.630449
-1.3783,0.648992
-1.3783,0.667534
-1.3783,0.686077
-1.3783,0.70462
-1.3783,0.723162
-1.3783,0.741705
-1.3783,0.760248
-1.3783,0.77879
-1.3783,0.797333
-1.3783,0.815875
-1.3783,0.834418
-1.3783,0.852961
-1.3783,0.871503
-1.3783,0.890046
-1.3783,0.908589
-1.3783,0.927131
-1.3783,0.945674
-1.3783,0.964216
-1.3783,0.982759
-1.3783,1.0013
-1.3783,1.01984
-1.3783,1.03839
-1.3783,1.05693
-1.3783,1.07547
-1.3783,1.09401
-1.3783,1.11256
-1.048,0
-1.048,0.0180689
-1.048,0.0361377
-1.048,0.0542066
-1.048,0.0722754
-1.048,0.0903443
-1.048,0.108413
-1.048,0.126482
-1.048,0.144551
-1.048,0.16262
-1.048,0.180689
-1.048,0.198757
-1.048,0.216826
-1.048,0.234895
-1.048,0.252964
-1.048,0.271033
-1.048,0.289102
-1.048,0.30717
-1.048,0.325239
-1.048,0.343308
-1.048,0.361377
-1.048,0.379446
-1.048,0.397515
-1.048,0.415584
-1.048,0.433652
-1.048,0.451721
-1.048,0.46979
-1.048,0.487859
-1.048,0.505928
-1.048,0.523997
-1.048,0.542066
-1.048,0.560134
-1.048,0.578203
-1.048,0.596272
-1.048,0.614341
-1.048,0.63241
-1.048,0.650479
-1.048,0.668548
-1.048,0.686616
-1.048,0.704685
-1.048,0.722754
-1.048,0.740823
-1.048,0.758892
-1.048,0.776961
-1.048,0.79503
-1.048,0.813098
-1.048,0.831167
-1.048,0.849236
-1.048,0.867305
-1.048,0.885374
-1.048,0.903443
-1.048,0.921511
-1.048,0.93958
-1.048,0.957649
-1.048,0.975718
-1.048,0.993787
-1.048,1.01186
-1.048,1.02992
-1.048,1.04799
-1.048,1.06606
-1.048,1.08413
-0.77274,0
-0.77274,0.0176738
-0.77274,0.0353475
-0.77274,0.0530213
-0.77274,0.0706951
-0.77274,0.0883689
-0.77274,0.106043
-0.77274,0.123716
-0.77274,0.14139
-0.77274,0.159064
-0.77274,0.176738
-0.77274,0.194411
-0.77274,0.212085
-0.77274,0.229759
-0.77274,0.247433
-0.77274,0.265107
-0.77274,0.28278
-0.77274,0.300454
-0.77274,0.318128
-0.77274,0.335802
-0.77274,0.353475
-0.77274,0.371149
-0.77274,0.388823
-0.77274,0.406497
-0.77274,0.42417
-0.77274,0.441844
-0.77274,0.459518
-0.77274,0.477192
-0.77274,0.494866
-0.77274,0.512539
-0.77274,0.530213
-0.77274,0.547887
-0.77274,0.565561
-0.77274,0.583234
-0.77274,0.600908
-0.77274,0.618582
-0.77274,0.636256
-0.77274,0.65393
-0.77274,0.671603
-0.77274,0.689277
-0.77274,0.706951
-0.77274,0.724625
-0.77274,0.742298
-0.77274,0.759972
-0.77274,0.777646
-0.77274,0.79532
-0.77274,0.812993
-0.77274,0.830667
-0.77274,0.848341
-0.77274,0.866015
-0.77274,0.883689
-0.77274,0.901362
-0.77274,0.919036
-0.77274,0.93671
-0.77274,0.954384
-0.77274,0.972057
-0.77274,0.989731
-0.77274,1.0074
-0.77274,1.02508
-0.77274,1.04275
-0.77274,1.06043
-0.54337,0
-0.54337,0.0173443
-0.54337,0.0346885
-0.54337,0.0520328
-0.54337,0.069377
-0.54337,0.0867213
-0.54337,0.104066
-0.54337,0.12141
-0.54337,0.138754
-0.54337,0.156098
-0.54337,0.173443
-0.54337,0.190787
-0.54337,0.208131
-0.54337,0.225475
-0.54337,0.24282
-0.54337,0.260164
-0.54337,0.277508
-0.54337,0.294852
-0.54337,0.312197
-0.54337,0.329541
-0.54337,0.346885
-0.54337,0.36423
-0.54337,0.381574
-0.54337,0.398918
-0.54337,0.416262
-0.54337,0.433607
-0.54337,0.450951
-0.54337,0.468295
-0.54337,0.485639
-0.54337,0.502984
-0.54337,0.520328
-0.54337,0.537672
-0.54337,0.555016
-0.54337,0.572361
-0.54337,0.589705
-0.54337,0.607049
-0.54337,0.624393
-0.54337,0.641738
-0.54337,0.659082
-0.54337,0.676426
-0.54337,0.69377
-0.54337,0.711115
-0.54337,0.728459
-0.54337,0.745803
-0.54337,0.763148
-0.54337,0.780492
-0.54337,0.797836
-0.54337,0.81518
-0.54337,0.832525
-0.54337,0.849869
-0.54337,0.867213
-0.54337,0.884557
-0.54337,0.901902
-0.54337,0.919246
-0.54337,0.93659
-0.54337,0.953934
-0.54337,0.971279
-0.54337,0.988623
-0.54337,1.00597
-0.54337,1.02331
-0.54337,1.04066
-0.35223,0
-0.35223,0.0170705
-0.35223,0.034141
-0.35223,0.0512115
-0.35223,0.068282
-0.35223,0.0853525
-0.35223,0.102423
-0.35223,0.119493
-0.35223,0.136564
-0.35223,0.153634
-0.35223,0.170705
-0.35223,0.187775
-0.35223,0.204846
-0.35223,0.221916
-0.35223,0.238987
-0.35223,0.256057
-0.35223,0.273128
-0.35223,0.290198
-0.35223,0.307269
-0.35223,0.324339
-0.35223,0.34141
-0.35223,0.35848
-0.35223,0.375551
-0.35223,0.392621
-0.35223,0.409692
-0.35223,0.426762
-0.35223,0.443833
-0.35223,0.460903
-0.35223,0.477974
-0.35223,0.495044
-0.35223,0.512115
-0.35223,0.529185
-0.35223,0.546256
-0.35223,0.563326
-0.35223,0.580397
-0.35223,0.597467
-0.35223,0.614538
-0.35223,0.631608
-0.35223,0.648679
-0.35223,0.665749
-0.35223,0.68282
-0.35223,0.69989
-0.35223,0.716961
-0.35223,0.734031
-0.35223,0.751102
-0.35223,0.768172
-0.35223,0.785243
-0.35223,0.802313
-0.35223,0.819384
-0.35223,0.836454
-0.35223,0.853525
-0.35223,0.870595
-0.35223,0.887666
-0.35223,0.904736
-0.35223,0.921807
-0.35223,0.938877
-0.35223,0.955948
-0.35223,0.973018
-0.35223,0.990089
-0.35223,1.00716
-0.35223,1.02423
-0.19295,0
-0.19295,0.0168426
-0.19295,0.0336852
-0.19295,0.0505279
-0.19295,0.0673705
-0.19295,0.0842131
-0.19295,0.101056
-0.19295,0.117898
-0.19295,0.134741
-0.19295,0.151584
-0.19295,0.168426
-0.19295,0.185269
-0.19295,0.202111
-0.19295,0.218954
-0.19295,0.235797
-0.19295,0.252639
-0.19295,0.269482
-0.19295,0.286325
-0.19295,0.303167
-0.19295,0.32001
-0.19295,0.336852
-0.19295,0.353695
-0.19295,0.370538
-0.19295,0.38738
-0.19295,0.404223
-0.19295,0.421066
-0.19295,0.437908
-0.19295,0.454751
-0.19295,0.471593
-0.19295,0.488436
-0.19295,0.505279
-0.19295,0.522121
-0.19295,0.538964
-0.19295,0.555807
-0.19295,0.572649
-0.19295,0.589492
-0.19295,0.606334
-0.19295,0.623177
-0.19295,0.64002
-0.19295,0.656862
-0.19295,0.673705
-0.19295,0.690548
-0.19295,0.70739
-0.19295,0.724233
-0.19295,0.741075
-0.19295,0.757918
-0.19295,0.774761
-0.19295,0.791603
-0.19295,0.808446
-0.19295,0.825289
-0.19295,0.842131
-0.19295,0.858974
-0.19295,0.875816
-0.19295,0.892659
-0.19295,0.909502
-0.19295,0.926344
-0.19295,0.943187
-0.19295,0.96003
-0.19295,0.976872
-0.19295,0.993715
-0.19295,1.01056
-0.06022,0
-0.06022,0.0166525
-0.06022,0.0333049
-0.06022,0.0499574
-0.06022,0.0666098
-0.06022,0.0832623
-0.06022,0.0999148
-0.06022,0.116567
-0.06022,0.13322
-0.06022,0.149872
-0.06022,0.166525
-0.06022,0.183177
-0.06022,0.19983
-0.06022,0.216482
-0.06022,0.233134
-0.06022,0.249787
-0.06022,0.266439
-0.06022,0.283092
-0.06022,0.299744
-0.06022,0.316397
-0.06022,0.333049
-0.06022,0.349702
-0.06022,0.366354
-0.06022,0.383007
-0.06022,0.399659
-0.06022,0.416311
-0.06022,0.432964
-0.06022,0.449616
-0.06022,0.466269
-0.06022,0.482921
-0.06022,0.499574
-0.06022,0.516226
-0.06022,0.532879
-0.06022,0.549531
-0.06022,0.566184
-0.06022,0.582836
-0.06022,0.599489
-0.06022,0.616141
-0.06022,0.632793
-0.06022,0.649446
-0.06022,0.666098
-0.06022,0.682751
-0.06022,0.699403
-0.06022,0.716056
-0.06022,0.732708
-0.06022,0.749361
-0.06022,0.766013
-0.06022,0.782666
-0.06022,0.799318
-0.06022,0.81597
-0.06022,0.832623
-0.06022,0.849275
-0.06022,0.865928
-0.06022,0.88258
-0.06022,0.899233
-0.06022,0.915885
-0.06022,0.932538
-0.06022,0.94919
-0.06022,0.965843
-0.06022,0.982495
-0.06022,0.999148
0.050391,0
0.050391,0.0164934
0.050391,0.0329869
0.050391,0.0494803
0.050391,0.0659738
0.050391,0.0824672
0.050391,0.0989607
0.050391,0.115454
0.050391,0.131948
0.050391,0.148441
0.050391,0.164934
0.050391,0.181428
0.050391,0.197921
0.050391,0.214415
0.050391,0.230908
0.050391,0.247402
0.050391,0.263895
0.050391,0.280389
0.050391,0.296882
0.050391,0.313375
0.050391,0.329869
0.050391,0.346362
0.050391,0.362856
0.050391,0.379349
0.050391,0.395843
0.050391,0.412336
0.050391,0.42883
0.050391,0.445323
0.050391,0.461816
0.050391,0.47831
0.050391,0.494803
0.050391,0.511297
0.050391,0.52779
0.050391,0.544284
0.050391,0.560777
0.050391,0.57727
0.050391,0.593764
0.050391,0.610257
0.050391,0.626751
0.050391,0.643244
0.050391,0.659738
0.050391,0.676231
0.050391,0.692725
0.050391,0.709218
0.050391,0.725711
0.050391,0.742205
0.050391,0.758698
0.050391,0.775192
0.050391,0.791685
0.050391,0.808179
0.050391,0.824672
0.050391,0.841166
0.050391,0.857659
0.050391,0.874152
0.050391,0.890646
0.050391,0.907139
0.050391,0.923633
0.050391,0.940126
0.050391,0.95662
0.050391,0.973113
0.050391,0.989607
0.15095,0
0.15095,0.0164623
0.15095,0.0329246
0.15095,0.0493869
0.15095,0.0658492
0.15095,0.0823115
0.15095,0.0987738
0.15095,0.115236
0.15095,0.131698
0.15095,0.148161
0.15095,0.164623
0.15095,0.181085
0.15095,0.197548
0.15095,0.21401
0.15095,0.230472
0.15095,0.246934
0.15095,0.263397
0.15095,0.279859
0.15095,0.296321
0.15095,0.312784
0.15095,0.329246
0.15095,0.345708
0.15095,0.36217
0.15095,0.378633
0.15095,0.395095
0.15095,0.411557
0.15095,0.42802
0.15095,0.444482
0.15095,0.460944
0.15095,0.477407
0.15095,0.493869
0.15095,0.510331
0.15095,0.526793
0.15095,0.543256
0.15095,0.559718
0.15095,0.57618
0.15095,0.592643
0.15095,0.609105
0.15095,0.625567
0.15095,0.64203
0.15095,0.658492
0.15095,0.674954
0.15095,0.691416
0.15095,0.707879
0.15095,0.724341
0.15095,0.740803
0.15095,0.757266
0.15095,0.773728
0.15095,0.79019
0.15095,0.806652
0.15095,0.823115
0.15095,0.839577
0.15095,0.856039
0.15095,0.872502
0.15095,0.888964
0.15095,0.905426
0.15095,0.921889
0.15095,0.938351
0.15095,0.954813
0.15095,0.971275
0.15095,0.987738
0.25139,0
0.25139,0.0165738
0.25139,0.0331475
0.25139,0.0497213
0.25139,0.0662951
0.25139,0.0828689
0.25139,0.0994426
0.25139,0.116016
0.25139,0.13259
0.25139,0.149164
0.25139,0.165738
0.25139,0.182311
0.25139,0.198885
0.25139,0.215459
0.25139,0.232033
0.25139,0.248607
0.25139,0.26518
0.25139,0.281754
0.25139,0.298328
0.25139,0.314902
0.25139,0.331475
0.25139,0.348049
0.25139,0.364623
0.25139,0.381197
0.25139,0.39777
0.25139,0.414344
0.25139,0.430918
0.25139,0.447492
0.25139,0.464066
0.25139,0.480639
0.25139,0.497213
0.25139,0.513787
0.25139,0.530361
0.25139,0.546934
0.25139,0.563508
0.25139,0.580082
0.25139,0.596656
0.25139,0.61323
0.25139,0.629803
0.25139,0.646377
0.25139,0.662951
0.25139,0.679525
0.25139,0.696098
0.25139,0.712672
0.25139,0.729246
0.25139,0.74582
0.25139,0.762393
0.25139,0.778967
0.25139,0.795541
0.25139,0.812115
0.25139,0.828689
0.25139,0.845262
0.25139,0.861836
0.25139,0.87841
0.25139,0.894984
0.25139,0.911557
0.25139,0.928131
0.25139,0.944705
0.25139,0.961279
0.25139,0.977852
0.25139,0.994426
0.35155,0
0.35155,0.0167393
0.35155,0.0334787
0.35155,0.050218
0.35155,0.0669574
0.35155,0.0836967
0.35155,0.100436
0.35155,0.117175
0.35155,0.133915
0.35155,0.150654
0.35155,0.167393
0.35155,0.184133
0.35155,0.200872
0.35155,0.217611
0.35155,0.234351
0.35155,0.25109
0.35155,0.26783
0.35155,0.284569
0.35155,0.301308
0.35155,0.318048
0.35155,0.334787
0.35155,0.351526
0.35155,0.368266
0.35155,0.385005
0.35155,0.401744
0.35155,0.418484
0.35155,0.435223
0.35155,0.451962
0.35155,0.468702
0.35155,0.485441
0.35155,0.50218
0.35155,0.51892
0.35155,0.535659
0.35155,0.552398
0.35155,0.569138
0.35155,0.585877
0.35155,0.602616
0.35155,0.619356
0.35155,0.636095
0.35155,0.652834
0.35155,0.669574
0.35155,0.686313
0.35155,0.703052
0.35155,0.719792
0.35155,0.736531
0.35155,0.75327
0.35155,0.77001
0.35155,0.786749
0.35155,0.803489
0.35155,0.820228
0.35155,0.836967
0.35155,0.853707
0.35155,0.870446
0.35155,0.887185
0.35155,0.903925
0.35155,0.920664
0.35155,0.937403
0.35155,0.954143
0.35155,0.970882
0.35155,0.987621
0.35155,1.00436
0.45131,0
0.45131,0.0169607
0.45131,0.0339213
0.45131,0.050882
0.45131,0.0678426
0.45131,0.0848033
0.45131,0.101764
0.45131,0.118725
0.45131,0.135685
0.45131,0.152646
0.45131,0.169607
0.45131,0.186567
0.45131,0.203528
0.45131,0.220489
0.45131,0.237449
0.45131,0.25441
0.45131,0.27137
0.45131,0.288331
0.45131,0.305292
0.45131,0.322252
0.45131,0.339213
0.45131,0.356174
0.45131,0.373134
0.45131,0.390095
0.45131,0.407056
0.45131,0.424016
0.45131,0.440977
0.45131,0.457938
0.45131,0.474898
0.45131,0.491859
0.45131,0.50882
0.45131,0.52578
0.45131,0.542741
0.45131,0.559702
0.45131,0.576662
0.45131,0.593623
0.45131,0.610584
0.45131,0.627544
0.45131,0.644505
0.45131,0.661466
0.45131,0.678426
0.45131,0.695387
0.45131,0.712348
0.45131,0.729308
0.45131,0.746269
0.45131,0.76323
0.45131,0.78019
0.45131,0.797151
0.45131,0.814111
0.45131,0.831072
0.45131,0.848033
0.45131,0.864993
0.45131,0.881954
0.45131,0.898915
0.45131,0.915875
0.45131,0.932836
0.45131,0.949797
0.45131,0.966757
0.45131,0.983718
0.45131,1.00068
0.45131,1.01764
0.55057,0
0.55057,0.0172361
0.55057,0.0344721
0.55057,0.0517082
0.55057,0.0689443
0.55057,0.0861803
0.55057,0.103416
0.55057,0.120652
0.55057,0.137889
0.55057,0.155125
0.55057,0.172361
0.55057,0.189597
0.55057,0.206833
0.55057,0.224069
0.55057,0.241305
0.55057,0.258541
0.55057,0.275777
0.55057,0.293013
0.55057,0.310249
0.55057,0.327485
0.55057,0.344721
0.55057,0.361957
0.55057,0.379193
0.55057,0.39643
0.55057,0.413666
0.55057,0.430902
0.55057,0.448138
0.55057,0.465374
0.55057,0.48261
0.55057,0.499846
0.55057,0.517082
0.55057,0.534318
0.55057,0.551554
0.55057,0.56879
0.55057,0.586026
0.55057,0.603262
0.55057,0.620498
0.55057,0.637734
0.55057,0.65497
0.55057,0.672207
0.55057,0.689443
0.55057,0.706679
0.55057,0.723915
0.55057,0.741151
0.55057,0.758387
0.55057,0.775623
0.55057,0.792859
0.55057,0.810095
0.55057,0.827331
0.55057,0.844567
0.55057,0.861803
0.55057,0.879039
0.55057,0.896275
0.55057,0.913511
0.55057,0.930748
0.55057,0.947984
0.55057,0.96522
0.55057,0.982456
0.55057,0.999692
0.55057,1.01693
0.55057,1.03416
0.6492,0
0.6492,0.0175656
0.6492,0.0351311
0.6492,0.0526967
0.6492,0.0702623
0.6492,0.0878279
0.6492,0.105393
0.6492,0.122959
0.6492,0.140525
0.6492,0.15809
0.6492,0.175656
0.6492,0.193221
0.6492,0.210787
0.6492,0.228352
0.6492,0.245918
0.6492,0.263484
0.6492,0.281049
0.6492,0.298615
0.6492,0.31618
0.6492,0.333746
0.6492,0.351311
0.6492,0.368877
0.6492,0.386443
0.6492,0.404008
0.6492,0.421574
0.6492,0.439139
0.6492,0.456705
0.6492,0.47427
0.6492,0.491836
0.6492,0.509402
0.6492,0.526967
0.6492,0.544533
0.6492,0.562098
0.6492,0.579664
0.6492,0.59723
0.6492,0.614795
0.6492,0.632361
0.6492,0.649926
0.6492,0.667492
0.6492,0.685057
0.6492,0.702623
0.6492,0.720189
0.6492,0.737754
0.6492,0.75532
0.6492,0.772885
0.6492,0.790451
0.6492,0.808016
0.6492,0.825582
0.6492,0.843148
0.6492,0.860713
0.6492,0.878279
0.6492,0.895844
0.6492,0.91341
0.6492,0.930975
0.6492,0.948541
0.6492,0.966107
0.6492,0.983672
0.6492,1.00124
0.6492,1.0188
0.6492,1.03637
0.6492,1.05393
0.74711,0
0.74711,0.0179508
0.74711,0.0359016
0.74711,0.0538525
0.74711,0.0718033
0.74711,0.0897541
0.74711,0.107705
0.74711,0.125656
0.74711,0.143607
0.74711,0.161557
0.74711,0.179508
0.74711,0.197459
0.74711,0.21541
0.74711,0.233361
0.74711,0.251311
0.74711,0.269262
0.74711,0.287213
0.74711,0.305164
0.74711,0.323115
0.74711,0.341066
0.74711,0.359016
0.74711,0.376967
0.74711,0.394918
0.74711,0.412869
0.74711,0.43082
0.74711,0.44877
0.74711,0.466721
0.74711,0.484672
0.74711,0.502623
0.74711,0.520574
0.74711,0.538525
0.74711,0.556475
0.74711,0.574426
0.74711,0.592377
0.74711,0.610328
0.74711,0.628279
0.74711,0.64623
0.74711,0.66418
0.74711,0.682131
0.74711,0.700082
0.74711,0.718033
0.74711,0.735984
0.74711,0.753934
0.74711,0.771885
0.74711,0.789836
0.74711,0.807787
0.74711,0.825738
0.74711,0.843689
0.74711,0.861639
0.74711,0.87959
0.74711,0.897541
0.74711,0.915492
0.74711,0.933443
0.74711,0.951393
0.74711,0.969344
0.74711,0.987295
0.74711,1.00525
0.74711,1.0232
0.74711,1.04115
0.74711,1.0591
0.74711,1.07705
0.84417,0
0.84417,0.0183885
0.84417,0.036777
0.84417,0.0551656
0.84417,0.0735541
0.84417,0.0919426
0.84417,0.110331
0.84417,0.12872
0.84417,0.147108
0.84417,0.165497
0.84417,0.183885
0.84417,0.202274
0.84417,0.220662
0.84417,0.239051
0.84417,0.257439
0.84417,0.275828
0.84417,0.294216
0.84417,0.312605
0.84417,0.330993
0.84417,0.349382
0.84417,0.36777
0.84417,0.386159
0.84417,0.404548
0.84417,0.422936
0.84417,0.441325
0.84417,0.459713
0.84417,0.478102
0.84417,0.49649
0.84417,0.514879
0.84417,0.533267
0.84417,0.551656
0.84417,0.570044
0.84417,0.588433
0.84417,0.606821
0.84417,0.62521
0.84417,0.643598
0.84417,0.661987
0.84417,0.680375
0.84417,0.698764
0.84417,0.717152
0.84417,0.735541
0.84417,0.75393
0.84417,0.772318
0.84417,0.790707
0.84417,0.809095
0.84417,0.827484
0.84417,0.845872
0.84417,0.864261
0.84417,0.882649
0.84417,0.901038
0.84417,0.919426
0.84417,0.937815
0.84417,0.956203
0.84417,0.974592
0.84417,0.99298
0.84417,1.01137
0.84417,1.02976
0.84417,1.04815
0.84417,1.06653
0.84417,1.08492
0.84417,1.10331
0.94028,0
0.94028,0.0188787
0.94028,0.0377574
0.94028,0.0566361
0.94028,0.0755148
0.94028,0.0943934
0.94028,0.113272
0.94028,0.132151
0.94028,0.15103
0.94028,0.169908
0.94028,0.188787
0.94028,0.207666
0.94028,0.226544
0.94028,0.245423
0.94028,0.264302
0.94028,0.28318
0.94028,0.302059
0.94028,0.320938
0.94028,0.339816
0.94028,0.358695
0.94028,0.377574
0.94028,0.396452
0.94028,0.415331
0.94028,0.43421
0.94028,0.453089
0.94028,0.471967
0.94028,0.490846
0.94028,0.509725
0.94028,0.528603
0.94028,0.547482
0.94028,0.566361
0.94028,0.585239
0.94028,0.604118
0.94028,0.622997
0.94028,0.641875
0.94028,0.660754
0.94028,0.679633
0.94028,0.698511
0.94028,0.71739
0.94028,0.736269
0.94028,0.755148
0.94028,0.774026
0.94028,0.792905
0.94028,0.811784
0.94028,0.830662
0.94028,0.849541
0.94028,0.86842
0.94028,0.887298
0.94028,0.906177
0.94028,0.925056
0.94028,0.943934
0.94028,0.962813
0.94028,0.981692
0.94028,1.00057
0.94028,1.01945
0.94028,1.03833
0.94028,1.05721
0.94028,1.07609
0.94028,1.09496
0.94028,1.11384
0.94028,1.13272
1.0353,0
1.0353,0.019423
1.0353,0.0388459
1.0353,0.0582689
1.0353,0.0776918
1.0353,0.0971148
1.0353,0.116538
1.0353,0.135961
1.0353,0.155384
1.0353,0.174807
1.0353,0.19423
1.0353,0.213652
1.0353,0.233075
1.0353,0.252498
1.0353,0.271921
1.0353,0.291344
1.0353,0.310767
1.0353,0.33019
1.0353,0.349613
1.0353,0.369036
1.0353,0.388459
1.0353,0.407882
1.0353,0.427305
1.0353,0.446728
1.0353,0.466151
1.0353,0.485574
1.0353,0.504997
1.0353,0.52442
1.0353,0.543843
1.0353,0.563266
1.0353,0.582689
1.0353,0.602111
1.0353,0.621534
1.0353,0.640957
1.0353,0.66038
1.0353,0.679803
1.0353,0.699226
1.0353,0.718649
1.0353,0.738072
1.0353,0.757495
1.0353,0.776918
1.0353,0.796341
1.0353,0.815764
1.0353,0.835187
1.0353,0.85461
1.0353,0.874033
1.0353,0.893456
1.0353,0.912879
1.0353,0.932302
1.0353,0.951725
1.0353,0.971148
1.0353,0.99057
1.0353,1.00999
1.0353,1.02942
1.0353,1.04884
1.0353,1.06826
1.0353,1.08769
1.0353,1.10711
1.0353,1.12653
1.0353,1.14595
1.0353,1.16538
1.1292,0
1.1292,0.020018
1.1292,0.0400361
1.1292,0.0600541
1.1292,0.0800721
1.1292,0.10009
1.1292,0.120108
1.1292,0.140126
1.1292,0.160144
1.1292,0.180162
1.1292,0.20018
1.1292,0.220198
1.1292,0.240216
1.1292,0.260234
1.1292,0.280252
1.1292,0.30027
1.1292,0.320289
1.1292,0.340307
1.1292,0.360325
1.1292,0.380343
1.1292,0.400361
1.1292,0.420379
1.1292,0.440397
1.1292,0.460415
1.1292,0.480433
1.1292,0.500451
1.1292,0.520469
1.1292,0.540487
1.1292,0.560505
1.1292,0.580523
1.1292,0.600541
1.1292,0.620559
1.1292,0.640577
1.1292,0.660595
1.1292,0.680613
1.1292,0.700631
1.1292,0.720649
1.1292,0.740667
1.1292,0.760685
1.1292,0.780703
1.1292,0.800721
1.1292,0.820739
1.1292,0.840757
1.1292,0.860775
1.1292,0.880793
1.1292,0.900811
1.1292,0.92083
1.1292,0.940848
1.1292,0.960866
1.1292,0.980884
1.1292,1.0009
1.1292,1.02092
1.1292,1.04094
1.1292,1.06096
1.1292,1.08097
1.1292,1.10099
1.1292,1.12101
1.1292,1.14103
1.1292,1.16105
1.1292,1.18106
1.1292,1.20108
1.2218,0
1.2218,0.0206656
1.2218,0.0413311
1.2218,0.0619967
1.2218,0.0826623
1.2218,0.103328
1.2218,0.123993
1.2218,0.144659
1.2218,0.165325
1.2218,0.18599
1.2218,0.206656
1.2218,0.227321
1.2218,0.247987
1.2218,0.268652
1.2218,0.289318
1.2218,0.309984
1.2218,0.330649
1.2218,0.351315
1.2218,0.37198
1.2218,0.392646
1.2218,0.413311
1.2218,0.433977
1.2218,0.454643
1.2218,0.475308
1.2218,0.495974
1.2218,0.516639
1.2218,0.537305
1.2218,0.55797
1.2218,0.578636
1.2218,0.599302
1.2218,0.619967
1.2218,0.640633
1.2218,0.661298
1.2218,0.681964
1.2218,0.70263
1.2218,0.723295
1.2218,0.743961
1.2218,0.764626
1.2218,0.785292
1.2218,0.805957
1.2218,0.826623
1.2218,0.847289
1.2218,0.867954
1.2218,0.88862
1.2218,0.909285
1.2218,0.929951
1.2218,0.950616
1.2218,0.971282
1.2218,0.991948
1.2218,1.01261
1.2218,1.03328
1.2218,1.05394
1.2218,1.07461
1.2218,1.09528
1.2218,1.11594
1.2218,1.13661
1.2218,1.15727
1.2218,1.17794
1.2218,1.1986
1.2218,1.21927
1.2218,1.23993
1.3131,0
1.3131,0.0213623
1.3131,0.0427246
1.3131,0.0640869
1.3131,0.0854492
1.3131,0.106811
1.3131,0.128174
1.3131,0.149536
1.3131,0.170898
1.3131,0.192261
1.3131,0.213623
1.3131,0.234985
1.3131,0.256348
1.3131,0.27771
1.3131,0.299072
1.3131,0.320434
1.3131,0.341797
1.3131,0.363159
1.3131,0.384521
1.3131,0.405884
1.3131,0.427246
1.3131,0.448608
1.3131,0.46997
1.3131,0.491333
1.3131,0.512695
1.3131,0.534057
1.3131,0.55542
1.3131,0.576782
1.3131,0.598144
1.3131,0.619507
1.3131,0.640869
1.3131,0.662231
1.3131,0.683593
1.3131,0.704956
1.3131,0.726318
1.3131,0.74768
1.3131,0.769043
1.3131,0.790405
1.3131,0.811767
1.3131,0.83313
1.3131,0.854492
1.3131,0.875854
1.3131,0.897216
1.3131,0.918579
1.3131,0.939941
1.3131,0.961303
1.3131,0.982666
1.3131,1.00403
1.3131,1.02539
1.3131,1.04675
1.3131,1.06811
1.3131,1.08948
1.3131,1.11084
1.3131,1.1322
1.3131,1.15356
1.3131,1.17493
1.3131,1.19629
1.3131,1.21765
1.3131,1.23901
1.3131,1.26038
1.3131,1.28174
1.4028,0
1.4028,0.0221098
1.4028,0.0442197
1.4028,0.0663295
1.4028,0.0884393
1.4028,0.110549
1.4028,0.132659
1.4028,0.154769
1.4028,0.176879
1.4028,0.198989
1.4028,0.221098
1.4028,0.243208
1.4028,0.265318
1.4028,0.287428
1.4028,0.309538
1.4028,0.331648
1.4028,0.353757
1.4028,0.375867
1.4028,0.397977
1.4028,0.420087
1.4028,0.442197
1.4028,0.464307
1.4028,0.486416
1.4028,0.508526
1.4028,0.530636
1.4028,0.552746
1.4028,0.574856
1.4028,0.596966
1.4028,0.619075
1.4028,0.641185
1.4028,0.663295
1.4028,0.685405
1.4028,0.707515
1.4028,0.729625
1.4028,0.751734
1.4028,0.773844
1.4028,0.795954
1.4028,0.818064
1.4028,0.840174
1.4028,0.862284
1.4028,0.884393
1.4028,0.906503
1.4028,0.928613
1.4028,0.950723
1.4028,0.972833
1.4028,0.994943
1.4028,1.01705
1.4028,1.03916
1.4028,1.06127
1.4028,1.08338
1.4028,1.10549
1.4028,1.1276
1.4028,1.14971
1.4028,1.17182
1.4028,1.19393
1.4028,1.21604
1.4028,1.23815
1.4028,1.26026
1.4028,1.28237
1.4028,1.30448
1.4028,1.32659
1.491,0
1.491,0.0229049
1.491,0.0458098
1.491,0.0687148
1.491,0.0916197
1.491,0.114525
1.491,0.13743
1.491,0.160334
1.491,0.183239
1.491,0.206144
1.491,0.229049
1.491,0.251954
1.491,0.274859
1.491,0.297764
1.491,0.320669
1.491,0.343574
1.491,0.366479
1.491,0.389384
1.491,0.412289
1.491,0.435193
1.491,0.458098
1.491,0.481003
1.491,0.503908
1.491,0.526813
1.491,0.549718
1.491,0.572623
1.491,0.595528
1.491,0.618433
1.491,0.641338
1.491,0.664243
1.491,0.687148
1.491,0.710052
1.491,0.732957
1.491,0.755862
1.491,0.778767
1.491,0.801672
1.491,0.824577
1.491,0.847482
1.491,0.870387
1.491,0.893292
1.491,0.916197
1.491,0.939102
1.491,0.962007
1.491,0.984911
1.491,1.00782
1.491,1.03072
1.491,1.05363
1.491,1.07653
1.491,1.09944
1.491,1.12234
1.491,1.14525
1.491,1.16815
1.491,1.19106
1.491,1.21396
1.491,1.23687
1.491,1.25977
1.491,1.28268
1.491,1.30558
1.491,1.32849
1.491,1.35139
1.491,1.3743
1.5775,0
1.5775,0.0237492
1.5775,0.0474984
1.5775,0.0712475
1.5775,0.0949967
1.5775,0.118746
1.5775,0.142495
1.5775,0.166244
1.5775,0.189993
1.5775,0.213743
1.5775,0.237492
1.5775,0.261241
1.5775,0.28499
1.5775,0.308739
1.5775,0.332489
1.5775,0.356238
1.5775,0.379987
1.5775,0.403736
1.5775,0.427485
1.5775,0.451234
1.5775,0.474984
1.5775,0.498733
1.5775,0.522482
1.5775,0.546231
1.5775,0.56998
1.5775,0.59373
1.5775,0.617479
1.5775,0.641228
1.5775,0.664977
1.5775,0.688726
1.5775,0.712475
1.5775,0.736225
1.5775,0.759974
1.5775,0.783723
1.5775,0.807472
1.5775,0.831221
1.5775,0.85497
1.5775,0.87872
1.5775,0.902469
1.5775,0.926218
1.5775,0.949967
1.5775,0.973716
1.5775,0.997466
1.5775,1.02121
1.5775,1.04496
1.5775,1.06871
1.5775,1.09246
1.5775,1.11621
1.5775,1.13996
1.5775,1.16371
1.5775,1.18746
1.5775,1.21121
1.5775,1.23496
1.5775,1.25871
1.5775,1.28246
1.5775,1.3062
1.5775,1.32995
1.5775,1.3537
1.5775,1.37745
1.5775,1.4012
1.5775,1.42495
1.6622,0
1.6622,0.024641
1.6622,0.049282
1.6622,0.073923
1.6622,0.0985639
1.6622,0.123205
1.6622,0.147846
1.6622,0.172487
1.6622,0.197128
1.6622,0.221769
1.6622,0.24641
1.6622,0.271051
1.6622,0.295692
1.6622,0.320333
1.6622,0.344974
1.6622,0.369615
1.6622,0.394256
1.6622,0.418897
1.6622,0.443538
1.6622,0.468179
1.6622,0.49282
1.6622,0.517461
1.6622,0.542102
1.6622,0.566743
1.6622,0.591384
1.6622,0.616025
1.6622,0.640666
1.6622,0.665307
1.6622,0.689948
1.6622,0.714589
1.6622,0.73923
1.6622,0.76387
1.6622,0.788511
1.6622,0.813152
1.6622,0.837793
1.6622,0.862434
1.6622,0.887075
1.6622,0.911716
1.6622,0.936357
1.6622,0.960998
1.6622,0.985639
1.6622,1.01028
1.6622,1.03492
1.6622,1.05956
1.6622,1.0842
1.6622,1.10884
1.6622,1.13349
1.6622,1.15813
1.6622,1.18277
1.6622,1.20741
1.6622,1.23205
1.6622,1.25669
1.6622,1.28133
1.6622,1.30597
1.6622,1.33061
1.6622,1.35525
1.6622,1.3799
1.6622,1.40454
1.6622,1.42918
1.6622,1.45382
1.6622,1.47846
1.7451,0
1.7451,0.0255787
1.7451,0.0511574
1.7451,0.0767361
1.7451,0.102315
1.7451,0.127893
1.7451,0.153472
1.7451,0.179051
1.7451,0.20463
1.7451,0.230208
1.7451,0.255787
1.7451,0.281366
1.7451,0.306944
1.7451,0.332523
1.7451,0.358102
1.7451,0.38368
1.7451,0.409259
1.7451,0.434838
1.7451,0.460416
1.7451,0.485995
1.7451,0.511574
1.7451,0.537152
1.7451,0.562731
1.7451,0.58831
1.7451,0.613889
1.7451,0.639467
1.7451,0.665046
1.7451,0.690625
1.7451,0.716203
1.7451,0.741782
1.7451,0.767361
1.7451,0.792939
1.7451,0.818518
1.7451,0.844097
1.7451,0.869675
1.7451,0.895254
1.7451,0.920833
1.7451,0.946411
1.7451,0.97199
1.7451,0.997569
1.7451,1.02315
1.7451,1.04873
1.7451,1.0743
1.7451,1.09988
1.7451,1.12546
1.7451,1.15104
1.7451,1.17662
1.7451,1.2022
1.7451,1.22778
1.7451,1.25336
1.7451,1.27893
1.7451,1.30451
1.7451,1.33009
1.7451,1.35567
1.7451,1.38125
1.7451,1.40683
1.7451,1.43241
1.7451,1.45799
1.7451,1.48356
1.7451,1.50914
1.7451,1.53472
1.826,0
1.826,0.0265607
1.826,0.0531213
1.826,0.079682
1.826,0.106243
1.826,0.132803
1.826,0.159364
1.826,0.185925
1.826,0.212485
1.826,0.239046
1.826,0.265607
1.826,0.292167
1.826,0.318728
1.826,0.345289
1.826,0.371849
1.826,0.39841
1.826,0.42497
1.826,0.451531
1.826,0.478092
1.826,0.504652
1.826,0.531213
1.826,0.557774
1.826,0.584334
1.826,0.610895
1.826,0.637456
1.826,0.664016
1.826,0.690577
1.826,0.717138
1.826,0.743698
1.826,0.770259
1.826,0.79682
1.826,0.82338
1.826,0.849941
1.826,0.876502
1.826,0.903062
1.826,0.929623
1.826,0.956184
1.826,0.982744
1.826,1.0093
1.826,1.03587
1.826,1.06243
1.826,1.08899
1.826,1.11555
1.826,1.14211
1.826,1.16867
1.826,1.19523
1.826,1.22179
1.826,1.24835
1.826,1.27491
1.826,1.30147
1.826,1.32803
1.826,1.35459
1.826,1.38115
1.826,1.40771
1.826,1.43428
1.826,1.46084
1.826,1.4874
1.826,1.51396
1.826,1.54052
1.826,1.56708
1.826,1.59364
2.4368,0
2.4368,0.033577
2.4368,0.0671541
2.4368,0.100731
2.4368,0.134308
2.4368,0.167885
2.4368,0.201462
2.4368,0.235039
2.4368,0.268616
2.4368,0.302193
2.4368,0.33577
2.4368,0.369348
2.4368,0.402925
2.4368,0.436502
2.4368,0.470079
2.4368,0.503656
2.4368,0.537233
2.4368,0.57081
2.4368,0.604387
2.4368,0.637964
2.4368,0.671541
2.4368,0.705118
2.4368,0.738695
2.4368,0.772272
2.4368,0.805849
2.4368,0.839426
2.4368,0.873003
2.4368,0.90658
2.4368,0.940157
2.4368,0.973734
2.4368,1.00731
2.4368,1.04089
2.4368,1.07447
2.4368,1.10804
2.4368,1.14162
2.4368,1.1752
2.4368,1.20877
2.4368,1.24235
2.4368,1.27593
2.4368,1.3095
2.4368,1.34308
2.4368,1.37666
2.4368,1.41024
2.4368,1.44381
2.4368,1.47739
2.4368,1.51097
2.4368,1.54454
2.4368,1.57812
2.4368,1.6117
2.4368,1.64528
2.4368,1.67885
2.4368,1.71243
2.4368,1.74601
2.4368,1.77958
2.4368,1.81316
2.4368,1.84674
2.4368,1.88031
2.4368,1.91389
2.4368,1.94747
2.4368,1.98105
2.4368,2.01462
4.1486,0
4.1486,0.0520721
4.1486,0.104144
4.1486,0.156216
4.1486,0.208289
4.1486,0.260361
4.1486,0.312433
4.1486,0.364505
4.1486,0.416577
4.1486,0.468649
4.1486,0.520721
4.1486,0.572793
4.1486,0.624866
4.1486,0.676938
4.1486,0.72901
4.1486,0.781082
4.1486,0.833154
4.1486,0.885226
4.1486,0.937298
4.1486,0.98937
4.1486,1.04144
4.1486,1.09351
4.1486,1.14559
4.1486,1.19766
4.1486,1.24973
4.1486,1.3018
4.1486,1.35388
4.1486,1.40595
4.1486,1.45802
4.1486,1.51009
4.1486,1.56216
4.1486,1.61424
4.1486,1.66631
4.1486,1.71838
4.1486,1.77045
4.1486,1.82252
4.1486,1.8746
4.1486,1.92667
4.1486,1.97874
4.1486,2.03081
4.1486,2.08289
4.1486,2.13496
4.1486,2.18703
4.1486,2.2391
4.1486,2.29117
4.1486,2.34325
4.1486,2.39532
4.1486,2.44739
4.1486,2.49946
4.1486,2.55153
4.1486,2.60361
4.1486,2.65568
4.1486,2.70775
4.1486,2.75982
4.1486,2.8119
4.1486,2.86397
4.1486,2.91604
4.1486,2.96811
4.1486,3.02018
4.1486,3.07226
4.1486,3.12433
5.9891,0
5.9891,0.0706246
5.9891,0.141249
5.9891,0.211874
5.9891,0.282498
5.9891,0.353123
5.9891,0.423748
5.9891,0.494372
5.9891,0.564997
5.9891,0.635621
5.9891,0.706246
5.9891,0.77687
5.9891,0.847495
5.9891,0.91812
5.9891,0.988744
5.9891,1.05937
5.9891,1.12999
5.9891,1.20062
5.9891,1.27124
5.9891,1.34187
5.9891,1.41249
5.9891,1.48312
5.9891,1.55374
5.9891,1.62437
5.9891,1.69499
5.9891,1.76561
5.9891,1.83624
5.9891,1.90686
5.9891,1.97749
5.9891,2.04811
5.9891,2.11874
5.9891,2.18936
5.9891,2.25999
5.9891,2.33061
5.9891,2.40124
5.9891,2.47186
5.9891,2.54249
5.9891,2.61311
5.9891,2.68373
5.9891,2.75436
5.9891,2.82498
5.9891,2.89561
5.9891,2.96623
5.9891,3.03686
5.9891,3.10748
5.9891,3.17811
5.9891,3.24873
5.9891,3.31936
5.9891,3.38998
5.9891,3.4606
5.9891,3.53123
5.9891,3.60185
5.9891,3.67248
5.9891,3.7431
5.9891,3.81373
5.9891,3.88435
5.9891,3.95498
5.9891,4.0256
5.9891,4.09623
5.9891,4.16685
5.9891,4.23748
7.5132,0
7.5132,0.0843475
7.5132,0.168695
7.5132,0.253043
7.5132,0.33739
7.5132,0.421738
7.5132,0.506085
7.5132,0.590433
7.5132,0.67478
7.5132,0.759128
7.5132,0.843475
7.5132,0.927823
7.5132,1.01217
7.5132,1.09652
7.5132,1.18087
7.5132,1.26521
7.5132,1.34956
7.5132,1.43391
7.5132,1.51826
7.5132,1.6026
7.5132,1.68695
7.5132,1.7713
7.5132,1.85565
7.5132,1.93999
7.5132,2.02434
7.5132,2.10869
7.5132,2.19304
7.5132,2.27738
7.5132,2.36173
7.5132,2.44608
7.5132,2.53043
7.5132,2.61477
7.5132,2.69912
7.5132,2.78347
7.5132,2.86782
7.5132,2.95216
7.5132,3.03651
7.5132,3.12086
7.5132,3.20521
7.5132,3.28955
7.5132,3.3739
7.5132,3.45825
7.5132,3.5426
7.5132,3.62694
7.5132,3.71129
7.5132,3.79564
7.5132,3.87999
7.5132,3.96433
7.5132,4.04868
7.5132,4.13303
7.5132,4.21738
7.5132,4.30172
7.5132,4.38607
7.5132,4.47042
7.5132,4.55477
7.5132,4.63911
7.5132,4.72346
7.5132,4.80781
7.5132,4.89216
7.5132,4.9765
7.5132,5.06085
9.3196,0
9.3196,0.0993361
9.3196,0.198672
9.3196,0.298008
9.3196,0.397344
9.3196,0.49668
9.3196,0.596016
9.3196,0.695352
9.3196,0.794689
9.3196,0.894025
9.3196,0.993361
9.3196,1.0927
9.3196,1.19203
9.3196,1.29137
9.3196,1.3907
9.3196,1.49004
9.3196,1.58938
9.3196,1.68871
9.3196,1.78805
9.3196,1.88739
9.3196,1.98672
9.3196,2.08606
9.3196,2.18539
9.3196,2.28473
9.3196,2.38407
9.3196,2.4834
9.3196,2.58274
9.3196,2.68207
9.3196,2.78141
9.3196,2.88075
9.3196,2.98008
9.3196,3.07942
9.3196,3.17875
9.3196,3.27809
9.3196,3.37743
9.3196,3.47676
9.3196,3.5761
9.3196,3.67543
9.3196,3.77477
9.3196,3.87411
9.3196,3.97344
9.3196,4.07278
9.3196,4.17211
9.3196,4.27145
9.3196,4.37079
9.3196,4.47012
9.3196,4.56946
9.3196,4.6688
9.3196,4.76813
9.3196,4.86747
9.3196,4.9668
9.3196,5.06614
9.3196,5.16548
9.3196,5.26481
9.3196,5.36415
9.3196,5.46348
9.3196,5.56282
9.3196,5.66216
9.3196,5.76149
9.3196,5.86083
9.3196,5.96016
11.48,0
11.48,0.115787
11.48,0.231574
11.48,0.347361
11.48,0.463148
11.48,0.578934
11.48,0.694721
11.48,0.810508
11.48,0.926295
11.48,1.04208
11.48,1.15787
11.48,1.27366
11.48,1.38944
11.48,1.50523
11.48,1.62102
11.48,1.7368
11.48,1.85259
11.48,1.96838
11.48,2.08416
11.48,2.19995
11.48,2.31574
11.48,2.43152
11.48,2.54731
11.48,2.6631
11.48,2.77889
11.48,2.89467
11.48,3.01046
11.48,3.12625
11.48,3.24203
11.48,3.35782
11.48,3.47361
11.48,3.58939
11.48,3.70518
11.48,3.82097
11.48,3.93675
11.48,4.05254
11.48,4.16833
11.48,4.28411
11.48,4.3999
11.48,4.51569
11.48,4.63148
11.48,4.74726
11.48,4.86305
11.48,4.97884
11.48,5.09462
11.48,5.21041
11.48,5.3262
11.48,5.44198
11.48,5.55777
11.48,5.67356
11.48,5.78934
11.48,5.90513
11.48,6.02092
11.48,6.1367
11.48,6.25249
11.48,6.36828
11.48,6.48407
11.48,6.59985
11.48,6.71564
11.48,6.83143
11.48,6.94721
14.079,0
14.079,0.133872
14.079,0.267744
14.079,0.401616
14.079,0.535489
14.079,0.669361
14.079,0.803233
14.079,0.937105
14.079,1.07098
14.079,1.20485
14.079,1.33872
14.079,1.47259
14.079,1.60647
14.079,1.74034
14.079,1.87421
14.079,2.00808
14.079,2.14195
14.079,2.27583
14.079,2.4097
14.079,2.54357
14.079,2.67744
14.079,2.81131
14.079,2.94519
14.079,3.07906
14.079,3.21293
14.079,3.3468
14.079,3.48068
14.079,3.61455
14.079,3.74842
14.079,3.88229
14.079,4.01616
14.079,4.15004
14.079,4.28391
14.079,4.41778
14.079,4.55165
14.079,4.68552
14.079,4.8194
14.079,4.95327
14.079,5.08714
14.079,5.22101
14.079,5.35489
14.079,5.48876
14.079,5.62263
14.079,5.7565
14.079,5.89037
14.079,6.02425
14.079,6.15812
14.079,6.29199
14.079,6.42586
14.079,6.55973
14.079,6.69361
14.079,6.82748
14.079,6.96135
14.079,7.09522
14.079,7.2291
14.079,7.36297
14.079,7.49684
14.079,7.63071
14.079,7.76458
14.079,7.89846
14.079,8.03233
17.226,0
17.226,0.153744
17.226,0.307489
17.226,0.461233
17.226,0.614977
17.226,0.768721
17.226,0.922466
17.226,1.07621
17.226,1.22995
17.226,1.3837
17.226,1.53744
17.226,1.69119
17.226,1.84493
17.226,1.99868
17.226,2.15242
17.226,2.30616
17.226,2.45991
17.226,2.61365
17.226,2.7674
17.226,2.92114
17.226,3.07489
17.226,3.22863
17.226,3.38237
17.226,3.53612
17.226,3.68986
17.226,3.84361
17.226,3.99735
17.226,4.1511
17.226,4.30484
17.226,4.45858
17.226,4.61233
17.226,4.76607
17.226,4.91982
17.226,5.07356
17.226,5.2273
17.226,5.38105
17.226,5.53479
17.226,5.68854
17.226,5.84228
17.226,5.99603
17.226,6.14977
17.226,6.30351
17.226,6.45726
17.226,6.611
17.226,6.76475
17.226,6.91849
17.226,7.07224
17.226,7.22598
17.226,7.37972
17.226,7.53347
17.226,7.68721
17.226,7.84096
17.226,7.9947
17.226,8.14845
17.226,8.30219
17.226,8.45593
17.226,8.60968
17.226,8.76342
17.226,8.91717
17.226,9.07091
17.226,9.22466
21.055,0
21.055,0.175525
21.055,0.351049
21.055,0.526574
21.055,0.702098
21.055,0.877623
21.055,1.05315
21.055,1.22867
21.055,1.4042
21.055,1.57972
21.055,1.75525
21.055,1.93077
21.055,2.1063
21.055,2.28182
21.055,2.45734
21.055,2.63287
21.055,2.80839
21.055,2.98392
21.055,3.15944
21.055,3.33497
21.055,3.51049
21.055,3.68602
21.055,3.86154
21.055,4.03707
21.055,4.21259
21.055,4.38811
21.055,4.56364
21.055,4.73916
21.055,4.91469
21.055,5.09021
21.055,5.26574
21.055,5.44126
21.055,5.61679
21.055,5.79231
21.055,5.96784
21.055,6.14336
21.055,6.31889
21.055,6.49441
21.055,6.66993
21.055,6.84546
21.055,7.02098
21.055,7.19651
21.055,7.37203
21.055,7.54756
21.055,7.72308
21.055,7.89861
21.055,8.07413
21.055,8.24966
21.055,8.42518
21.055,8.6007
21.055,8.77623
21.055,8.95175
21.055,9.12728
21.055,9.3028
21.055,9.47833
21.055,9.65385
21.055,9.82938
21.055,10.0049
21.055,10.1804
21.055,10.356
21.055,10.5315
25.736,0
25.736,0.199295
25.736,0.39859
25.736,0.597885
25.736,0.79718
25.736,0.996475
25.736,1.19577
25.736,1.39507
25.736,1.59436
25.736,1.79366
25.736,1.99295
25.736,2.19225
25.736,2.39154
25.736,2.59084
25.736,2.79013
25.736,2.98943
25.736,3.18872
25.736,3.38802
25.736,3.58731
25.736,3.78661
25.736,3.9859
25.736,4.1852
25.736,4.38449
25.736,4.58379
25.736,4.78308
25.736,4.98238
25.736,5.18167
25.736,5.38097
25.736,5.58026
25.736,5.77956
25.736,5.97885
25.736,6.17815
25.736,6.37744
25.736,6.57674
25.736,6.77603
25.736,6.97533
25.736,7.17462
25.736,7.37392
25.736,7.57321
25.736,7.77251
25.736,7.9718
25.736,8.1711
25.736,8.37039
25.736,8.56969
25.736,8.76898
25.736,8.96828
25.736,9.16757
25.736,9.36687
25.736,9.56616
25.736,9.76546
25.736,9.96475
25.736,10.164
25.736,10.3633
25.736,10.5626
25.736,10.7619
25.736,10.9612
25.736,11.1605
25.736,11.3598
25.736,11.5591
25.736,11.7584
25.736,11.9577
31.486,0
31.486,0.225066
31.486,0.450131
31.486,0.675197
31.486,0.900262
31.486,1.12533
31.486,1.35039
31.486,1.57546
31.486,1.80052
31.486,2.02559
31.486,2.25066
31.486,2.47572
31.486,2.70079
31.486,2.92585
31.486,3.15092
31.486,3.37598
31.486,3.60105
31.486,3.82611
31.486,4.05118
31.486,4.27625
31.486,4.50131
31.486,4.72638
31.486,4.95144
31.486,5.17651
31.486,5.40157
31.486,5.62664
31.486,5.8517
31.486,6.07677
31.486,6.30184
31.486,6.5269
31.486,6.75197
31.486,6.97703
31.486,7.2021
31.486,7.42716
31.486,7.65223
31.486,7.8773
31.486,8.10236
31.486,8.32743
31.486,8.55249
31.486,8.77756
31.486,9.00262
31.486,9.22769
31.486,9.45275
31.486,9.67782
31.486,9.90289
31.486,10.128
31.486,10.353
31.486,10.5781
31.486,10.8031
31.486,11.0282
31.486,11.2533
31.486,11.4783
31.486,11.7034
31.486,11.9285
31.486,12.1535
31.486,12.3786
31.486,12.6037
31.486,12.8287
31.486,13.0538
31.486,13.2789
31.486,13.5039
38.585,0
38.585,0.252721
38.585,0.505443
38.585,0.758164
38.585,1.01089
38.585,1.26361
38.585,1.51633
38.585,1.76905
38.585,2.02177
38.585,2.27449
38.585,2.52721
38.585,2.77993
38.585,3.03266
38.585,3.28538
38.585,3.5381
38.585,3.79082
38.585,4.04354
38.585,4.29626
38.585,4.54898
38.585,4.8017
38.585,5.05443
38.585,5.30715
38.585,5.55987
38.585,5.81259
38.585,6.06531
38.585,6.31803
38.585,6.57075
38.585,6.82348
38.585,7.0762
38.585,7.32892
38.585,7.58164
38.585,7.83436
38.585,8.08708
38.585,8.3398
38.585,8.59252
38.585,8.84525
38.585,9.09797
38.585,9.35069
38.585,9.60341
38.585,9.85613
38.585,10.1089
38.585,10.3616
38.585,10.6143
38.585,10.867
38.585,11.1197
38.585,11.3725
38.585,11.6252
38.585,11.8779
38.585,12.1306
38.585,12.3833
38.585,12.6361
38.585,12.8888
38.585,13.1415
38.585,13.3942
38.585,13.647
38.585,13.8997
38.585,14.1524
38.585,14.4051
38.585,14.6578
38.585,14.9106
38.585,15.1633
47.394,0
47.394,0.281934
47.394,0.563869
47.394,0.845803
47.394,1.12774
47.394,1.40967
47.394,1.69161
47.394,1.97354
47.394,2.25548
47.394,2.53741
47.394,2.81934
47.394,3.10128
47.394,3.38321
47.394,3.66515
47.394,3.94708
47.394,4.22902
47.394,4.51095
47.394,4.79289
47.394,5.07482
47.394,5.35675
47.394,5.63869
47.394,5.92062
47.394,6.20256
47.394,6.48449
47.394,6.76643
47.394,7.04836
47.394,7.3303
47.394,7.61223
47.394,7.89416
47.394,8.1761
47.394,8.45803
47.394,8.73997
47.394,9.0219
47.394,9.30384
47.394,9.58577
47.394,9.8677
47.394,10.1496
47.394,10.4316
47.394,10.7135
47.394,10.9954
47.394,11.2774
47.394,11.5593
47.394,11.8412
47.394,12.1232
47.394,12.4051
47.394,12.687
47.394,12.969
47.394,13.2509
47.394,13.5329
47.394,13.8148
47.394,14.0967
47.394,14.3787
47.394,14.6606
47.394,14.9425
47.394,15.2245
47.394,15.5064
47.394,15.7883
47.394,16.0703
47.394,16.3522
47.394,16.6341
47.394,16.9161
58.386,0
58.386,0.312115
58.386,0.62423
58.386,0.936344
58.386,1.24846
58.386,1.56057
58.386,1.87269
58.386,2.1848
58.386,2.49692
58.386,2.80903
58.386,3.12115
58.386,3.43326
58.386,3.74538
58.386,4.05749
58.386,4.36961
58.386,4.68172
58.386,4.99384
58.386,5.30595
58.386,5.61807
58.386,5.93018
58.386,6.2423
58.386,6.55441
58.386,6.86652
58.386,7.17864
58.386,7.49075
58.386,7.80287
58.386,8.11498
58.386,8.4271
58.386,8.73921
58.386,9.05133
58.386,9.36344
58.386,9.67556
58.386,9.98767
58.386,10.2998
58.386,10.6119
58.386,10.924
58.386,11.2361
58.386,11.5482
58.386,11.8604
58.386,12.1725
58.386,12.4846
58.386,12.7967
58.386,13.1088
58.386,13.4209
58.386,13.733
58.386,14.0452
58.386,14.3573
58.386,14.6694
58.386,14.9815
58.386,15.2936
58.386,15.6057
58.386,15.9179
58.386,16.23
58.386,16.5421
58.386,16.8542
58.386,17.1663
58.386,17.4784
58.386,17.7905
58.386,18.1027
58.386,18.4148
58.386,18.7269
72.18,0
72.18,0.34223
72.18,0.684459
72.18,1.02669
72.18,1.36892
72.18,1.71115
72.18,2.05338
72.18,2.39561
72.18,2.73784
72.18,3.08007
72.18,3.4223
72.18,3.76452
72.18,4.10675
72.18,4.44898
72.18,4.79121
72.18,5.13344
72.18,5.47567
72.18,5.8179
72.18,6.16013
72.18,6.50236
72.18,6.84459
72.18,7.18682
72.18,7.52905
72.18,7.87128
72.18,8.21351
72.18,8.55574
72.18,8.89797
72.18,9.2402
72.18,9.58243
72.18,9.92466
72.18,10.2669
72.18,10.6091
72.18,10.9513
72.18,11.2936
72.18,11.6358
72.18,11.978
72.18,12.3203
72.18,12.6625
72.18,13.0047
72.18,13.347
72.18,13.6892
72.18,14.0314
72.18,14.3736
72.18,14.7159
72.18,15.0581
72.18,15.4003
72.18,15.7426
72.18,16.0848
72.18,16.427
72.18,16.7692
72.18,17.1115
72.18,17.4537
72.18,17.7959
72.18,18.1382
72.18,18.4804
72.18,18.8226
72.18,19.1649
72.18,19.5071
72.18,19.8493
72.18,20.1915
72.18,20.5338
89.596,0
89.596,0.370508
89.596,0.741016
89.596,1.11152
89.596,1.48203
89.596,1.85254
89.596,2.22305
89.596,2.59356
89.596,2.96407
89.596,3.33457
89.596,3.70508
89.596,4.07559
89.596,4.4461
89.596,4.81661
89.596,5.18711
89.596,5.55762
89.596,5.92813
89.596,6.29864
89.596,6.66915
89.596,7.03966
89.596,7.41016
89.596,7.78067
89.596,8.15118
89.596,8.52169
89.596,8.8922
89.596,9.2627
89.596,9.63321
89.596,10.0037
89.596,10.3742
89.596,10.7447
89.596,11.1152
89.596,11.4858
89.596,11.8563
89.596,12.2268
89.596,12.5973
89.596,12.9678
89.596,13.3383
89.596,13.7088
89.596,14.0793
89.596,14.4498
89.596,14.8203
89.596,15.1908
89.596,15.5613
89.596,15.9319
89.596,16.3024
89.596,16.6729
89.596,17.0434
89.596,17.4139
89.596,17.7844
89.596,18.1549
89.596,18.5254
89.596,18.8959
89.596,19.2664
89.596,19.6369
89.596,20.0074
89.596,20.378
89.596,20.7485
89.596,21.119
89.596,21.4895
89.596,21.86
89.596,22.2305
111.73,0
111.73,0.39418
111.73,0.788361
111.73,1.18254
111.73,1.57672
111.73,1.9709
111.73,2.36508
111.73,2.75926
111.73,3.15344
111.73,3.54762
111.73,3.9418
111.73,4.33598
111.73,4.73016
111.73,5.12434
111.73,5.51852
111.73,5.9127
111.73,6.30689
111.73,6.70107
111.73,7.09525
111.73,7.48943
111.73,7.88361
111.73,8.27779
111.73,8.67197
111.73,9.06615
111.73,9.46033
111.73,9.85451
111.73,10.2487
111.73,10.6429
111.73,11.037
111.73,11.4312
111.73,11.8254
111.73,12.2196
111.73,12.6138
111.73,13.008
111.73,13.4021
111.73,13.7963
111.73,14.1905
111.73,14.5847
111.73,14.9789
111.73,15.373
111.73,15.7672
111.73,16.1614
111.73,16.5556
111.73,16.9498
111.73,17.3439
111.73,17.7381
111.73,18.1323
111.73,18.5265
111.73,18.9207
111.73,19.3148
111.73,19.709
111.73,20.1032
111.73,20.4974
111.73,20.8916
111.73,21.2857
111.73,21.6799
111.73,22.0741
111.73,22.4683
111.73,22.8625
111.73,23.2566
111.73,23.6508
140.06,0
140.06,0.408803
140.06,0.817607
140.06,1.22641
140.06,1.63521
140.06,2.04402
140.06,2.45282
140.06,2.86162
140.06,3.27043
140.06,3.67923
140.06,4.08803
140.06,4.49684
140.06,4.90564
140.06,5.31444
140.06,5.72325
140.06,6.13205
140.06,6.54085
140.06,6.94966
140.06,7.35846
140.06,7.76726
140.06,8.17607
140.06,8.58487
140.06,8.99367
140.06,9.40248
140.06,9.81128
140.06,10.2201
140.06,10.6289
140.06,11.0377
140.06,11.4465
140.06,11.8553
140.06,12.2641
140.06,12.6729
140.06,13.0817
140.06,13.4905
140.06,13.8993
140.06,14.3081
140.06,14.7169
140.06,15.1257
140.06,15.5345
140.06,15.9433
140.06,16.3521
140.06,16.7609
140.06,17.1697
140.06,17.5785
140.06,17.9873
140.06,18.3961
140.06,18.805
140.06,19.2138
140.06,19.6226
140.06,20.0314
140.06,20.4402
140.06,20.849
140.06,21.2578
140.06,21.6666
140.06,22.0754
140.06,22.4842
140.06,22.893
140.06,23.3018
140.06,23.7106
140.06,24.1194
140.06,24.5282
