50,51
-0.16091,0
-0.16091,0.0196294
-0.16091,0.0392588
-0.16091,0.0588882
-0.16091,0.0785176
-0.16091,0.0981471
-0.16091,0.117776
-0.16091,0.137406
-0.16091,0.157035
-0.16091,0.176665
-0.16091,0.196294
-0.16091,0.215924
-0.16091,0.235553
-0.16091,0.255182
-0.16091,0.274812
-0.16091,0.294441
-0.16091,0.314071
-0.16091,0.3337
-0.16091,0.353329
-0.16091,0.372959
-0.16091,0.392588
-0.16091,0.412218
-0.16091,0.431847
-0.16091,0.451476
-0.16091,0.471106
-0.16091,0.490735
-0.16091,0.510365
-0.16091,0.529994
-0.16091,0.549624
-0.16091,0.569253
-0.16091,0.588882
-0.16091,0.608512
-0.16091,0.628141
-0.16091,0.647771
-0.16091,0.6674
-0.16091,0.687029
-0.16091,0.706659
-0.16091,0.726288
-0.16091,0.745918
-0.16091,0.765547
-0.16091,0.785176
-0.16091,0.804806
-0.16091,0.824435
-0.16091,0.844065
-0.16091,0.863694
-0.16091,0.883324
-0.16091,0.902953
-0.16091,0.922582
-0.16091,0.942212
-0.16091,0.961841
-0.16091,0.981471
-0.080425,0
-0.080425,0.0196294
-0.080425,0.0392588
-0.080425,0.0588882
-0.080425,0.0785176
-0.080425,0.0981471
-0.080425,0.117776
-0.080425,0.137406
-0.080425,0.157035
-0.080425,0.176665
-0.080425,0.196294
-0.080425,0.215924
-0.080425,0.235553
-0.080425,0.255182
-0.080425,0.274812
-0.080425,0.294441
-0.080425,0.314071
-0.080425,0.3337
-0.080425,0.353329
-0.080425,0.372959
-0.080425,0.392588
-0.080425,0.412218
-0.080425,0.431847
-0.080425,0.451476
-0.080425,0.471106
-0.080425,0.490735
-0.080425,0.510365
-0.080425,0.529994
-0.080425,0.549624
-0.080425,0.569253
-0.080425,0.588882
-0.080425,0.608512
-0.080425,0.628141
-0.080425,0.647771
-0.080425,0.6674
-0.080425,0.687029
-0.080425,0.706659
-0.080425,0.726288
-0.080425,0.745918
-0.080425,0.765547
-0.080425,0.785176
-0.080425,0.804806
-0.080425,0.824435
-0.080425,0.844065
-0.080425,0.863694
-0.080425,0.883324
-0.080425,0.902953
-0.080425,0.922582
-0.080425,0.942212
-0.080425,0.961841
-0.080425,0.981471
5.8061e-05,0
5.8061e-05,0.0196294
5.8061e-05,0.0392588
5.8061e-05,0.0588882
5.8061e-05,0.0785176
5.8061e-05,0.0981471
5.8061e-05,0.117776
5.8061e-05,0.137406
5.8061e-05,0.157035
5.8061e-05,0.176665
5.8061e-05,0.196294
5.8061e-05,0.215924
5.8061e-05,0.235553
5.8061e-05,0.255182
5.8061e-05,0.274812
5.8061e-05,0.294441
5.8061e-05,0.314071
5.8061e-05,0.3337
5.8061e-05,0.353329
5.8061e-05,0.372959
5.8061e-05,0.392588
5.8061e-05,0.412218
5.8061e-05,0.431847
5.8061e-05,0.451476
5.8061e-05,0.471106
5.8061e-05,0.490735
5.8061e-05,0.510365
5.8061e-05,0.529994
5.8061e-05,0.549624
5.8061e-05,0.569253
5.8061e-05,0.588882
5.8061e-05,0.608512
5.8061e-05,0.628141
5.8061e-05,0.647771
5.8061e-05,0.6674
5.8061e-05,0.687029
5.8061e-05,0.706659
5.8061e-05,0.726288
5.8061e-05,0.745918
5.8061e-05,0.765547
5.8061e-05,0.785176
5.8061e-05,0.804806
5.8061e-05,0.824435
5.8061e-05,0.844065
5.8061e-05,0.863694
5.8061e-05,0.883324
5.8061e-05,0.902953
5.8061e-05,0.922582
5.8061e-05,0.942212
5.8061e-05,0.961841
5.8061e-05,0.981471
0.080541,0
0.080541,0.0196294
0.080541,0.0392588
0.080541,0.0588882
0.080541,0.0785176
0.080541,0.0981471
0.080541,0.117776
0.080541,0.137406
0.080541,0.157035
0.080541,0.176665
0.080541,0.196294
0.080541,0.215924
0.080541,0.235553
0.080541,0.255182
0.080541,0.274812
0.080541,0.294441
0.080541,0.314071
0.080541,0.3337
0.080541,0.353329
0.080541,0.372959
0.080541,0.392588
0.080541,0.412218
0.080541,0.431847
0.080541,0.451476
0.080541,0.471106
0.080541,0.490735
0.080541,0.510365
0.080541,0.529994
0.080541,0.549624
0.080541,0.569253
0.080541,0.588882
0.080541,0.608512
0.080541,0.628141
0.080541,0.647771
0.080541,0.6674
0.080541,0.687029
0.080541,0.706659
0.080541,0.726288
0.080541,0.745918
0.080541,0.765547
0.080541,0.785176
0.080541,0.804806
0.080541,0.824435
0.080541,0.844065
0.080541,0.863694
0.080541,0.883324
0.080541,0.902953
0.080541,0.922582
0.080541,0.942212
0.080541,0.961841
0.080541,0.981471
0.16102,0
0.16102,0.0196922
0.16102,0.0393843
0.16102,0.0590765
0.16102,0.0787686
0.16102,0.0984608
0.16102,0.118153
0.16102,0.137845
0.16102,0.157537
0.16102,0.177229
0.16102,0.196922
0.16102,0.216614
0.16102,0.236306
0.16102,0.255998
0.16102,0.27569
0.16102,0.295382
0.16102,0.315075
0.16102,0.334767
0.16102,0.354459
0.16102,0.374151
0.16102,0.393843
0.16102,0.413535
0.16102,0.433227
0.16102,0.45292
0.16102,0.472612
0.16102,0.492304
0.16102,0.511996
0.16102,0.531688
0.16102,0.55138
0.16102,0.571073
0.16102,0.590765
0.16102,0.610457
0.16102,0.630149
0.16102,0.649841
0.16102,0.669533
0.16102,0.689225
0.16102,0.708918
0.16102,0.72861
0.16102,0.748302
0.16102,0.767994
0.16102,0.787686
0.16102,0.807378
0.16102,0.827071
0.16102,0.846763
0.16102,0.866455
0.16102,0.886147
0.16102,0.905839
0.16102,0.925531
0.16102,0.945224
0.16102,0.964916
0.16102,0.984608
0.24139,0
0.24139,0.019798
0.24139,0.0395961
0.24139,0.0593941
0.24139,0.0791922
0.24139,0.0989902
0.24139,0.118788
0.24139,0.138586
0.24139,0.158384
0.24139,0.178182
0.24139,0.19798
0.24139,0.217778
0.24139,0.237576
0.24139,0.257375
0.24139,0.277173
0.24139,0.296971
0.24139,0.316769
0.24139,0.336567
0.24139,0.356365
0.24139,0.376163
0.24139,0.395961
0.24139,0.415759
0.24139,0.435557
0.24139,0.455355
0.24139,0.475153
0.24139,0.494951
0.24139,0.514749
0.24139,0.534547
0.24139,0.554345
0.24139,0.574143
0.24139,0.593941
0.24139,0.613739
0.24139,0.633537
0.24139,0.653335
0.24139,0.673133
0.24139,0.692931
0.24139,0.712729
0.24139,0.732527
0.24139,0.752325
0.24139,0.772124
0.24139,0.791922
0.24139,0.81172
0.24139,0.831518
0.24139,0.851316
0.24139,0.871114
0.24139,0.890912
0.24139,0.91071
0.24139,0.930508
0.24139,0.950306
0.24139,0.970104
0.24139,0.989902
0.32158,0
0.32158,0.0199471
0.32158,0.0398941
0.32158,0.0598412
0.32158,0.0797882
0.32158,0.0997353
0.32158,0.119682
0.32158,0.139629
0.32158,0.159576
0.32158,0.179524
0.32158,0.199471
0.32158,0.219418
0.32158,0.239365
0.32158,0.259312
0.32158,0.279259
0.32158,0.299206
0.32158,0.319153
0.32158,0.3391
0.32158,0.359047
0.32158,0.378994
0.32158,0.398941
0.32158,0.418888
0.32158,0.438835
0.32158,0.458782
0.32158,0.478729
0.32158,0.498676
0.32158,0.518624
0.32158,0.538571
0.32158,0.558518
0.32158,0.578465
0.32158,0.598412
0.32158,0.618359
0.32158,0.638306
0.32158,0.658253
0.32158,0.6782
0.32158,0.698147
0.32158,0.718094
0.32158,0.738041
0.32158,0.757988
0.32158,0.777935
0.32158,0.797882
0.32158,0.817829
0.32158,0.837776
0.32158,0.857724
0.32158,0.877671
0.32158,0.897618
0.32158,0.917565
0.32158,0.937512
0.32158,0.957459
0.32158,0.977406
0.32158,0.997353
0.40154,0
0.40154,0.0201373
0.40154,0.0402745
0.40154,0.0604118
0.40154,0.080549
0.40154,0.100686
0.40154,0.120824
0.40154,0.140961
0.40154,0.161098
0.40154,0.181235
0.40154,0.201373
0.40154,0.22151
0.40154,0.241647
0.40154,0.261784
0.40154,0.281922
0.40154,0.302059
0.40154,0.322196
0.40154,0.342333
0.40154,0.362471
0.40154,0.382608
0.40154,0.402745
0.40154,0.422882
0.40154,0.44302
0.40154,0.463157
0.40154,0.483294
0.40154,0.503431
0.40154,0.523569
0.40154,0.543706
0.40154,0.563843
0.40154,0.58398
0.40154,0.604118
0.40154,0.624255
0.40154,0.644392
0.40154,0.664529
0.40154,0.684667
0.40154,0.704804
0.40154,0.724941
0.40154,0.745078
0.40154,0.765216
0.40154,0.785353
0.40154,0.80549
0.40154,0.825627
0.40154,0.845765
0.40154,0.865902
0.40154,0.886039
0.40154,0.906176
0.40154,0.926314
0.40154,0.946451
0.40154,0.966588
0.40154,0.986725
0.40154,1.00686
0.48122,0
0.48122,0.0203686
0.48122,0.0407373
0.48122,0.0611059
0.48122,0.0814745
0.48122,0.101843
0.48122,0.122212
0.48122,0.14258
0.48122,0.162949
0.48122,0.183318
0.48122,0.203686
0.48122,0.224055
0.48122,0.244424
0.48122,0.264792
0.48122,0.285161
0.48122,0.305529
0.48122,0.325898
0.48122,0.346267
0.48122,0.366635
0.48122,0.387004
0.48122,0.407373
0.48122,0.427741
0.48122,0.44811
0.48122,0.468478
0.48122,0.488847
0.48122,0.509216
0.48122,0.529584
0.48122,0.549953
0.48122,0.570322
0.48122,0.59069
0.48122,0.611059
0.48122,0.631427
0.48122,0.651796
0.48122,0.672165
0.48122,0.692533
0.48122,0.712902
0.48122,0.733271
0.48122,0.753639
0.48122,0.774008
0.48122,0.794376
0.48122,0.814745
0.48122,0.835114
0.48122,0.855482
0.48122,0.875851
0.48122,0.89622
0.48122,0.916588
0.48122,0.936957
0.48122,0.957325
0.48122,0.977694
0.48122,0.998063
0.48122,1.01843
0.56054,0
0.56054,0.0206431
0.56054,0.0412863
0.56054,0.0619294
0.56054,0.0825725
0.56054,0.103216
0.56054,0.123859
0.56054,0.144502
0.56054,0.165145
0.56054,0.185788
0.56054,0.206431
0.56054,0.227075
0.56054,0.247718
0.56054,0.268361
0.56054,0.289004
0.56054,0.309647
0.56054,0.33029
0.56054,0.350933
0.56054,0.371576
0.56054,0.39222
0.56054,0.412863
0.56054,0.433506
0.56054,0.454149
0.56054,0.474792
0.56054,0.495435
0.56054,0.516078
0.56054,0.536722
0.56054,0.557365
0.56054,0.578008
0.56054,0.598651
0.56054,0.619294
0.56054,0.639937
0.56054,0.66058
0.56054,0.681224
0.56054,0.701867
0.56054,0.72251
0.56054,0.743153
0.56054,0.763796
0.56054,0.784439
0.56054,0.805082
0.56054,0.825725
0.56054,0.846369
0.56054,0.867012
0.56054,0.887655
0.56054,0.908298
0.56054,0.928941
0.56054,0.949584
0.56054,0.970227
0.56054,0.990871
0.56054,1.01151
0.56054,1.03216
0.63946,0
0.63946,0.0209588
0.63946,0.0419176
0.63946,0.0628765
0.63946,0.0838353
0.63946,0.104794
0.63946,0.125753
0.63946,0.146712
0.63946,0.167671
0.63946,0.188629
0.63946,0.209588
0.63946,0.230547
0.63946,0.251506
0.63946,0.272465
0.63946,0.293424
0.63946,0.314382
0.63946,0.335341
0.63946,0.3563
0.63946,0.377259
0.63946,0.398218
0.63946,0.419176
0.63946,0.440135
0.63946,0.461094
0.63946,0.482053
0.63946,0.503012
0.63946,0.523971
0.63946,0.544929
0.63946,0.565888
0.63946,0.586847
0.63946,0.607806
0.63946,0.628765
0.63946,0.649724
0.63946,0.670682
0.63946,0.691641
0.63946,0.7126
0.63946,0.733559
0.63946,0.754518
0.63946,0.775476
0.63946,0.796435
0.63946,0.817394
0.63946,0.838353
0.63946,0.859312
0.63946,0.880271
0.63946,0.901229
0.63946,0.922188
0.63946,0.943147
0.63946,0.964106
0.63946,0.985065
0.63946,1.00602
0.63946,1.02698
0.63946,1.04794
0.71792,0
0.71792,0.0213176
0.71792,0.0426353
0.71792,0.0639529
0.71792,0.0852706
0.71792,0.106588
0.71792,0.127906
0.71792,0.149224
0.71792,0.170541
0.71792,0.191859
0.71792,0.213176
0.71792,0.234494
0.71792,0.255812
0.71792,0.277129
0.71792,0.298447
0.71792,0.319765
0.71792,0.341082
0.71792,0.3624
0.71792,0.383718
0.71792,0.405035
0.71792,0.426353
0.71792,0.447671
0.71792,0.468988
0.71792,0.490306
0.71792,0.511624
0.71792,0.532941
0.71792,0.554259
0.71792,0.575576
0.71792,0.596894
0.71792,0.618212
0.71792,0.639529
0.71792,0.660847
0.71792,0.682165
0.71792,0.703482
0.71792,0.7248
0.71792,0.746118
0.71792,0.767435
0.71792,0.788753
0.71792,0.810071
0.71792,0.831388
0.71792,0.852706
0.71792,0.874024
0.71792,0.895341
0.71792,0.916659
0.71792,0.937976
0.71792,0.959294
0.71792,0.980612
0.71792,1.00193
0.71792,1.02325
0.71792,1.04456
0.71792,1.06588
0.79586,0
0.79586,0.0217157
0.79586,0.0434314
0.79586,0.0651471
0.79586,0.0868627
0.79586,0.108578
0.79586,0.130294
0.79586,0.15201
0.79586,0.173725
0.79586,0.195441
0.79586,0.217157
0.79586,0.238873
0.79586,0.260588
0.79586,0.282304
0.79586,0.30402
0.79586,0.325735
0.79586,0.347451
0.79586,0.369167
0.79586,0.390882
0.79586,0.412598
0.79586,0.434314
0.79586,0.456029
0.79586,0.477745
0.79586,0.499461
0.79586,0.521176
0.79586,0.542892
0.79586,0.564608
0.79586,0.586324
0.79586,0.608039
0.79586,0.629755
0.79586,0.651471
0.79586,0.673186
0.79586,0.694902
0.79586,0.716618
0.79586,0.738333
0.79586,0.760049
0.79586,0.781765
0.79586,0.80348
0.79586,0.825196
0.79586,0.846912
0.79586,0.868627
0.79586,0.890343
0.79586,0.912059
0.79586,0.933775
0.79586,0.95549
0.79586,0.977206
0.79586,0.998922
0.79586,1.02064
0.79586,1.04235
0.79586,1.06407
0.79586,1.08578
0.87323,0
0.87323,0.0221549
0.87323,0.0443098
0.87323,0.0664647
0.87323,0.0886196
0.87323,0.110775
0.87323,0.132929
0.87323,0.155084
0.87323,0.177239
0.87323,0.199394
0.87323,0.221549
0.87323,0.243704
0.87323,0.265859
0.87323,0.288014
0.87323,0.310169
0.87323,0.332324
0.87323,0.354478
0.87323,0.376633
0.87323,0.398788
0.87323,0.420943
0.87323,0.443098
0.87323,0.465253
0.87323,0.487408
0.87323,0.509563
0.87323,0.531718
0.87323,0.553873
0.87323,0.576027
0.87323,0.598182
0.87323,0.620337
0.87323,0.642492
0.87323,0.664647
0.87323,0.686802
0.87323,0.708957
0.87323,0.731112
0.87323,0.753267
0.87323,0.775422
0.87323,0.797576
0.87323,0.819731
0.87323,0.841886
0.87323,0.864041
0.87323,0.886196
0.87323,0.908351
0.87323,0.930506
0.87323,0.952661
0.87323,0.974816
0.87323,0.996971
0.87323,1.01913
0.87323,1.04128
0.87323,1.06344
0.87323,1.08559
0.87323,1.10775
0.94997,0
0.94997,0.0226353
0.94997,0.0452706
0.94997,0.0679059
0.94997,0.0905412
0.94997,0.113176
0.94997,0.135812
0.94997,0.158447
0.94997,0.181082
0.94997,0.203718
0.94997,0.226353
0.94997,0.248988
0.94997,0.271624
0.94997,0.294259
0.94997,0.316894
0.94997,0.339529
0.94997,0.362165
0.94997,0.3848
0.94997,0.407435
0.94997,0.430071
0.94997,0.452706
0.94997,0.475341
0.94997,0.497976
0.94997,0.520612
0.94997,0.543247
0.94997,0.565882
0.94997,0.588518
0.94997,0.611153
0.94997,0.633788
0.94997,0.656424
0.94997,0.679059
0.94997,0.701694
0.94997,0.724329
0.94997,0.746965
0.94997,0.7696
0.94997,0.792235
0.94997,0.814871
0.94997,0.837506
0.94997,0.860141
0.94997,0.882776
0.94997,0.905412
0.94997,0.928047
0.94997,0.950682
0.94997,0.973318
0.94997,0.995953
0.94997,1.01859
0.94997,1.04122
0.94997,1.06386
0.94997,1.08649
0.94997,1.10913
0.94997,1.13176
1.026,0
1.026,0.0231549
1.026,0.0463098
1.026,0.0694647
1.026,0.0926196
1.026,0.115775
1.026,0.138929
1.026,0.162084
1.026,0.185239
1.026,0.208394
1.026,0.231549
1.026,0.254704
1.026,0.277859
1.026,0.301014
1.026,0.324169
1.026,0.347324
1.026,0.370478
1.026,0.393633
1.026,0.416788
1.026,0.439943
1.026,0.463098
1.026,0.486253
1.026,0.509408
1.026,0.532563
1.026,0.555718
1.026,0.578873
1.026,0.602027
1.026,0.625182
1.026,0.648337
1.026,0.671492
1.026,0.694647
1.026,0.717802
1.026,0.740957
1.026,0.764112
1.026,0.787267
1.026,0.810422
1.026,0.833576
1.026,0.856731
1.026,0.879886
1.026,0.903041
1.026,0.926196
1.026,0.949351
1.026,0.972506
1.026,0.995661
1.026,1.01882
1.026,1.04197
1.026,1.06513
1.026,1.08828
1.026,1.11144
1.026,1.13459
1.026,1.15775
1.1013,0
1.1013,0.0237157
1.1013,0.0474314
1.1013,0.0711471
1.1013,0.0948627
1.1013,0.118578
1.1013,0.142294
1.1013,0.16601
1.1013,0.189725
1.1013,0.213441
1.1013,0.237157
1.1013,0.260873
1.1013,0.284588
1.1013,0.308304
1.1013,0.33202
1.1013,0.355735
1.1013,0.379451
1.1013,0.403167
1.1013,0.426882
1.1013,0.450598
1.1013,0.474314
1.1013,0.498029
1.1013,0.521745
1.1013,0.545461
1.1013,0.569176
1.1013,0.592892
1.1013,0.616608
1.1013,0.640324
1.1013,0.664039
1.1013,0.687755
1.1013,0.711471
1.1013,0.735186
1.1013,0.758902
1.1013,0.782618
1.1013,0.806333
1.1013,0.830049
1.1013,0.853765
1.1013,0.87748
1.1013,0.901196
1.1013,0.924912
1.1013,0.948627
1.1013,0.972343
1.1013,0.996059
1.1013,1.01977
1.1013,1.04349
1.1013,1.06721
1.1013,1.09092
1.1013,1.11464
1.1013,1.13835
1.1013,1.16207
1.1013,1.18578
1.1759,0
1.1759,0.0243137
1.1759,0.0486275
1.1759,0.0729412
1.1759,0.0972549
1.1759,0.121569
1.1759,0.145882
1.1759,0.170196
1.1759,0.19451
1.1759,0.218824
1.1759,0.243137
1.1759,0.267451
1.1759,0.291765
1.1759,0.316078
1.1759,0.340392
1.1759,0.364706
1.1759,0.38902
1.1759,0.413333
1.1759,0.437647
1.1759,0.461961
1.1759,0.486275
1.1759,0.510588
1.1759,0.534902
1.1759,0.559216
1.1759,0.583529
1.1759,0.607843
1.1759,0.632157
1.1759,0.656471
1.1759,0.680784
1.1759,0.705098
1.1759,0.729412
1.1759,0.753725
1.1759,0.778039
1.1759,0.802353
1.1759,0.826667
1.1759,0.85098
1.1759,0.875294
1.1759,0.899608
1.1759,0.923922
1.1759,0.948235
1.1759,0.972549
1.1759,0.996863
1.1759,1.02118
1.1759,1.04549
1.1759,1.0698
1.1759,1.09412
1.1759,1.11843
1.1759,1.14275
1.1759,1.16706
1.1759,1.19137
1.1759,1.21569
1.2495,0
1.2495,0.0249529
1.2495,0.0499059
1.2495,0.0748588
1.2495,0.0998118
1.2495,0.124765
1.2495,0.149718
1.2495,0.174671
1.2495,0.199624
1.2495,0.224576
1.2495,0.249529
1.2495,0.274482
1.2495,0.299435
1.2495,0.324388
1.2495,0.349341
1.2495,0.374294
1.2495,0.399247
1.2495,0.4242
1.2495,0.449153
1.2495,0.474106
1.2495,0.499059
1.2495,0.524012
1.2495,0.548965
1.2495,0.573918
1.2495,0.598871
1.2495,0.623824
1.2495,0.648776
1.2495,0.673729
1.2495,0.698682
1.2495,0.723635
1.2495,0.748588
1.2495,0.773541
1.2495,0.798494
1.2495,0.823447
1.2495,0.8484
1.2495,0.873353
1.2495,0.898306
1.2495,0.923259
1.2495,0.948212
1.2495,0.973165
1.2495,0.998118
1.2495,1.02307
1.2495,1.04802
1.2495,1.07298
1.2495,1.09793
1.2495,1.12288
1.2495,1.14784
1.2495,1.17279
1.2495,1.19774
1.2495,1.22269
1.2495,1.24765
1.3223,0
1.3223,0.0256294
1.3223,0.0512588
1.3223,0.0768882
1.3223,0.102518
1.3223,0.128147
1.3223,0.153776
1.3223,0.179406
1.3223,0.205035
1.3223,0.230665
1.3223,0.256294
1.3223,0.281924
1.3223,0.307553
1.3223,0.333182
1.3223,0.358812
1.3223,0.384441
1.3223,0.410071
1.3223,0.4357
1.3223,0.461329
1.3223,0.486959
1.3223,0.512588
1.3223,0.538218
1.3223,0.563847
1.3223,0.589476
1.3223,0.615106
1.3223,0.640735
1.3223,0.666365
1.3223,0.691994
1.3223,0.717624
1.3223,0.743253
1.3223,0.768882
1.3223,0.794512
1.3223,0.820141
1.3223,0.845771
1.3223,0.8714
1.3223,0.897029
1.3223,0.922659
1.3223,0.948288
1.3223,0.973918
1.3223,0.999547
1.3223,1.02518
1.3223,1.05081
1.3223,1.07644
1.3223,1.10206
1.3223,1.12769
1.3223,1.15332
1.3223,1.17895
1.3223,1.20458
1.3223,1.23021
1.3223,1.25584
1.3223,1.28147
1.3941,0
1.3941,0.0263451
1.3941,0.0526902
1.3941,0.0790353
1.3941,0.10538
1.3941,0.131725
1.3941,0.158071
1.3941,0.184416
1.3941,0.210761
1.3941,0.237106
1.3941,0.263451
1.3941,0.289796
1.3941,0.316141
1.3941,0.342486
1.3941,0.368831
1.3941,0.395176
1.3941,0.421522
1.3941,0.447867
1.3941,0.474212
1.3941,0.500557
1.3941,0.526902
1.3941,0.553247
1.3941,0.579592
1.3941,0.605937
1.3941,0.632282
1.3941,0.658627
1.3941,0.684973
1.3941,0.711318
1.3941,0.737663
1.3941,0.764008
1.3941,0.790353
1.3941,0.816698
1.3941,0.843043
1.3941,0.869388
1.3941,0.895733
1.3941,0.922078
1.3941,0.948424
1.3941,0.974769
1.3941,1.00111
1.3941,1.02746
1.3941,1.0538
1.3941,1.08015
1.3941,1.10649
1.3941,1.13284
1.3941,1.15918
1.3941,1.18553
1.3941,1.21187
1.3941,1.23822
1.3941,1.26456
1.3941,1.29091
1.3941,1.31725
1.4649,0
1.4649,0.027098
1.4649,0.0541961
1.4649,0.0812941
1.4649,0.108392
1.4649,0.13549
1.4649,0.162588
1.4649,0.189686
1.4649,0.216784
1.4649,0.243882
1.4649,0.27098
1.4649,0.298078
1.4649,0.325176
1.4649,0.352275
1.4649,0.379373
1.4649,0.406471
1.4649,0.433569
1.4649,0.460667
1.4649,0.487765
1.4649,0.514863
1.4649,0.541961
1.4649,0.569059
1.4649,0.596157
1.4649,0.623255
1.4649,0.650353
1.4649,0.677451
1.4649,0.704549
1.4649,0.731647
1.4649,0.758745
1.4649,0.785843
1.4649,0.812941
1.4649,0.840039
1.4649,0.867137
1.4649,0.894235
1.4649,0.921333
1.4649,0.948431
1.4649,0.975529
1.4649,1.00263
1.4649,1.02973
1.4649,1.05682
1.4649,1.08392
1.4649,1.11102
1.4649,1.13812
1.4649,1.16522
1.4649,1.19231
1.4649,1.21941
1.4649,1.24651
1.4649,1.27361
1.4649,1.30071
1.4649,1.3278
1.4649,1.3549
1.5347,0
1.5347,0.0278882
1.5347,0.0557765
1.5347,0.0836647
1.5347,0.111553
1.5347,0.139441
1.5347,0.167329
1.5347,0.195218
1.5347,0.223106
1.5347,0.250994
1.5347,0.278882
1.5347,0.306771
1.5347,0.334659
1.5347,0.362547
1.5347,0.390435
1.5347,0.418324
1.5347,0.446212
1.5347,0.4741
1.5347,0.501988
1.5347,0.529876
1.5347,0.557765
1.5347,0.585653
1.5347,0.613541
1.5347,0.641429
1.5347,0.669318
1.5347,0.697206
1.5347,0.725094
1.5347,0.752982
1.5347,0.780871
1.5347,0.808759
1.5347,0.836647
1.5347,0.864535
1.5347,0.892424
1.5347,0.920312
1.5347,0.9482
1.5347,0.976088
1.5347,1.00398
1.5347,1.03186
1.5347,1.05975
1.5347,1.08764
1.5347,1.11553
1.5347,1.14342
1.5347,1.17131
1.5347,1.19919
1.5347,1.22708
1.5347,1.25497
1.5347,1.28286
1.5347,1.31075
1.5347,1.33864
1.5347,1.36652
1.5347,1.39441
1.6033,0
1.6033,0.0287137
1.6033,0.0574275
1.6033,0.0861412
1.6033,0.114855
1.6033,0.143569
1.6033,0.172282
1.6033,0.200996
1.6033,0.22971
1.6033,0.258424
1.6033,0.287137
1.6033,0.315851
1.6033,0.344565
1.6033,0.373278
1.6033,0.401992
1.6033,0.430706
1.6033,0.45942
1.6033,0.488133
1.6033,0.516847
1.6033,0.545561
1.6033,0.574275
1.6033,0.602988
1.6033,0.631702
1.6033,0.660416
1.6033,0.689129
1.6033,0.717843
1.6033,0.746557
1.6033,0.775271
1.6033,0.803984
1.6033,0.832698
1.6033,0.861412
1.6033,0.890125
1.6033,0.918839
1.6033,0.947553
1.6033,0.976267
1.6033,1.00498
1.6033,1.03369
1.6033,1.06241
1.6033,1.09112
1.6033,1.11984
1.6033,1.14855
1.6033,1.17726
1.6033,1.20598
1.6033,1.23469
1.6033,1.2634
1.6033,1.29212
1.6033,1.32083
1.6033,1.34955
1.6033,1.37826
1.6033,1.40697
1.6033,1.43569
1.6708,0
1.6708,0.0295765
1.6708,0.0591529
1.6708,0.0887294
1.6708,0.118306
1.6708,0.147882
1.6708,0.177459
1.6708,0.207035
1.6708,0.236612
1.6708,0.266188
1.6708,0.295765
1.6708,0.325341
1.6708,0.354918
1.6708,0.384494
1.6708,0.414071
1.6708,0.443647
1.6708,0.473224
1.6708,0.5028
1.6708,0.532376
1.6708,0.561953
1.6708,0.591529
1.6708,0.621106
1.6708,0.650682
1.6708,0.680259
1.6708,0.709835
1.6708,0.739412
1.6708,0.768988
1.6708,0.798565
1.6708,0.828141
1.6708,0.857718
1.6708,0.887294
1.6708,0.916871
1.6708,0.946447
1.6708,0.976024
1.6708,1.0056
1.6708,1.03518
1.6708,1.06475
1.6708,1.09433
1.6708,1.12391
1.6708,1.15348
1.6708,1.18306
1.6708,1.21264
1.6708,1.24221
1.6708,1.27179
1.6708,1.30136
1.6708,1.33094
1.6708,1.36052
1.6708,1.39009
1.6708,1.41967
1.6708,1.44925
1.6708,1.47882
1.7371,0
1.7371,0.0304725
1.7371,0.0609451
1.7371,0.0914176
1.7371,0.12189
1.7371,0.152363
1.7371,0.182835
1.7371,0.213308
1.7371,0.24378
1.7371,0.274253
1.7371,0.304725
1.7371,0.335198
1.7371,0.365671
1.7371,0.396143
1.7371,0.426616
1.7371,0.457088
1.7371,0.487561
1.7371,0.518033
1.7371,0.548506
1.7371,0.578978
1.7371,0.609451
1.7371,0.639924
1.7371,0.670396
1.7371,0.700869
1.7371,0.731341
1.7371,0.761814
1.7371,0.792286
1.7371,0.822759
1.7371,0.853231
1.7371,0.883704
1.7371,0.914176
1.7371,0.944649
1.7371,0.975122
1.7371,1.00559
1.7371,1.03607
1.7371,1.06654
1.7371,1.09701
1.7371,1.12748
1.7371,1.15796
1.7371,1.18843
1.7371,1.2189
1.7371,1.24937
1.7371,1.27985
1.7371,1.31032
1.7371,1.34079
1.7371,1.37126
1.7371,1.40174
1.7371,1.43221
1.7371,1.46268
1.7371,1.49315
1.7371,1.52363
1.8022,0
1.8022,0.0314039
1.8022,0.0628078
1.8022,0.0942118
1.8022,0.125616
1.8022,0.15702
1.8022,0.188424
1.8022,0.219827
1.8022,0.251231
1.8022,0.282635
1.8022,0.314039
1.8022,0.345443
1.8022,0.376847
1.8022,0.408251
1.8022,0.439655
1.8022,0.471059
1.8022,0.502463
1.8022,0.533867
1.8022,0.565271
1.8022,0.596675
1.8022,0.628078
1.8022,0.659482
1.8022,0.690886
1.8022,0.72229
1.8022,0.753694
1.8022,0.785098
1.8022,0.816502
1.8022,0.847906
1.8022,0.87931
1.8022,0.910714
1.8022,0.942118
1.8022,0.973522
1.8022,1.00493
1.8022,1.03633
1.8022,1.06773
1.8022,1.09914
1.8022,1.13054
1.8022,1.16195
1.8022,1.19335
1.8022,1.22475
1.8022,1.25616
1.8022,1.28756
1.8022,1.31896
1.8022,1.35037
1.8022,1.38177
1.8022,1.41318
1.8022,1.44458
1.8022,1.47598
1.8022,1.50739
1.8022,1.53879
1.8022,1.5702
1.8659,0
1.8659,0.0323706
1.8659,0.0647412
1.8659,0.0971118
1.8659,0.129482
1.8659,0.161853
1.8659,0.194224
1.8659,0.226594
1.8659,0.258965
1.8659,0.291335
1.8659,0.323706
1.8659,0.356076
1.8659,0.388447
1.8659,0.420818
1.8659,0.453188
1.8659,0.485559
1.8659,0.517929
1.8659,0.5503
1.8659,0.582671
1.8659,0.615041
1.8659,0.647412
1.8659,0.679782
1.8659,0.712153
1.8659,0.744524
1.8659,0.776894
1.8659,0.809265
1.8659,0.841635
1.8659,0.874006
1.8659,0.906376
1.8659,0.938747
1.8659,0.971118
1.8659,1.00349
1.8659,1.03586
1.8659,1.06823
1.8659,1.1006
1.8659,1.13297
1.8659,1.16534
1.8659,1.19771
1.8659,1.23008
1.8659,1.26245
1.8659,1.29482
1.8659,1.32719
1.8659,1.35956
1.8659,1.39194
1.8659,1.42431
1.8659,1.45668
1.8659,1.48905
1.8659,1.52142
1.8659,1.55379
1.8659,1.58616
1.8659,1.61853
2.6112,0
2.6112,0.0426039
2.6112,0.0852078
2.6112,0.127812
2.6112,0.170416
2.6112,0.21302
2.6112,0.255624
2.6112,0.298227
2.6112,0.340831
2.6112,0.383435
2.6112,0.426039
2.6112,0.468643
2.6112,0.511247
2.6112,0.553851
2.6112,0.596455
2.6112,0.639059
2.6112,0.681663
2.6112,0.724267
2.6112,0.766871
2.6112,0.809475
2.6112,0.852078
2.6112,0.894682
2.6112,0.937286
2.6112,0.97989
2.6112,1.02249
2.6112,1.0651
2.6112,1.1077
2.6112,1.15031
2.6112,1.19291
2.6112,1.23551
2.6112,1.27812
2.6112,1.32072
2.6112,1.36333
2.6112,1.40593
2.6112,1.44853
2.6112,1.49114
2.6112,1.53374
2.6112,1.57635
2.6112,1.61895
2.6112,1.66155
2.6112,1.70416
2.6112,1.74676
2.6112,1.78936
2.6112,1.83197
2.6112,1.87457
2.6112,1.91718
2.6112,1.95978
2.6112,2.00238
2.6112,2.04499
2.6112,2.08759
2.6112,2.1302
4.3239,0
4.3239,0.0651078
4.3239,0.130216
4.3239,0.195324
4.3239,0.260431
4.3239,0.325539
4.3239,0.390647
4.3239,0.455755
4.3239,0.520863
4.3239,0.585971
4.3239,0.651078
4.3239,0.716186
4.3239,0.781294
4.3239,0.846402
4.3239,0.91151
4.3239,0.976618
4.3239,1.04173
4.3239,1.10683
4.3239,1.17194
4.3239,1.23705
4.3239,1.30216
4.3239,1.36726
4.3239,1.43237
4.3239,1.49748
4.3239,1.56259
4.3239,1.6277
4.3239,1.6928
4.3239,1.75791
4.3239,1.82302
4.3239,1.88813
4.3239,1.95324
4.3239,2.01834
4.3239,2.08345
4.3239,2.14856
4.3239,2.21367
4.3239,2.27877
4.3239,2.34388
4.3239,2.40899
4.3239,2.4741
4.3239,2.53921
4.3239,2.60431
4.3239,2.66942
4.3239,2.73453
4.3239,2.79964
4.3239,2.86475
4.3239,2.92985
4.3239,2.99496
4.3239,3.06007
4.3239,3.12518
4.3239,3.19028
4.3239,3.25539
5.3019,0
5.3019,0.0768765
5.3019,0.153753
5.3019,0.230629
5.3019,0.307506
5.3019,0.384382
5.3019,0.461259
5.3019,0.538135
5.3019,0.615012
5.3019,0.691888
5.3019,0.768765
5.3019,0.845641
5.3019,0.922518
5.3019,0.999394
5.3019,1.07627
5.3019,1.15315
5.3019,1.23002
5.3019,1.3069
5.3019,1.38378
5.3019,1.46065
5.3019,1.53753
5.3019,1.61441
5.3019,1.69128
5.3019,1.76816
5.3019,1.84504
5.3019,1.92191
5.3019,1.99879
5.3019,2.07566
5.3019,2.15254
5.3019,2.22942
5.3019,2.30629
5.3019,2.38317
5.3019,2.46005
5.3019,2.53692
5.3019,2.6138
5.3019,2.69068
5.3019,2.76755
5.3019,2.84443
5.3019,2.92131
5.3019,2.99818
5.3019,3.07506
5.3019,3.15194
5.3019,3.22881
5.3019,3.30569
5.3019,3.38256
5.3019,3.45944
5.3019,3.53632
5.3019,3.61319
5.3019,3.69007
5.3019,3.76695
5.3019,3.84382
6.4033,0
6.4033,0.0893431
6.4033,0.178686
6.4033,0.268029
6.4033,0.357373
6.4033,0.446716
6.4033,0.536059
6.4033,0.625402
6.4033,0.714745
6.4033,0.804088
6.4033,0.893431
6.4033,0.982775
6.4033,1.07212
6.4033,1.16146
6.4033,1.2508
6.4033,1.34015
6.4033,1.42949
6.4033,1.51883
6.4033,1.60818
6.4033,1.69752
6.4033,1.78686
6.4033,1.87621
6.4033,1.96555
6.4033,2.05489
6.4033,2.14424
6.4033,2.23358
6.4033,2.32292
6.4033,2.41226
6.4033,2.50161
6.4033,2.59095
6.4033,2.68029
6.4033,2.76964
6.4033,2.85898
6.4033,2.94832
6.4033,3.03767
6.4033,3.12701
6.4033,3.21635
6.4033,3.3057
6.4033,3.39504
6.4033,3.48438
6.4033,3.57373
6.4033,3.66307
6.4033,3.75241
6.4033,3.84175
6.4033,3.9311
6.4033,4.02044
6.4033,4.10978
6.4033,4.19913
6.4033,4.28847
6.4033,4.37781
6.4033,4.46716
7.6571,0
7.6571,0.102669
7.6571,0.205337
7.6571,0.308006
7.6571,0.410675
7.6571,0.513343
7.6571,0.616012
7.6571,0.71868
7.6571,0.821349
7.6571,0.924018
7.6571,1.02669
7.6571,1.12935
7.6571,1.23202
7.6571,1.33469
7.6571,1.43736
7.6571,1.54003
7.6571,1.6427
7.6571,1.74537
7.6571,1.84804
7.6571,1.9507
7.6571,2.05337
7.6571,2.15604
7.6571,2.25871
7.6571,2.36138
7.6571,2.46405
7.6571,2.56672
7.6571,2.66938
7.6571,2.77205
7.6571,2.87472
7.6571,2.97739
7.6571,3.08006
7.6571,3.18273
7.6571,3.2854
7.6571,3.38806
7.6571,3.49073
7.6571,3.5934
7.6571,3.69607
7.6571,3.79874
7.6571,3.90141
7.6571,4.00408
7.6571,4.10675
7.6571,4.20941
7.6571,4.31208
7.6571,4.41475
7.6571,4.51742
7.6571,4.62009
7.6571,4.72276
7.6571,4.82543
7.6571,4.92809
7.6571,5.03076
7.6571,5.13343
9.0947,0
9.0947,0.116984
9.0947,0.233969
9.0947,0.350953
9.0947,0.467937
9.0947,0.584922
9.0947,0.701906
9.0947,0.81889
9.0947,0.935875
9.0947,1.05286
9.0947,1.16984
9.0947,1.28683
9.0947,1.40381
9.0947,1.5208
9.0947,1.63778
9.0947,1.75476
9.0947,1.87175
9.0947,1.98873
9.0947,2.10572
9.0947,2.2227
9.0947,2.33969
9.0947,2.45667
9.0947,2.57365
9.0947,2.69064
9.0947,2.80762
9.0947,2.92461
9.0947,3.04159
9.0947,3.15858
9.0947,3.27556
9.0947,3.39255
9.0947,3.50953
9.0947,3.62651
9.0947,3.7435
9.0947,3.86048
9.0947,3.97747
9.0947,4.09445
9.0947,4.21144
9.0947,4.32842
9.0947,4.4454
9.0947,4.56239
9.0947,4.67937
9.0947,4.79636
9.0947,4.91334
9.0947,5.03033
9.0947,5.14731
9.0947,5.26429
9.0947,5.38128
9.0947,5.49826
9.0947,5.61525
9.0947,5.73223
9.0947,5.84922
10.752,0
10.752,0.132406
10.752,0.264812
10.752,0.397218
10.752,0.529624
10.752,0.662029
10.752,0.794435
10.752,0.926841
10.752,1.05925
10.752,1.19165
10.752,1.32406
10.752,1.45646
10.752,1.58887
10.752,1.72128
10.752,1.85368
10.752,1.98609
10.752,2.11849
10.752,2.2509
10.752,2.38331
10.752,2.51571
10.752,2.64812
10.752,2.78052
10.752,2.91293
10.752,3.04534
10.752,3.17774
10.752,3.31015
10.752,3.44255
10.752,3.57496
10.752,3.70736
10.752,3.83977
10.752,3.97218
10.752,4.10458
10.752,4.23699
10.752,4.36939
10.752,4.5018
10.752,4.63421
10.752,4.76661
10.752,4.89902
10.752,5.03142
10.752,5.16383
10.752,5.29624
10.752,5.42864
10.752,5.56105
10.752,5.69345
10.752,5.82586
10.752,5.95826
10.752,6.09067
10.752,6.22308
10.752,6.35548
10.752,6.48789
10.752,6.62029
12.672,0
12.672,0.149039
12.672,0.298078
12.672,0.447118
12.672,0.596157
12.672,0.745196
12.672,0.894235
12.672,1.04327
12.672,1.19231
12.672,1.34135
12.672,1.49039
12.672,1.63943
12.672,1.78847
12.672,1.93751
12.672,2.08655
12.672,2.23559
12.672,2.38463
12.672,2.53367
12.672,2.68271
12.672,2.83175
12.672,2.98078
12.672,3.12982
12.672,3.27886
12.672,3.4279
12.672,3.57694
12.672,3.72598
12.672,3.87502
12.672,4.02406
12.672,4.1731
12.672,4.32214
12.672,4.47118
12.672,4.62022
12.672,4.76925
12.672,4.91829
12.672,5.06733
12.672,5.21637
12.672,5.36541
12.672,5.51445
12.672,5.66349
12.672,5.81253
12.672,5.96157
12.672,6.11061
12.672,6.25965
12.672,6.40869
12.672,6.55773
12.672,6.70676
12.672,6.8558
12.672,7.00484
12.672,7.15388
12.672,7.30292
12.672,7.45196
14.902,0
14.902,0.166984
14.902,0.333969
14.902,0.500953
14.902,0.667937
14.902,0.834922
14.902,1.00191
14.902,1.16889
14.902,1.33587
14.902,1.50286
14.902,1.66984
14.902,1.83683
14.902,2.00381
14.902,2.1708
14.902,2.33778
14.902,2.50476
14.902,2.67175
14.902,2.83873
14.902,3.00572
14.902,3.1727
14.902,3.33969
14.902,3.50667
14.902,3.67365
14.902,3.84064
14.902,4.00762
14.902,4.17461
14.902,4.34159
14.902,4.50858
14.902,4.67556
14.902,4.84255
14.902,5.00953
14.902,5.17651
14.902,5.3435
14.902,5.51048
14.902,5.67747
14.902,5.84445
14.902,6.01144
14.902,6.17842
14.902,6.3454
14.902,6.51239
14.902,6.67937
14.902,6.84636
14.902,7.01334
14.902,7.18033
14.902,7.34731
14.902,7.51429
14.902,7.68128
14.902,7.84826
14.902,8.01525
14.902,8.18223
14.902,8.34922
17.504,0
17.504,0.186327
17.504,0.372655
17.504,0.558982
17.504,0.74531
17.504,0.931637
17.504,1.11796
17.504,1.30429
17.504,1.49062
17.504,1.67695
17.504,1.86327
17.504,2.0496
17.504,2.23593
17.504,2.42226
17.504,2.60858
17.504,2.79491
17.504,2.98124
17.504,3.16757
17.504,3.35389
17.504,3.54022
17.504,3.72655
17.504,3.91288
17.504,4.0992
17.504,4.28553
17.504,4.47186
17.504,4.65819
17.504,4.84451
17.504,5.03084
17.504,5.21717
17.504,5.4035
17.504,5.58982
17.504,5.77615
17.504,5.96248
17.504,6.14881
17.504,6.33513
17.504,6.52146
17.504,6.70779
17.504,6.89412
17.504,7.08044
17.504,7.26677
17.504,7.4531
17.504,7.63943
17.504,7.82575
17.504,8.01208
17.504,8.19841
17.504,8.38474
17.504,8.57106
17.504,8.75739
17.504,8.94372
17.504,9.13005
17.504,9.31637
20.547,0
20.547,0.207137
20.547,0.414275
20.547,0.621412
20.547,0.828549
20.547,1.03569
20.547,1.24282
20.547,1.44996
20.547,1.6571
20.547,1.86424
20.547,2.07137
20.547,2.27851
20.547,2.48565
20.547,2.69278
20.547,2.89992
20.547,3.10706
20.547,3.3142
20.547,3.52133
20.547,3.72847
20.547,3.93561
20.547,4.14275
20.547,4.34988
20.547,4.55702
20.547,4.76416
20.547,4.97129
20.547,5.17843
20.547,5.38557
20.547,5.59271
20.547,5.79984
20.547,6.00698
20.547,6.21412
20.547,6.42125
20.547,6.62839
20.547,6.83553
20.547,7.04267
20.547,7.2498
20.547,7.45694
20.547,7.66408
20.547,7.87122
20.547,8.07835
20.547,8.28549
20.547,8.49263
20.547,8.69976
20.547,8.9069
20.547,9.11404
20.547,9.32118
20.547,9.52831
20.547,9.73545
20.547,9.94259
20.547,10.1497
20.547,10.3569
24.118,0
24.118,0.229471
24.118,0.458941
24.118,0.688412
24.118,0.917882
24.118,1.14735
24.118,1.37682
24.118,1.60629
24.118,1.83576
24.118,2.06524
24.118,2.29471
24.118,2.52418
24.118,2.75365
24.118,2.98312
24.118,3.21259
24.118,3.44206
24.118,3.67153
24.118,3.901
24.118,4.13047
24.118,4.35994
24.118,4.58941
24.118,4.81888
24.118,5.04835
24.118,5.27782
24.118,5.50729
24.118,5.73676
24.118,5.96624
24.118,6.19571
24.118,6.42518
24.118,6.65465
24.118,6.88412
24.118,7.11359
24.118,7.34306
24.118,7.57253
24.118,7.802
24.118,8.03147
24.118,8.26094
24.118,8.49041
24.118,8.71988
24.118,8.94935
24.118,9.17882
24.118,9.40829
24.118,9.63776
24.118,9.86724
24.118,10.0967
24.118,10.3262
24.118,10.5556
24.118,10.7851
24.118,11.0146
24.118,11.2441
24.118,11.4735
28.322,0
28.322,0.253353
28.322,0.506706
28.322,0.760059
28.322,1.01341
28.322,1.26676
28.322,1.52012
28.322,1.77347
28.322,2.02682
28.322,2.28018
28.322,2.53353
28.322,2.78688
28.322,3.04024
28.322,3.29359
28.322,3.54694
28.322,3.80029
28.322,4.05365
28.322,4.307
28.322,4.56035
28.322,4.81371
28.322,5.06706
28.322,5.32041
28.322,5.57376
28.322,5.82712
28.322,6.08047
28.322,6.33382
28.322,6.58718
28.322,6.84053
28.322,7.09388
28.322,7.34724
28.322,7.60059
28.322,7.85394
28.322,8.10729
28.322,8.36065
28.322,8.614
28.322,8.86735
28.322,9.12071
28.322,9.37406
28.322,9.62741
28.322,9.88076
28.322,10.1341
28.322,10.3875
28.322,10.6408
28.322,10.8942
28.322,11.1475
28.322,11.4009
28.322,11.6542
28.322,11.9076
28.322,12.1609
28.322,12.4143
28.322,12.6676
33.286,0
33.286,0.278725
33.286,0.557451
33.286,0.836176
33.286,1.1149
33.286,1.39363
33.286,1.67235
33.286,1.95108
33.286,2.2298
33.286,2.50853
33.286,2.78725
33.286,3.06598
33.286,3.34471
33.286,3.62343
33.286,3.90216
33.286,4.18088
33.286,4.45961
33.286,4.73833
33.286,5.01706
33.286,5.29578
33.286,5.57451
33.286,5.85324
33.286,6.13196
33.286,6.41069
33.286,6.68941
33.286,6.96814
33.286,7.24686
33.286,7.52559
33.286,7.80431
33.286,8.08304
33.286,8.36176
33.286,8.64049
33.286,8.91922
33.286,9.19794
33.286,9.47667
33.286,9.75539
33.286,10.0341
33.286,10.3128
33.286,10.5916
33.286,10.8703
33.286,11.149
33.286,11.4277
33.286,11.7065
33.286,11.9852
33.286,12.2639
33.286,12.5426
33.286,12.8214
33.286,13.1001
33.286,13.3788
33.286,13.6575
33.286,13.9363
39.166,0
39.166,0.30551
39.166,0.61102
39.166,0.916529
39.166,1.22204
39.166,1.52755
39.166,1.83306
39.166,2.13857
39.166,2.44408
39.166,2.74959
39.166,3.0551
39.166,3.36061
39.166,3.66612
39.166,3.97163
39.166,4.27714
39.166,4.58265
39.166,4.88816
39.166,5.19367
39.166,5.49918
39.166,5.80469
39.166,6.1102
39.166,6.41571
39.166,6.72122
39.166,7.02673
39.166,7.33224
39.166,7.63775
39.166,7.94325
39.166,8.24876
39.166,8.55427
39.166,8.85978
39.166,9.16529
39.166,9.4708
39.166,9.77631
39.166,10.0818
39.166,10.3873
39.166,10.6928
39.166,10.9984
39.166,11.3039
39.166,11.6094
39.166,11.9149
39.166,12.2204
39.166,12.5259
39.166,12.8314
39.166,13.1369
39.166,13.4424
39.166,13.7479
39.166,14.0535
39.166,14.359
39.166,14.6645
39.166,14.97
39.166,15.2755
46.154,0
46.154,0.33349
46.154,0.66698
46.154,1.00047
46.154,1.33396
46.154,1.66745
46.154,2.00094
46.154,2.33443
46.154,2.66792
46.154,3.00141
46.154,3.3349
46.154,3.66839
46.154,4.00188
46.154,4.33537
46.154,4.66886
46.154,5.00235
46.154,5.33584
46.154,5.66933
46.154,6.00282
46.154,6.33631
46.154,6.6698
46.154,7.00329
46.154,7.33678
46.154,7.67027
46.154,8.00376
46.154,8.33725
46.154,8.67075
46.154,9.00424
46.154,9.33773
46.154,9.67122
46.154,10.0047
46.154,10.3382
46.154,10.6717
46.154,11.0052
46.154,11.3387
46.154,11.6722
46.154,12.0056
46.154,12.3391
46.154,12.6726
46.154,13.0061
46.154,13.3396
46.154,13.6731
46.154,14.0066
46.154,14.3401
46.154,14.6736
46.154,15.0071
46.154,15.3405
46.154,15.674
46.154,16.0075
46.154,16.341
46.154,16.6745
54.488,0
54.488,0.362294
54.488,0.724588
54.488,1.08688
54.488,1.44918
54.488,1.81147
54.488,2.17376
54.488,2.53606
54.488,2.89835
54.488,3.26065
54.488,3.62294
54.488,3.98524
54.488,4.34753
54.488,4.70982
54.488,5.07212
54.488,5.43441
54.488,5.79671
54.488,6.159
54.488,6.52129
54.488,6.88359
54.488,7.24588
54.488,7.60818
54.488,7.97047
54.488,8.33276
54.488,8.69506
54.488,9.05735
54.488,9.41965
54.488,9.78194
54.488,10.1442
54.488,10.5065
54.488,10.8688
54.488,11.2311
54.488,11.5934
54.488,11.9557
54.488,12.318
54.488,12.6803
54.488,13.0426
54.488,13.4049
54.488,13.7672
54.488,14.1295
54.488,14.4918
54.488,14.8541
54.488,15.2164
54.488,15.5786
54.488,15.9409
54.488,16.3032
54.488,16.6655
54.488,17.0278
54.488,17.3901
54.488,17.7524
54.488,18.1147
64.462,0
64.462,0.391392
64.462,0.782784
64.462,1.17418
64.462,1.56557
64.462,1.95696
64.462,2.34835
64.462,2.73975
64.462,3.13114
64.462,3.52253
64.462,3.91392
64.462,4.30531
64.462,4.69671
64.462,5.0881
64.462,5.47949
64.462,5.87088
64.462,6.26227
64.462,6.65367
64.462,7.04506
64.462,7.43645
64.462,7.82784
64.462,8.21924
64.462,8.61063
64.462,9.00202
64.462,9.39341
64.462,9.7848
64.462,10.1762
64.462,10.5676
64.462,10.959
64.462,11.3504
64.462,11.7418
64.462,12.1332
64.462,12.5245
64.462,12.9159
64.462,13.3073
64.462,13.6987
64.462,14.0901
64.462,14.4815
64.462,14.8729
64.462,15.2643
64.462,15.6557
64.462,16.0471
64.462,16.4385
64.462,16.8299
64.462,17.2213
64.462,17.6126
64.462,18.004
64.462,18.3954
64.462,18.7868
64.462,19.1782
64.462,19.5696
76.445,0
76.445,0.419922
76.445,0.839843
76.445,1.25976
76.445,1.67969
76.445,2.09961
76.445,2.51953
76.445,2.93945
76.445,3.35937
76.445,3.77929
76.445,4.19922
76.445,4.61914
76.445,5.03906
76.445,5.45898
76.445,5.8789
76.445,6.29882
76.445,6.71875
76.445,7.13867
76.445,7.55859
76.445,7.97851
76.445,8.39843
76.445,8.81835
76.445,9.23827
76.445,9.6582
76.445,10.0781
76.445,10.498
76.445,10.918
76.445,11.3379
76.445,11.7578
76.445,12.1777
76.445,12.5976
76.445,13.0176
76.445,13.4375
76.445,13.8574
76.445,14.2773
76.445,14.6973
76.445,15.1172
76.445,15.5371
76.445,15.957
76.445,16.3769
76.445,16.7969
76.445,17.2168
76.445,17.6367
76.445,18.0566
76.445,18.4765
76.445,18.8965
76.445,19.3164
76.445,19.7363
76.445,20.1562
76.445,20.5762
76.445,20.9961
90.897,0
90.897,0.446627
90.897,0.893255
90.897,1.33988
90.897,1.78651
90.897,2.23314
90.897,2.67976
90.897,3.12639
90.897,3.57302
90.897,4.01965
90.897,4.46627
90.897,4.9129
90.897,5.35953
90.897,5.80616
90.897,6.25278
90.897,6.69941
90.897,7.14604
90.897,7.59267
90.897,8.03929
90.897,8.48592
90.897,8.93255
90.897,9.37918
90.897,9.8258
90.897,10.2724
90.897,10.7191
90.897,11.1657
90.897,11.6123
90.897,12.0589
90.897,12.5056
90.897,12.9522
90.897,13.3988
90.897,13.8455
90.897,14.2921
90.897,14.7387
90.897,15.1853
90.897,15.632
90.897,16.0786
90.897,16.5252
90.897,16.9718
90.897,17.4185
90.897,17.8651
90.897,18.3117
90.897,18.7584
90.897,19.205
90.897,19.6516
90.897,20.0982
90.897,20.5449
90.897,20.9915
90.897,21.4381
90.897,21.8847
90.897,22.3314
108.4,0
108.4,0.469706
108.4,0.939412
108.4,1.40912
108.4,1.87882
108.4,2.34853
108.4,2.81824
108.4,3.28794
108.4,3.75765
108.4,4.22735
108.4,4.69706
108.4,5.16676
108.4,5.63647
108.4,6.10618
108.4,6.57588
108.4,7.04559
108.4,7.51529
108.4,7.985
108.4,8.45471
108.4,8.92441
108.4,9.39412
108.4,9.86382
108.4,10.3335
108.4,10.8032
108.4,11.2729
108.4,11.7426
108.4,12.2124
108.4,12.6821
108.4,13.1518
108.4,13.6215
108.4,14.0912
108.4,14.5609
108.4,15.0306
108.4,15.5003
108.4,15.97
108.4,16.4397
108.4,16.9094
108.4,17.3791
108.4,17.8488
108.4,18.3185
108.4,18.7882
108.4,19.2579
108.4,19.7276
108.4,20.1974
108.4,20.6671
108.4,21.1368
108.4,21.6065
108.4,22.0762
108.4,22.5459
108.4,23.0156
108.4,23.4853
129.7,0
129.7,0.486529
129.7,0.973059
129.7,1.45959
129.7,1.94612
129.7,2.43265
129.7,2.91918
129.7,3.40571
129.7,3.89224
129.7,4.37876
129.7,4.86529
129.7,5.35182
129.7,5.83835
129.7,6.32488
129.7,6.81141
129.7,7.29794
129.7,7.78447
129.7,8.271
129.7,8.75753
129.7,9.24406
129.7,9.73059
129.7,10.2171
129.7,10.7036
129.7,11.1902
129.7,11.6767
129.7,12.1632
129.7,12.6498
129.7,13.1363
129.7,13.6228
129.7,14.1094
129.7,14.5959
129.7,15.0824
129.7,15.5689
129.7,16.0555
129.7,16.542
129.7,17.0285
129.7,17.5151
129.7,18.0016
129.7,18.4881
129.7,18.9746
129.7,19.4612
129.7,19.9477
129.7,20.4342
129.7,20.9208
129.7,21.4073
129.7,21.8938
129.7,22.3804
129.7,22.8669
129.7,23.3534
129.7,23.8399
129.7,24.3265
