0,0,0.00255825,16.7559,5.66452e-16,0,5659.84
10,1.5e-06,0.00210724,3.48143,0.00131781,1.86502e-05,1356.4
20,3e-06,0.00125506,2.16097,0.00143902,5.27453e-05,1063.77
30,4.5e-06,0.00099608,1.66771,0.00168111,1.12925e-05,845.451
40,6e-06,0.000877875,1.36598,0.00200837,1.05817e-05,704.554
50,7.5e-06,0.00076719,1.15576,0.00227133,9.9899e-06,599.108
60,9e-06,0.000668251,0.984032,0.00245764,9.30224e-06,515.884
70,1.05e-05,0.000543332,0.837757,0.00260695,8.31673e-06,445.462
80,1.2e-05,0.000474007,0.751211,0.0027402,8.44302e-06,402.857
90,1.35e-05,0.00043459,0.68851,0.00287507,8.39294e-06,372.475
100,1.5e-05,0.000414526,0.644237,0.00300731,8.27332e-06,348.551
110,1.65e-05,0.000396112,0.605016,0.00312902,8.04147e-06,327.243
120,1.8e-05,0.000379098,0.569984,0.00323635,8.70003e-06,307.953
130,1.95e-05,0.000374941,0.538913,0.00331943,6.31012e-06,290.034
140,2.1e-05,0.000362375,0.510691,0.0033789,6.06361e-06,271.016
150,2.25e-05,0.000356795,0.486294,0.00340934,5.81681e-06,256.313
160,2.4e-05,0.000346103,0.464678,0.00344878,5.31893e-06,244.559
170,2.55e-05,0.000331652,0.443754,0.00348903,5.12621e-06,234.272
180,2.7e-05,0.000321267,0.425162,0.00351373,4.96416e-06,225.178
190,2.85e-05,0.000312059,0.408451,0.00353906,4.77193e-06,216.974
200,3e-05,0.000297919,0.393314,0.00357753,5.03119e-06,209.015
210,3.15e-05,0.000287976,0.380675,0.00362639,4.93062e-06,202.801
220,3.3e-05,0.000280383,0.369046,0.00366768,4.71629e-06,197.226
230,3.45e-05,0.000273753,0.358241,0.00371091,4.55926e-06,192.06
240,3.6e-05,0.00026789,0.348155,0.00375197,4.38839e-06,187.293
250,3.75e-05,0.000263112,0.338686,0.00380779,4.34594e-06,182.832
260,3.9e-05,0.000258764,0.329699,0.00384641,4.06498e-06,178.464
270,4.05e-05,0.000250082,0.318642,0.00387791,3.97819e-06,173.64
280,4.2e-05,0.000242047,0.309265,0.00391518,3.83783e-06,169.208
290,4.35e-05,0.000234351,0.30046,0.00394927,3.71834e-06,164.873
300,4.5e-05,0.000227884,0.292297,0.00396106,3.72371e-06,160.789
310,4.65e-05,0.000222272,0.284721,0.003976,3.73021e-06,156.991
320,4.8e-05,0.00021428,0.277247,0.00398357,3.91927e-06,153.323
330,4.95e-05,0.000207228,0.269564,0.00398364,3.33562e-06,149.618
340,5.1e-05,0.00020177,0.261987,0.00398179,3.21588e-06,145.994
350,5.25e-05,0.000196345,0.254784,0.00398175,3.29225e-06,142.524
360,5.4e-05,0.000191073,0.248024,0.00398962,3.21965e-06,139.245
370,5.55e-05,0.000186102,0.2417,0.00399782,3.22135e-06,136.178
380,5.7e-05,0.0001814,0.235759,0.0040009,3.17662e-06,133.278
390,5.85e-05,0.000176948,0.230157,0.00400463,3.16564e-06,130.506
400,6e-05,0.000173075,0.224942,0.0040081,3.24885e-06,127.884
410,6.15e-05,0.000168668,0.220508,0.00402718,3.82727e-06,125.579
420,6.3e-05,0.000164601,0.216391,0.00405303,3.33864e-06,123.315
430,6.45e-05,0.000160673,0.212447,0.0040748,3.33523e-06,121.242
440,6.6e-05,0.000157045,0.208653,0.00409094,3.46146e-06,119.285
450,6.75e-05,0.000153676,0.204999,0.00410128,3.13978e-06,117.409
460,6.9e-05,0.000150573,0.201493,0.00412334,2.43604e-06,115.631
470,7.05e-05,0.000147694,0.198148,0.00413173,2.33939e-06,113.946
480,7.2e-05,0.000144993,0.194944,0.00413807,2.38908e-06,112.336
490,7.35e-05,0.000142449,0.191855,0.00414696,2.75541e-06,110.779
500,7.5e-05,0.000140206,0.188907,0.00415649,2.84675e-06,109.281
510,7.65e-05,0.000138851,0.186144,0.0041673,2.77194e-06,107.863
520,7.8e-05,0.000137717,0.183457,0.00417566,2.75427e-06,106.488
530,7.95e-05,0.000136558,0.180835,0.00418055,2.61784e-06,105.128
540,8.1e-05,0.000135251,0.178248,0.00418728,3.06905e-06,103.769
550,8.25e-05,0.000134155,0.175766,0.00418907,2.52556e-06,102.475
560,8.4e-05,0.000133282,0.173823,0.00418894,2.34845e-06,101.336
570,8.55e-05,0.000132936,0.172085,0.00418862,2.4175e-06,100.275
580,8.7e-05,0.00013274,0.170339,0.00418928,2.3841e-06,99.2387
590,8.85e-05,0.000132655,0.16863,0.00419109,2.30148e-06,98.2413
600,9e-05,0.000131917,0.166886,0.00419486,2.41113e-06,97.2601
610,9.15e-05,0.000130026,0.165,0.00419523,2.41555e-06,96.2685
620,9.3e-05,0.000128613,0.163147,0.00419583,2.4997e-06,95.3536
630,9.45e-05,0.000127255,0.161344,0.00419951,2.1222e-06,94.4233
640,9.6e-05,0.000125998,0.159586,0.00420065,2.14741e-06,93.5021
650,9.75e-05,0.000124815,0.157875,0.00420369,2.24852e-06,92.5981
660,9.9e-05,0.000123756,0.156218,0.00420603,2.07674e-06,91.72
670,0.0001005,0.000122783,0.154613,0.00420738,2.05016e-06,90.8685
680,0.000102,0.000121849,0.153048,0.00420959,2.12347e-06,90.0327
690,0.0001035,0.000121124,0.151565,0.00421422,2.50979e-06,89.2501
700,0.000105,0.000120402,0.150221,0.00422152,2.724e-06,88.6115
710,0.0001065,0.000119614,0.148921,0.00423277,3.34615e-06,87.9968
720,0.000108,0.0001191,0.147694,0.00425465,2.83949e-06,87.3998
730,0.0001095,0.000118747,0.146507,0.00427118,2.37154e-06,86.8128
740,0.000111,0.000118426,0.14534,0.00428467,2.57186e-06,86.236
750,0.0001125,0.000118081,0.144194,0.00429681,2.58384e-06,85.6576
760,0.000114,0.000117729,0.143069,0.00430833,2.35675e-06,85.0837
770,0.0001155,0.000117389,0.141969,0.004316,2.27337e-06,84.5258
780,0.000117,0.000117037,0.140891,0.0043266,2.57344e-06,83.973
790,0.0001185,0.000116689,0.139832,0.00433658,2.40163e-06,83.4241
800,0.00012,0.000116334,0.13879,0.0043444,2.4288e-06,82.8771
810,0.0001215,0.00011596,0.137767,0.00435219,2.47363e-06,82.3268
820,0.000123,0.000115586,0.136764,0.00436054,2.43879e-06,81.7856
830,0.0001245,0.00011523,0.13578,0.00436722,2.51162e-06,81.254
840,0.000126,0.000114894,0.134818,0.00437642,2.40108e-06,80.7345
850,0.0001275,0.000114484,0.133852,0.00438688,2.39879e-06,80.2023
860,0.000129,0.000113527,0.132863,0.00439459,2.62153e-06,79.6625
870,0.0001305,0.00011285,0.131906,0.00440279,2.91404e-06,79.1256
880,0.000132,0.000112193,0.130976,0.00441087,2.67385e-06,78.5286
890,0.0001335,0.000111415,0.130054,0.00441419,2.66996e-06,77.8403
900,0.000135,0.000110686,0.129142,0.00441774,2.38376e-06,77.2074
910,0.0001365,0.000110009,0.128243,0.00442268,2.43304e-06,76.6114
920,0.000138,0.000109357,0.127356,0.00442647,2.52017e-06,76.0339
930,0.0001395,0.000108757,0.126485,0.00443108,2.56429e-06,75.4758
940,0.000141,0.000108188,0.125624,0.00443643,2.49284e-06,74.9325
950,0.0001425,0.000107483,0.124756,0.00444205,2.65558e-06,74.4063
960,0.000144,0.000106493,0.123853,0.00444781,2.84081e-06,73.884
970,0.0001455,0.0001055,0.122942,0.00445296,3.03447e-06,73.3669
980,0.000147,0.000104574,0.122033,0.00446286,3.15177e-06,72.8536
990,0.0001485,0.000103911,0.121156,0.00447132,3.36317e-06,72.3516
1000,0.00015,0.000103443,0.120296,0.00448008,3.16315e-06,71.8611
1010,0.0001515,0.000103047,0.119449,0.00448808,3.10316e-06,71.3811
1020,0.000153,0.000102665,0.118617,0.00449562,2.8593e-06,70.9111
1030,0.0001545,0.000102277,0.117795,0.00450268,3.38777e-06,70.453
1040,0.000156,0.000101686,0.116727,0.0045083,3.97509e-06,69.9531
1050,0.0001575,0.000101324,0.115845,0.0045152,4.50099e-06,69.5445
1060,0.000159,0.000100953,0.115029,0.00452229,3.2562e-06,69.1701
1070,0.0001605,0.000100522,0.114246,0.00452771,4.43719e-06,68.8023
1080,0.000162,0.000100038,0.113483,0.00453873,4.0549e-06,68.4361
1090,0.0001635,9.95025e-05,0.112738,0.00455733,5.23793e-06,68.0756
1100,0.000165,9.89404e-05,0.112003,0.00457859,5.85411e-06,67.7163
1110,0.0001665,9.83761e-05,0.111289,0.00460327,3.38764e-06,67.3632
1120,0.000168,9.78038e-05,0.11059,0.00462837,3.34942e-06,67.0124
1130,0.0001695,9.72233e-05,0.109906,0.00465059,3.60182e-06,66.6672
1140,0.000171,9.6522e-05,0.109231,0.00466825,3.36557e-06,66.3286
1150,0.0001725,9.56911e-05,0.108548,0.00468204,3.53394e-06,65.9904
1160,0.000174,9.49586e-05,0.107886,0.00469416,3.69618e-06,65.6567
1170,0.0001755,9.42674e-05,0.10724,0.00471072,4.73325e-06,65.3284
1180,0.000177,9.36003e-05,0.106606,0.00472406,4.55911e-06,65.0038
1190,0.0001785,9.29542e-05,0.105984,0.00473664,4.70027e-06,64.6831
1200,0.00018,9.23236e-05,0.10537,0.00474804,4.96152e-06,64.3642
1210,0.0001815,9.17057e-05,0.104765,0.00475952,4.6836e-06,64.0545
1220,0.000183,9.10978e-05,0.104169,0.00476934,5.16807e-06,63.753
1230,0.0001845,9.05063e-05,0.103579,0.00478333,6.41953e-06,63.4519
1240,0.000186,8.98829e-05,0.103,0.00479818,5.60679e-06,63.148
1250,0.0001875,8.92887e-05,0.10243,0.00481122,5.81614e-06,62.8438
1260,0.000189,8.87159e-05,0.101864,0.00482383,6.66389e-06,62.5414
1270,0.0001905,8.81693e-05,0.101309,0.00483618,5.84083e-06,62.2435
1280,0.000192,8.76498e-05,0.100765,0.00484705,6.18276e-06,61.9521
1290,0.0001935,8.71329e-05,0.10023,0.00485849,6.72276e-06,61.6643
1300,0.000195,8.66274e-05,0.0997023,0.00486938,6.45725e-06,61.3802
1310,0.0001965,8.61366e-05,0.0991828,0.00488112,6.21468e-06,61.1004
1320,0.000198,8.57263e-05,0.098683,0.00488967,5.82637e-06,60.825
1330,0.0001995,8.54102e-05,0.0981966,0.00489664,5.23791e-06,60.5547
1340,0.000201,8.5145e-05,0.0977185,0.00490376,5.03024e-06,60.2891
1350,0.0002025,8.49045e-05,0.0972434,0.00490951,4.92148e-06,60.0227
1360,0.000204,8.46719e-05,0.0967714,0.00491444,4.70206e-06,59.7561
1370,0.0002055,8.44495e-05,0.0963053,0.00492035,4.53136e-06,59.4925
1380,0.000207,8.42296e-05,0.0958431,0.00492611,4.19801e-06,59.2312
1390,0.0002085,8.40158e-05,0.0953868,0.00493153,4.04145e-06,58.9741
1400,0.00021,8.37458e-05,0.0949274,0.00493664,4.33888e-06,58.7182
1410,0.0002115,8.33968e-05,0.0944576,0.00494131,4.58309e-06,58.4603
1420,0.000213,8.30164e-05,0.0939875,0.0049461,4.63397e-06,58.2051
1430,0.0002145,8.26322e-05,0.0935235,0.00495396,5.07111e-06,57.955
1440,0.000216,8.22406e-05,0.0930629,0.00496036,5.55019e-06,57.707
1450,0.0002175,8.18527e-05,0.0926001,0.00496582,6.10349e-06,57.4583
1460,0.000219,8.1551e-05,0.09214,0.0049689,7.13163e-06,57.2073
1470,0.0002205,8.12662e-05,0.0917016,0.00497165,9.254e-06,56.9847
1480,0.000222,8.09498e-05,0.0912812,0.00497372,7.26255e-06,56.7691
1490,0.0002235,8.04314e-05,0.0908594,0.00497525,7.80962e-06,56.5635
1500,0.000225,7.99452e-05,0.090441,0.00497598,9.31228e-06,56.3628
1510,0.0002265,7.94703e-05,0.0900246,0.00497521,1.21858e-05,56.1609
1520,0.000228,7.90148e-05,0.0896096,0.00497306,1.19893e-05,55.9607
1530,0.0002295,7.85589e-05,0.0892551,0.00497724,6.5823e-06,55.7723
1540,0.000231,7.81652e-05,0.0889485,0.00498276,7.71137e-06,55.5935
1550,0.0002325,7.78102e-05,0.0886504,0.00498827,8.80698e-06,55.4168
1560,0.000234,7.74923e-05,0.0883569,0.004993,1.20706e-05,55.2421
1570,0.0002355,7.72007e-05,0.0880713,0.00499817,6.56198e-06,55.0698
1580,0.000237,7.69255e-05,0.0877859,0.0050045,7.15464e-06,54.8988
1590,0.0002385,7.66637e-05,0.0874993,0.00501005,7.88299e-06,54.7267
1600,0.00024,7.64066e-05,0.0872129,0.00501788,9.73287e-06,54.5538
1610,0.0002415,7.61661e-05,0.0869247,0.00502511,1.24642e-05,54.374
1620,0.000243,7.59378e-05,0.0866379,0.00503269,7.98021e-06,54.1653
1630,0.0002445,7.56877e-05,0.0863527,0.0050419,7.02132e-06,53.9657
1640,0.000246,7.54346e-05,0.0860686,0.00505125,6.85576e-06,53.7708
1650,0.0002475,7.51894e-05,0.0857848,0.0050608,8.22738e-06,53.5812
1660,0.000249,7.49415e-05,0.0855025,0.00506921,9.64713e-06,53.3975
1670,0.0002505,7.46978e-05,0.0852199,0.00507598,1.06872e-05,53.2163
1680,0.000252,7.44584e-05,0.0849366,0.00508181,1.34846e-05,53.036
1690,0.0002535,7.42168e-05,0.0846548,0.00508672,1.2256e-05,52.8561
1700,0.000255,7.40315e-05,0.0843835,0.00509366,1.2965e-05,52.6779
1710,0.0002565,7.38867e-05,0.0841169,0.00510047,1.49085e-05,52.5018
1720,0.000258,7.37624e-05,0.0838517,0.00510672,1.52439e-05,52.3272
1730,0.0002595,7.3649e-05,0.0835873,0.00511198,1.70428e-05,52.1544
1740,0.000261,7.35425e-05,0.0833239,0.00511625,1.18747e-05,51.9831
1750,0.0002625,7.3438e-05,0.0830637,0.00512117,1.13516e-05,51.8136
1760,0.000264,7.33346e-05,0.0828053,0.00512489,1.41625e-05,51.6451
1770,0.0002655,7.32319e-05,0.0825481,0.00512707,1.72228e-05,51.4777
1780,0.000267,7.31346e-05,0.0822943,0.00512791,1.45298e-05,51.3133
1790,0.0002685,7.30319e-05,0.0820438,0.0051299,1.42971e-05,51.1506
1800,0.00027,7.29254e-05,0.0817949,0.00513184,1.68147e-05,50.9891
1810,0.0002715,7.28136e-05,0.081548,0.00513495,1.31424e-05,50.8284
1820,0.000273,7.27046e-05,0.0813048,0.00513905,1.22052e-05,50.6716
1830,0.0002745,7.25965e-05,0.081064,0.00514317,1.3001e-05,50.5177
1840,0.000276,7.24867e-05,0.0808245,0.00514903,1.4158e-05,50.3661
1850,0.0002775,7.238e-05,0.0805916,0.00515491,1.18526e-05,50.2183
1860,0.000279,7.22768e-05,0.0803636,0.00516211,1.13541e-05,50.0748
1870,0.0002805,7.21736e-05,0.0801389,0.00516971,1.1199e-05,49.9349
1880,0.000282,7.2073e-05,0.0799168,0.0051772,1.10503e-05,49.7971
1890,0.0002835,7.19777e-05,0.0796981,0.0051847,1.13164e-05,49.6621
1900,0.000285,7.18841e-05,0.0794817,0.00519142,1.12243e-05,49.5282
1910,0.0002865,7.16638e-05,0.0792601,0.00519814,1.21718e-05,49.395
1920,0.000288,7.1493e-05,0.0790419,0.00520506,1.28405e-05,49.2629
1930,0.0002895,7.13421e-05,0.078826,0.00521184,1.34916e-05,49.1305
1940,0.000291,7.12454e-05,0.0786097,0.00521868,1.17345e-05,48.994
1950,0.0002925,7.11525e-05,0.0784043,0.00522632,1.14958e-05,48.8705
1960,0.000294,7.10626e-05,0.0782054,0.00523427,1.16286e-05,48.7535
1970,0.0002955,7.09426e-05,0.0780057,0.00524265,1.14923e-05,48.6388
1980,0.000297,7.07572e-05,0.0777988,0.00525098,1.08506e-05,48.5237
1990,0.0002985,7.05463e-05,0.0775914,0.00525969,1.01479e-05,48.4101
2000,0.0003,7.03344e-05,0.0773851,0.00526811,1.00682e-05,48.2975
2010,0.0003015,7.01205e-05,0.0771803,0.00527552,1.04142e-05,48.1858
2020,0.000303,6.99025e-05,0.0769752,0.00528155,1.03962e-05,48.0738
2030,0.0003045,6.96902e-05,0.0767691,0.00528683,1.066e-05,47.9592
2040,0.000306,6.94785e-05,0.0765638,0.00529172,1.10035e-05,47.8451
2050,0.0003075,6.92671e-05,0.076359,0.00529713,1.19169e-05,47.731
2060,0.000309,6.90556e-05,0.0761558,0.00530317,1.09419e-05,47.617
2070,0.0003105,6.8844e-05,0.0759535,0.00530919,9.33872e-06,47.5038
2080,0.000312,6.86331e-05,0.0757517,0.00531546,8.79091e-06,47.3921
2090,0.0003135,6.84316e-05,0.0755509,0.00532239,8.31055e-06,47.282
2100,0.000315,6.82357e-05,0.0753514,0.0053296,8.17091e-06,47.174
2110,0.0003165,6.80448e-05,0.0751541,0.00533701,7.95951e-06,47.0672
2120,0.000318,6.78962e-05,0.074962,0.00534441,8.39665e-06,46.9598
2130,0.0003195,6.7779e-05,0.0747708,0.00535132,7.64863e-06,46.851
2140,0.000321,6.76754e-05,0.0745804,0.00535845,7.73628e-06,46.7425
2150,0.0003225,6.7578e-05,0.0743898,0.00536677,7.61827e-06,46.6331
2160,0.000324,6.74839e-05,0.0742001,0.00537556,7.68614e-06,46.5237
2170,0.0003255,6.73955e-05,0.0740116,0.00538475,7.44945e-06,46.4146
2180,0.000327,6.73094e-05,0.0738239,0.00539328,7.25224e-06,46.3055
2190,0.0003285,6.72216e-05,0.0736376,0.00540178,8.66216e-06,46.1969
2200,0.00033,6.71094e-05,0.0734411,0.00540925,7.64599e-06,46.0873
2210,0.0003315,6.69485e-05,0.0732097,0.00541654,7.23653e-06,45.9721
2220,0.000333,6.68258e-05,0.072993,0.00542494,7.43677e-06,45.86
2230,0.0003345,6.67003e-05,0.0727862,0.00543298,7.58208e-06,45.75
2240,0.000336,6.65753e-05,0.0725818,0.00544074,7.64781e-06,45.6398
2250,0.0003375,6.64493e-05,0.0723813,0.00544821,8.10606e-06,45.5307
2260,0.000339,6.63198e-05,0.0721819,0.005455,9.48145e-06,45.4204
2270,0.0003405,6.61917e-05,0.0719873,0.00546131,8.22716e-06,45.3114
2280,0.000342,6.6066e-05,0.0717947,0.00546745,7.91895e-06,45.2031
2290,0.0003435,6.59403e-05,0.0716054,0.0054733,7.45694e-06,45.0955
2300,0.000345,6.58128e-05,0.0714168,0.00547902,7.47741e-06,44.9881
2310,0.0003465,6.5684e-05,0.0712294,0.00548495,7.71083e-06,44.8822
2320,0.000348,6.55555e-05,0.0710456,0.00549115,7.49706e-06,44.7779
2330,0.0003495,6.54294e-05,0.0708641,0.00549755,8.55984e-06,44.6747
2340,0.000351,6.53045e-05,0.0706851,0.00550481,8.46787e-06,44.5729
2350,0.0003525,6.50732e-05,0.0704996,0.00551155,8.68426e-06,44.4709
2360,0.000354,6.48841e-05,0.0703185,0.00551794,9.54489e-06,44.3695
2370,0.0003555,6.47057e-05,0.0701399,0.00552423,9.50945e-06,44.2686
2380,0.000357,6.45371e-05,0.0699648,0.00553067,9.61117e-06,44.1682
2390,0.0003585,6.43676e-05,0.0697912,0.00553664,1.01669e-05,44.0683
2400,0.00036,6.41995e-05,0.0696189,0.00554258,1.05013e-05,43.9687
2410,0.0003615,6.40258e-05,0.0694478,0.00554858,9.26476e-06,43.8695
2420,0.000363,6.38596e-05,0.0692786,0.00555535,8.99787e-06,43.7708
2430,0.0003645,6.37006e-05,0.0691095,0.00556224,8.90282e-06,43.6729
2440,0.000366,6.35408e-05,0.0689424,0.00556891,9.92391e-06,43.5754
2450,0.0003675,6.33871e-05,0.0687778,0.00557618,9.76796e-06,43.4789
2460,0.000369,6.32384e-05,0.0686125,0.00558407,9.11355e-06,43.3803
2470,0.0003705,6.31026e-05,0.0684473,0.00559191,9.1458e-06,43.2804
2480,0.000372,6.29763e-05,0.068288,0.00559957,9.51851e-06,43.1879
2490,0.0003735,6.28537e-05,0.0681325,0.00560706,9.60742e-06,43.0998
2500,0.000375,6.27328e-05,0.0679797,0.00561444,1.01304e-05,43.0145
2510,0.0003765,6.26094e-05,0.0678279,0.00562176,1.03973e-05,42.9309
2520,0.000378,6.24822e-05,0.0676772,0.00562888,1.01061e-05,42.8486
2530,0.0003795,6.23552e-05,0.0675289,0.00563612,1.03964e-05,42.7678
2540,0.000381,6.22324e-05,0.0673826,0.00564348,1.00135e-05,42.688
2550,0.0003825,6.21118e-05,0.0672384,0.00565094,9.79229e-06,42.6092
2560,0.000384,6.19886e-05,0.0670948,0.00565824,9.34345e-06,42.5281
2570,0.0003855,6.18621e-05,0.0669509,0.00566502,9.44189e-06,42.4471
2580,0.000387,6.173e-05,0.0668076,0.0056714,9.80191e-06,42.3663
2590,0.0003885,6.15866e-05,0.0666623,0.0056774,9.87161e-06,42.2852
2600,0.00039,6.14463e-05,0.0665169,0.005683,9.94164e-06,42.2037
2610,0.0003915,6.13128e-05,0.0663709,0.00568891,1.20331e-05,42.1223
2620,0.000393,6.11864e-05,0.0662247,0.00569479,8.91802e-06,42.0402
2630,0.0003945,6.10614e-05,0.0660786,0.00570075,8.72765e-06,41.9578
2640,0.000396,6.09386e-05,0.0659328,0.00570765,8.83401e-06,41.8742
2650,0.0003975,6.08225e-05,0.0657873,0.00571483,8.61458e-06,41.7899
2660,0.000399,6.07093e-05,0.0656431,0.00572202,8.40682e-06,41.7059
2670,0.0004005,6.05975e-05,0.0655001,0.00572926,8.62732e-06,41.6208
2680,0.000402,6.04844e-05,0.065357,0.00573629,8.12931e-06,41.5301
2690,0.0004035,6.03691e-05,0.0652142,0.00574301,8.14012e-06,41.4381
2700,0.000405,6.02522e-05,0.0650718,0.00574978,7.94378e-06,41.3467
2710,0.0004065,6.0133e-05,0.06493,0.00575753,7.73832e-06,41.2559
2720,0.000408,6.00131e-05,0.0647892,0.00576597,8.05427e-06,41.167
2730,0.0004095,5.98862e-05,0.0646479,0.00577431,8.10933e-06,41.0786
2740,0.000411,5.9751e-05,0.0645063,0.0057827,8.32182e-06,40.9902
2750,0.0004125,5.96168e-05,0.0643665,0.00579131,8.32107e-06,40.9033
2760,0.000414,5.94822e-05,0.0642272,0.00580045,8.09643e-06,40.8172
2770,0.0004155,5.93482e-05,0.0640887,0.00580967,8.15799e-06,40.7317
2780,0.000417,5.92159e-05,0.0639517,0.00581901,8.18197e-06,40.6472
2790,0.0004185,5.90888e-05,0.0638158,0.00582799,8.63652e-06,40.5632
2800,0.00042,5.89586e-05,0.0636809,0.00583751,8.48247e-06,40.4803
2810,0.0004215,5.87461e-05,0.0635442,0.0058466,8.56402e-06,40.398
2820,0.000423,5.85684e-05,0.0634143,0.00585512,8.86283e-06,40.3184
2830,0.0004245,5.83917e-05,0.0632941,0.00586345,9.17484e-06,40.2414
2840,0.000426,5.82335e-05,0.0631823,0.00587285,8.56793e-06,40.1658
2850,0.0004275,5.80864e-05,0.0630748,0.00588133,8.27604e-06,40.0909
2860,0.000429,5.79438e-05,0.0629693,0.00588953,8.0683e-06,40.0168
2870,0.0004305,5.78018e-05,0.0628659,0.00589795,8.42187e-06,39.9436
2880,0.000432,5.76654e-05,0.0627635,0.00590603,8.54758e-06,39.8711
2890,0.0004335,5.7534e-05,0.0626622,0.00591387,8.45088e-06,39.7993
2900,0.000435,5.74025e-05,0.0625611,0.00592173,8.48719e-06,39.7278
2910,0.0004365,5.72827e-05,0.0624608,0.00592967,8.53822e-06,39.6566
2920,0.000438,5.71707e-05,0.0623612,0.00593828,8.60836e-06,39.5865
2930,0.0004395,5.70618e-05,0.0622619,0.00594615,8.73544e-06,39.5171
2940,0.000441,5.69563e-05,0.062164,0.00595388,8.50595e-06,39.4484
2950,0.0004425,5.68539e-05,0.0620661,0.00596126,8.52443e-06,39.3802
2960,0.000444,5.67533e-05,0.0619683,0.00596855,8.19235e-06,39.3126
2970,0.0004455,5.66502e-05,0.0618697,0.00597621,7.67966e-06,39.2452
2980,0.000447,5.65498e-05,0.0617719,0.00598435,7.36177e-06,39.1788
2990,0.0004485,5.64521e-05,0.0616744,0.00599241,7.29525e-06,39.1119
3000,0.00045,5.63582e-05,0.0615773,0.00600002,7.11104e-06,39.0455
3010,0.0004515,5.62673e-05,0.0614801,0.00600814,7.14915e-06,38.9795
3020,0.000453,5.61801e-05,0.0613818,0.00601557,7.12732e-06,38.9122
3030,0.0004545,5.61036e-05,0.0612813,0.0060228,7.28958e-06,38.842
3040,0.000456,5.60357e-05,0.0611845,0.00603001,7.31718e-06,38.7746
3050,0.0004575,5.59772e-05,0.0610899,0.00603722,7.5899e-06,38.7093
3060,0.000459,5.59253e-05,0.0609975,0.00604475,7.75278e-06,38.6457
3070,0.0004605,5.58816e-05,0.0609057,0.0060519,7.74266e-06,38.5834
3080,0.000462,5.58411e-05,0.0608135,0.00605915,7.54855e-06,38.5217
3090,0.0004635,5.58029e-05,0.060721,0.00606644,7.95551e-06,38.4601
3100,0.000465,5.57681e-05,0.0606284,0.00607339,8.27595e-06,38.3988
3110,0.0004665,5.57378e-05,0.060536,0.00607985,7.77157e-06,38.3378
3120,0.000468,5.5706e-05,0.0604436,0.00608603,7.57309e-06,38.2778
3130,0.0004695,5.56724e-05,0.0603512,0.00609283,7.92264e-06,38.2183
3140,0.000471,5.56389e-05,0.060259,0.00609974,8.38035e-06,38.1593
3150,0.0004725,5.56038e-05,0.0601677,0.00610671,8.42199e-06,38.1007
3160,0.000474,5.55694e-05,0.0600765,0.0061135,8.45178e-06,38.0423
3170,0.0004755,5.55361e-05,0.0599855,0.00611979,8.25135e-06,37.9839
3180,0.000477,5.55024e-05,0.0598948,0.00612576,7.97402e-06,37.9257
3190,0.0004785,5.54678e-05,0.0598048,0.00613181,7.91875e-06,37.868
3200,0.00048,5.54326e-05,0.0597161,0.00613759,7.88546e-06,37.811
3210,0.0004815,5.53997e-05,0.0596283,0.00614334,7.75037e-06,37.7542
3220,0.000483,5.53677e-05,0.0595405,0.00614907,7.95871e-06,37.6973
3230,0.0004845,5.53345e-05,0.0594529,0.00615492,8.06018e-06,37.6404
3240,0.000486,5.52936e-05,0.0593642,0.00616289,7.98143e-06,37.5834
3250,0.0004875,5.52392e-05,0.0592735,0.00616899,8.61757e-06,37.5263
3260,0.000489,5.5179e-05,0.0591818,0.00617192,8.31573e-06,37.4689
3270,0.0004905,5.50821e-05,0.0590866,0.00617716,8.2616e-06,37.41
3280,0.000492,5.49778e-05,0.0589906,0.00618296,8.24677e-06,37.3523
3290,0.0004935,5.48757e-05,0.0588962,0.00618897,8.07408e-06,37.2959
3300,0.000495,5.47697e-05,0.0588025,0.00619476,7.37616e-06,37.2399
3310,0.0004965,5.46666e-05,0.0587096,0.00620188,7.32638e-06,37.1844
3320,0.000498,5.45573e-05,0.0586174,0.00620874,7.51959e-06,37.1296
3330,0.0004995,5.44496e-05,0.0585259,0.00621563,8.07748e-06,37.075
3340,0.000501,5.43427e-05,0.058434,0.00622277,8.45569e-06,37.0199
3350,0.0005025,5.42356e-05,0.0583414,0.00622963,8.49616e-06,36.9637
3360,0.000504,5.41384e-05,0.05825,0.00623671,8.59095e-06,36.9072
3370,0.0005055,5.40431e-05,0.0581599,0.00624404,8.68471e-06,36.8513
3380,0.000507,5.39461e-05,0.0580706,0.00625227,9.11485e-06,36.7961
3390,0.0005085,5.3851e-05,0.0579821,0.00626039,9.25378e-06,36.7412
3400,0.00051,5.37568e-05,0.057894,0.00626844,9.52709e-06,36.6866
3410,0.0005115,5.36621e-05,0.0578063,0.0062766,1.00014e-05,36.632
3420,0.000513,5.35686e-05,0.0577189,0.00628393,9.73836e-06,36.5774
3430,0.0005145,5.34767e-05,0.057632,0.00629179,9.35874e-06,36.5228
3440,0.000516,5.3383e-05,0.0575451,0.00629977,8.9376e-06,36.4681
3450,0.0005175,5.32913e-05,0.0574588,0.006308,9.52893e-06,36.4137
3460,0.000519,5.31999e-05,0.0573727,0.00631636,9.61704e-06,36.3595
3470,0.0005205,5.31086e-05,0.0572867,0.00632415,9.3264e-06,36.3051
3480,0.000522,5.30179e-05,0.057201,0.00633167,9.52717e-06,36.2511
3490,0.0005235,5.29279e-05,0.0571157,0.00633908,8.07819e-06,36.1971
3500,0.000525,5.28433e-05,0.0570322,0.00634716,7.7224e-06,36.1433
3510,0.0005265,5.28938e-05,0.0569479,0.00635443,7.51276e-06,36.0895
3520,0.000528,5.27482e-05,0.0568634,0.0063623,7.30678e-06,36.0359
3530,0.0005295,5.26384e-05,0.0567783,0.00636927,6.83911e-06,35.9826
3540,0.000531,5.25545e-05,0.0566937,0.00637601,6.88335e-06,35.9294
3550,0.0005325,5.2482e-05,0.056608,0.00638437,6.64559e-06,35.8759
3560,0.000534,5.24122e-05,0.0565186,0.00639297,6.75008e-06,35.8217
3570,0.0005355,5.23394e-05,0.0564239,0.00640318,7.04392e-06,35.7665
3580,0.000537,5.22727e-05,0.056329,0.00641365,6.99626e-06,35.7113
3590,0.0005385,5.22116e-05,0.056237,0.00642228,6.70304e-06,35.6569
3600,0.00054,5.21559e-05,0.0561461,0.00643028,6.52959e-06,35.6032
3610,0.0005415,5.21041e-05,0.0560567,0.0064391,6.70068e-06,35.549
3620,0.000543,5.20565e-05,0.0559636,0.00644653,6.47692e-06,35.4915
3630,0.0005445,5.20124e-05,0.0558722,0.00645563,6.43877e-06,35.4357
3640,0.000546,5.19689e-05,0.0557818,0.00646445,6.58868e-06,35.3812
3650,0.0005475,5.19217e-05,0.0556927,0.00647279,6.66556e-06,35.3279
3660,0.000549,5.18725e-05,0.0556033,0.00648147,7.29023e-06,35.2753
3670,0.0005505,5.1824e-05,0.0555159,0.00648999,6.88359e-06,35.2237
3680,0.000552,5.17738e-05,0.0554297,0.00649844,7.19636e-06,35.1728
3690,0.0005535,5.17263e-05,0.0553452,0.00650635,6.7831e-06,35.1235
3700,0.000555,5.16811e-05,0.055261,0.00651428,6.9156e-06,35.074
3710,0.0005565,5.16388e-05,0.0551788,0.00652211,7.21303e-06,35.0254
3720,0.000558,5.15985e-05,0.0550972,0.0065294,7.27999e-06,34.9774
3730,0.0005595,5.15579e-05,0.0550163,0.00653691,7.58332e-06,34.9298
3740,0.000561,5.15153e-05,0.0549353,0.006545,7.56703e-06,34.8826
3750,0.0005625,5.14417e-05,0.0548534,0.00655198,7.23954e-06,34.8362
3760,0.000564,5.1375e-05,0.0547723,0.00655808,6.68397e-06,34.7902
3770,0.0005655,5.13073e-05,0.0546917,0.00656324,7.06398e-06,34.7445
3780,0.000567,5.12367e-05,0.0546118,0.00656802,6.91645e-06,34.6989
3790,0.0005685,5.11643e-05,0.0545321,0.00657192,6.94945e-06,34.6532
3800,0.00057,5.10933e-05,0.0544532,0.00657938,7.32544e-06,34.6076
3810,0.0005715,5.10256e-05,0.0543747,0.00658496,6.96752e-06,34.562
3820,0.000573,5.09586e-05,0.0542967,0.00658852,7.84911e-06,34.5177
3830,0.0005745,5.08933e-05,0.0542207,0.00659288,7.20727e-06,34.4745
3840,0.000576,5.08291e-05,0.0541455,0.00659717,7.17007e-06,34.4316
3850,0.0005775,5.07627e-05,0.0540707,0.00660225,7.22844e-06,34.3889
3860,0.000579,5.06959e-05,0.0539952,0.00660652,7.42788e-06,34.345
3870,0.0005805,5.06304e-05,0.0539192,0.00661102,7.18221e-06,34.3
3880,0.000582,5.05661e-05,0.0538449,0.00661498,7.13347e-06,34.2567
3890,0.0005835,5.05025e-05,0.0537716,0.00661931,7.09899e-06,34.2143
3900,0.000585,5.0441e-05,0.053699,0.00662346,7.34622e-06,34.1719
3910,0.0005865,5.03815e-05,0.0536272,0.00662766,7.44489e-06,34.13
3920,0.000588,5.03227e-05,0.0535561,0.00663168,8.32356e-06,34.0878
3930,0.0005895,5.02631e-05,0.0534849,0.00663583,8.15469e-06,34.0463
3940,0.000591,5.0201e-05,0.0534144,0.00664042,8.34845e-06,34.0056
3950,0.0005925,5.01334e-05,0.0533425,0.00664435,8.21368e-06,33.9641
3960,0.000594,5.00607e-05,0.0532708,0.00664829,7.95254e-06,33.9232
3970,0.0005955,4.99815e-05,0.0531991,0.00665194,7.82379e-06,33.8827
3980,0.000597,4.9905e-05,0.0531284,0.00665514,7.80247e-06,33.8423
3990,0.0005985,4.98273e-05,0.0530578,0.00665845,7.65561e-06,33.8016
4000,0.0006,4.97464e-05,0.0529868,0.0066627,8.00073e-06,33.7594
4010,0.0006015,4.96592e-05,0.0529162,0.00666695,8.19543e-06,33.7159
4020,0.000603,4.95735e-05,0.0528463,0.00666891,8.33558e-06,33.6725
4030,0.0006045,4.94924e-05,0.0527769,0.00667153,9.28196e-06,33.6285
4040,0.000606,4.94136e-05,0.0527078,0.00667251,8.76014e-06,33.5843
4050,0.0006075,4.93381e-05,0.0526392,0.00667427,7.74514e-06,33.5405
4060,0.000609,4.92655e-05,0.052571,0.00667361,7.42894e-06,33.497
4070,0.0006105,4.91955e-05,0.0525031,0.00667435,7.47303e-06,33.4537
4080,0.000612,4.91267e-05,0.0524351,0.00667588,7.62747e-06,33.4103
4090,0.0006135,4.90576e-05,0.0523677,0.00667764,7.88021e-06,33.3675
4100,0.000615,4.89927e-05,0.0523012,0.00667945,7.53796e-06,33.3255
4110,0.0006165,4.89295e-05,0.0522346,0.0066822,7.99565e-06,33.2843
4120,0.000618,4.88662e-05,0.0521683,0.00668524,7.59376e-06,33.2435
4130,0.0006195,4.88046e-05,0.0521029,0.00668874,7.47608e-06,33.2033
4140,0.000621,4.87453e-05,0.0520386,0.00669259,7.87803e-06,33.1637
4150,0.0006225,4.86853e-05,0.0519753,0.00669586,7.88784e-06,33.1244
4160,0.000624,4.86259e-05,0.0519124,0.00669865,7.62495e-06,33.0852
4170,0.0006255,4.857e-05,0.0518498,0.00670174,7.36936e-06,33.0459
4180,0.000627,4.85149e-05,0.051788,0.00670498,7.06191e-06,33.0073
4190,0.0006285,4.84551e-05,0.0517279,0.00670819,7.57448e-06,32.9705
4200,0.00063,4.83954e-05,0.0516688,0.00671177,7.87927e-06,32.934
4210,0.0006315,4.83338e-05,0.0516106,0.00671517,7.89227e-06,32.8978
4220,0.000633,4.82716e-05,0.0515548,0.00671765,7.96074e-06,32.8622
4230,0.0006345,4.82134e-05,0.051501,0.00672012,8.63943e-06,32.8269
4240,0.000636,4.81569e-05,0.051449,0.00672294,8.31205e-06,32.7919
4250,0.0006375,4.81068e-05,0.0513957,0.00672675,8.04377e-06,32.7545
4260,0.000639,4.80493e-05,0.0513424,0.00672647,7.72072e-06,32.7178
4270,0.0006405,4.80031e-05,0.0512899,0.00672885,7.30493e-06,32.6823
4280,0.000642,4.79595e-05,0.0512385,0.00673163,7.21084e-06,32.6476
4290,0.0006435,4.79155e-05,0.0511871,0.0067344,7.14914e-06,32.6132
4300,0.000645,4.79443e-05,0.0511367,0.00673655,7.4601e-06,32.5798
4310,0.0006465,4.7992e-05,0.0510858,0.00673914,7.439e-06,32.5454
4320,0.000648,4.79899e-05,0.0510351,0.00674172,7.48792e-06,32.5116
4330,0.0006495,4.7861e-05,0.0509844,0.00674334,7.36211e-06,32.478
4340,0.000651,4.77552e-05,0.0509337,0.00674527,7.59616e-06,32.4443
4350,0.0006525,4.76968e-05,0.0508832,0.00674754,7.59829e-06,32.4108
4360,0.000654,4.76564e-05,0.0508336,0.00675026,7.58699e-06,32.3781
4370,0.0006555,4.76169e-05,0.0507848,0.00675535,7.61506e-06,32.3471
4380,0.000657,4.75792e-05,0.0507366,0.00676032,8.3917e-06,32.3165
4390,0.0006585,4.75418e-05,0.0506883,0.00676564,7.47927e-06,32.286
4400,0.00066,4.75084e-05,0.0506408,0.00677121,6.87008e-06,32.2567
4410,0.0006615,4.74772e-05,0.0505941,0.00677667,6.85561e-06,32.2286
4420,0.000663,4.74598e-05,0.0505479,0.00678235,7.03585e-06,32.2008
4430,0.0006645,4.74127e-05,0.0505016,0.0067885,7.13069e-06,32.173
4440,0.000666,4.73773e-05,0.050457,0.00679347,7.46129e-06,32.1464
4450,0.0006675,4.7352e-05,0.0504127,0.00679689,7.16486e-06,32.1201
4460,0.000669,4.74214e-05,0.0503689,0.00680089,7.4198e-06,32.0938
4470,0.0006705,4.76196e-05,0.0503242,0.00680839,7.19193e-06,32.067
4480,0.000672,4.76079e-05,0.0502782,0.00681027,6.78635e-06,32.0394
4490,0.0006735,4.744e-05,0.0502328,0.00681058,6.89209e-06,32.0126
4500,0.000675,4.73017e-05,0.0501886,0.00681234,6.97596e-06,31.987
4510,0.0006765,4.72106e-05,0.0501442,0.006815,6.76461e-06,31.9614
4520,0.000678,4.71694e-05,0.0501002,0.00681705,6.82904e-06,31.9357
4530,0.0006795,4.71246e-05,0.0500541,0.00681949,7.04279e-06,31.9085
4540,0.000681,4.70738e-05,0.0500084,0.00682204,7.01964e-06,31.8819
4550,0.0006825,4.70274e-05,0.0499622,0.00682469,6.77107e-06,31.8546
4560,0.000684,4.69995e-05,0.0499166,0.00682742,6.85802e-06,31.8279
4570,0.0006855,4.69726e-05,0.0498719,0.00683018,6.69032e-06,31.8018
4580,0.000687,4.69046e-05,0.0498275,0.00683259,6.98474e-06,31.7759
4590,0.0006885,4.68511e-05,0.0497835,0.00683503,6.95828e-06,31.7505
4600,0.00069,4.68086e-05,0.0497402,0.00683726,6.8337e-06,31.7257
4610,0.0006915,4.67672e-05,0.049697,0.00684005,6.94256e-06,31.7009
4620,0.000693,4.69672e-05,0.049657,0.00684347,6.90516e-06,31.6764
4630,0.0006945,4.73814e-05,0.0496198,0.00684656,6.96904e-06,31.6525
4640,0.000696,4.7749e-05,0.0495813,0.00685025,6.77877e-06,31.6285
4650,0.0006975,4.76785e-05,0.0495343,0.00685533,7.05036e-06,31.6034
4660,0.000699,4.76631e-05,0.0494887,0.00686162,7.05985e-06,31.5782
4670,0.0007005,4.72168e-05,0.0494446,0.00686148,7.12844e-06,31.5533
4680,0.000702,4.69019e-05,0.0494014,0.00686232,6.96513e-06,31.5285
4690,0.0007035,4.672e-05,0.0493588,0.00686431,6.77696e-06,31.5036
4700,0.000705,4.66454e-05,0.0493157,0.00686731,6.85556e-06,31.4785
4710,0.0007065,4.65923e-05,0.0492725,0.00687037,6.84482e-06,31.4534
4720,0.000708,4.65529e-05,0.0492294,0.00687306,6.6082e-06,31.4282
4730,0.0007095,4.65412e-05,0.0491864,0.0068757,6.5977e-06,31.4033
4740,0.000711,4.66233e-05,0.0491442,0.00687926,7.0387e-06,31.3784
4750,0.0007125,4.69929e-05,0.0491072,0.00688176,7.04888e-06,31.3536
4760,0.000714,4.65847e-05,0.0490597,0.00688439,7.08492e-06,31.3291
4770,0.0007155,4.64864e-05,0.0490168,0.00688711,6.75161e-06,31.3047
4780,0.000717,4.64937e-05,0.0489753,0.00688962,6.67162e-06,31.2804
4790,0.0007185,4.65808e-05,0.0489341,0.00689259,6.38236e-06,31.2561
4800,0.00072,4.66046e-05,0.048891,0.00689679,6.25387e-06,31.2315
4810,0.0007215,4.67357e-05,0.0488475,0.0069028,5.85744e-06,31.2067
4820,0.000723,4.71035e-05,0.0488059,0.00691223,5.8076e-06,31.1827
4830,0.0007245,4.6598e-05,0.0487641,0.00691118,5.77046e-06,31.159
4840,0.000726,4.73342e-05,0.0487371,0.00691316,5.81168e-06,31.1356
4850,0.0007275,4.86146e-05,0.0487166,0.00691475,5.76342e-06,31.1123
4860,0.000729,5.06773e-05,0.0487047,0.00691786,5.81739e-06,31.0886
4870,0.0007305,4.90662e-05,0.0486334,0.00692197,5.90784e-06,31.0646
4880,0.000732,4.79434e-05,0.0485706,0.00692634,5.92405e-06,31.0408
4890,0.0007335,4.73285e-05,0.0485143,0.00693122,6.45193e-06,31.0172
4900,0.000735,4.66803e-05,0.0484597,0.00693656,6.48522e-06,30.9943
4910,0.0007365,4.64693e-05,0.0484126,0.006941,6.59107e-06,30.9715
4920,0.000738,4.66291e-05,0.0483731,0.00694541,6.04542e-06,30.9489
4930,0.0007395,4.6713e-05,0.048331,0.00695004,5.95852e-06,30.9263
4940,0.000741,4.62071e-05,0.048279,0.00695491,6.05358e-06,30.9039
4950,0.0007425,4.61693e-05,0.0482352,0.00696104,6.22341e-06,30.8833
4960,0.000744,4.67319e-05,0.0482015,0.00696666,6.16073e-06,30.8629
4970,0.0007455,4.66045e-05,0.0481528,0.00697406,6.21253e-06,30.8419
4980,0.000747,4.65265e-05,0.0481027,0.0069795,6.33422e-06,30.8192
4990,0.0007485,4.66809e-05,0.0480554,0.00698633,6.19432e-06,30.7969
5000,0.00075,4.79832e-05,0.0480214,0.00700081,6.29763e-06,30.7757
5010,0.0007515,4.82296e-05,0.0479939,0.00699887,6.05363e-06,30.7546
5020,0.000753,5.11958e-05,0.0480098,0.00699911,6.08454e-06,30.7335
5030,0.0007545,5.36182e-05,0.0480156,0.00700208,6.20396e-06,30.712
5040,0.000756,4.99907e-05,0.0479038,0.00700425,6.41558e-06,30.6898
5050,0.0007575,4.75819e-05,0.0478151,0.00700957,6.65329e-06,30.6668
5060,0.000759,4.70938e-05,0.0477616,0.00701649,6.76552e-06,30.6447
5070,0.0007605,4.61384e-05,0.0477018,0.00702376,6.79866e-06,30.623
5080,0.000762,4.62039e-05,0.047656,0.00703296,6.71282e-06,30.601
5090,0.0007635,4.62174e-05,0.0476141,0.00703866,6.93425e-06,30.5794
5100,0.000765,4.74184e-05,0.0475957,0.00704392,6.91594e-06,30.5585
5110,0.0007665,4.64168e-05,0.0475382,0.00704983,6.7655e-06,30.5381
5120,0.000768,4.70459e-05,0.0475094,0.0070563,6.75789e-06,30.5182
5130,0.0007695,4.72121e-05,0.0474678,0.00706615,6.84544e-06,30.4983
5140,0.000771,4.78879e-05,0.0474297,0.00707931,7.24885e-06,30.4784
5150,0.0007725,4.81776e-05,0.0473954,0.00708138,7.45219e-06,30.4585
5160,0.000774,4.96384e-05,0.0473846,0.00708584,7.53695e-06,30.4394
5170,0.0007755,5.62425e-05,0.0474682,0.00709824,7.00969e-06,30.4209
5180,0.000777,6.697e-05,0.0476652,0.00712261,6.84837e-06,30.4024
5190,0.0007785,6.33211e-05,0.047556,0.00710913,6.94183e-06,30.3811
5200,0.00078,5.76815e-05,0.047377,0.00710609,6.93668e-06,30.3611
5210,0.0007815,5.81605e-05,0.0473523,0.00710441,7.57426e-06,30.3422
5220,0.000783,5.52841e-05,0.0472492,0.00710724,7.2515e-06,30.323
5230,0.0007845,5.39172e-05,0.0471801,0.00711177,7.2595e-06,30.3046
5240,0.000786,5.33181e-05,0.0471259,0.00711845,7.18896e-06,30.2869
5250,0.0007875,5.31691e-05,0.0470822,0.00712638,7.11711e-06,30.2696
5260,0.000789,5.36481e-05,0.04706,0.00712686,7.3144e-06,30.2521
5270,0.0007905,5.5047e-05,0.0470578,0.00712764,7.18391e-06,30.2349
5280,0.000792,5.94912e-05,0.0471147,0.007141,7.48704e-06,30.218
5290,0.0007935,6.19693e-05,0.0471324,0.00715061,7.49175e-06,30.2
5300,0.000795,6.04886e-05,0.0470592,0.00715631,7.68265e-06,30.1823
5310,0.0007965,5.71362e-05,0.0469582,0.00714802,8.34044e-06,30.1651
5320,0.000798,5.52083e-05,0.0468931,0.00714448,8.3615e-06,30.1489
5330,0.0007995,6.38065e-05,0.0470879,0.00714953,7.8592e-06,30.1357
5340,0.000801,6.04471e-05,0.0469581,0.00716324,8.0318e-06,30.1195
5350,0.0008025,5.75234e-05,0.0468125,0.00718656,7.80178e-06,30.1033
5360,0.000804,5.42745e-05,0.0467245,0.0071634,8.10891e-06,30.0871
5370,0.0008055,5.30935e-05,0.0466791,0.00715406,7.82848e-06,30.0713
5380,0.000807,5.4859e-05,0.0466804,0.00715839,7.65202e-06,30.0568
5390,0.0008085,5.32789e-05,0.0466224,0.00715347,7.72541e-06,30.0424
5400,0.00081,5.34342e-05,0.0465995,0.00715287,7.79951e-06,30.0276
5410,0.0008115,5.35322e-05,0.0465713,0.0071559,7.63589e-06,30.0123
5420,0.000813,5.40867e-05,0.0465437,0.00716601,7.5067e-06,29.9968
5430,0.0008145,5.33379e-05,0.0465046,0.00716094,7.36985e-06,29.9808
5440,0.000816,5.31744e-05,0.0464737,0.00716092,7.30223e-06,29.9646
5450,0.0008175,5.2972e-05,0.0464445,0.00715899,7.29778e-06,29.9477
5460,0.000819,5.4945e-05,0.0464681,0.00716052,7.06345e-06,29.9311
5470,0.0008205,5.73647e-05,0.0465037,0.00716245,7.05118e-06,29.915
5480,0.000822,5.82902e-05,0.0465002,0.00716464,6.99257e-06,29.8986
5490,0.0008235,5.9443e-05,0.0464962,0.00716682,7.08835e-06,29.8817
5500,0.000825,5.97509e-05,0.0464702,0.00716873,7.06497e-06,29.8647
5510,0.0008265,6.00707e-05,0.0464471,0.00717036,7.1019e-06,29.8478
5520,0.000828,6.12357e-05,0.0464427,0.007172,7.09515e-06,29.8306
5530,0.0008295,6.2467e-05,0.0464428,0.00717354,7.26062e-06,29.8138
5540,0.000831,6.38097e-05,0.0464489,0.0071749,7.15686e-06,29.7974
5550,0.0008325,5.53137e-05,0.0461948,0.00717612,6.76104e-06,29.7796
5560,0.000834,5.15538e-05,0.0460746,0.00717695,6.78551e-06,29.7633
5570,0.0008355,4.94044e-05,0.0460008,0.00717762,7.0561e-06,29.7479
5580,0.000837,4.94875e-05,0.045981,0.00717823,7.40559e-06,29.7336
5590,0.0008385,4.84583e-05,0.0459366,0.00717897,7.42392e-06,29.7199
5600,0.00084,4.78791e-05,0.0459037,0.00718013,7.41275e-06,29.7059
5610,0.0008415,4.96131e-05,0.0459302,0.00718133,7.23559e-06,29.6925
5620,0.000843,5.09008e-05,0.0459536,0.007183,7.21462e-06,29.6786
5630,0.0008445,5.33e-05,0.0459955,0.00718466,7.26358e-06,29.6641
5640,0.000846,5.44694e-05,0.0459961,0.00718636,7.27951e-06,29.6482
5650,0.0008475,5.20821e-05,0.0459084,0.00718825,7.23468e-06,29.6312
5660,0.000849,5.29398e-05,0.0459054,0.00719023,7.39114e-06,29.6145
5670,0.0008505,5.17455e-05,0.0458497,0.00719224,7.84358e-06,29.5971
5680,0.000852,5.01447e-05,0.0457767,0.00719291,7.62266e-06,29.5778
5690,0.0008535,5.03764e-05,0.0457513,0.00719356,7.54597e-06,29.5586
5700,0.000855,5.0494e-05,0.0457233,0.00719397,7.45358e-06,29.5389
5710,0.0008565,5.33606e-05,0.0457624,0.00719405,7.43831e-06,29.5195
5720,0.000858,5.43743e-05,0.0457635,0.00719424,7.18933e-06,29.5
5730,0.0008595,5.30755e-05,0.0457007,0.00719352,7.42446e-06,29.4794
5740,0.000861,5.35876e-05,0.0456855,0.00719274,7.56121e-06,29.4586
5750,0.0008625,5.49212e-05,0.0456956,0.00719191,7.45395e-06,29.4385
5760,0.000864,5.81441e-05,0.0457633,0.00719129,7.53791e-06,29.4195
5770,0.0008655,5.75852e-05,0.0457215,0.00719095,7.3965e-06,29.3999
5780,0.000867,5.72534e-05,0.0456943,0.00719082,7.2796e-06,29.3802
5790,0.0008685,6.00553e-05,0.0457671,0.00719062,6.9093e-06,29.3614
5800,0.00087,6.3692e-05,0.0458725,0.00719054,7.04367e-06,29.3422
5810,0.0008715,6.64439e-05,0.0459346,0.00719039,7.39034e-06,29.3215
5820,0.000873,6.92331e-05,0.0460027,0.00719049,7.31611e-06,29.3004
5830,0.0008745,6.83449e-05,0.0459337,0.00719081,7.38545e-06,29.2779
5840,0.000876,6.98418e-05,0.0459555,0.0071914,7.5168e-06,29.2566
5850,0.0008775,7.12135e-05,0.0459723,0.00719236,7.01937e-06,29.2351
5860,0.000879,7.17597e-05,0.0459541,0.0071936,7.05374e-06,29.2137
5870,0.0008805,7.16058e-05,0.0459113,0.00719603,7.2937e-06,29.1916
5880,0.000882,7.10253e-05,0.0458501,0.00720007,8.23109e-06,29.1699
5890,0.0008835,6.93958e-05,0.0457525,0.00720528,8.17518e-06,29.1483
5900,0.000885,7.56386e-05,0.0459408,0.00721703,8.26533e-06,29.1298
5910,0.0008865,7.44887e-05,0.0458664,0.00722758,8.82447e-06,29.11
5920,0.000888,7.2425e-05,0.0457503,0.00724638,8.84864e-06,29.09
5930,0.0008895,7.49012e-05,0.0457991,0.00727826,8.74803e-06,29.0721
5940,0.000891,7.48697e-05,0.0457459,0.00730635,8.96255e-06,29.0525
5950,0.0008925,7.60735e-05,0.0457618,0.00732774,9.20187e-06,29.0341
5960,0.000894,7.13559e-05,0.0455288,0.00734199,9.57314e-06,29.0141
5970,0.0008955,7.09348e-05,0.0454549,0.00736233,9.30093e-06,28.9964
5980,0.000897,6.93976e-05,0.0453827,0.00735776,8.73826e-06,28.9788
5990,0.0008985,7.2549e-05,0.0454139,0.00742835,9.41323e-06,28.9614
6000,0.0009,7.61826e-05,0.045579,0.0074209,9.57567e-06,28.9453
6010,0.0009015,7.83353e-05,0.0457716,0.00733466,8.00243e-06,28.9295
6020,0.000903,7.3207e-05,0.045544,0.00729772,7.1251e-06,28.9081
6030,0.0009045,7.43796e-05,0.0455836,0.00728564,8.40032e-06,28.8907
6040,0.000906,7.68367e-05,0.0455996,0.00733833,7.55171e-06,28.873
6050,0.0009075,7.6829e-05,0.0455617,0.00736042,7.65794e-06,28.8556
6060,0.000909,7.21333e-05,0.045438,0.00728241,6.99438e-06,28.8378
6070,0.0009105,7.09873e-05,0.0453845,0.00726834,6.4266e-06,28.8203
6080,0.000912,7.02172e-05,0.0453276,0.00727348,6.35383e-06,28.8026
6090,0.0009135,7.0487e-05,0.0452899,0.00730029,6.84527e-06,28.785
6100,0.000915,7.42483e-05,0.0454273,0.00729708,7.32657e-06,28.7689
6110,0.0009165,7.34659e-05,0.0454007,0.00728076,7.51736e-06,28.7513
6120,0.000918,7.24388e-05,0.0453478,0.00727577,7.75058e-06,28.7337
6130,0.0009195,7.4437e-05,0.0454096,0.00728169,7.91314e-06,28.7173
6140,0.000921,7.40319e-05,0.0453636,0.00729302,7.98077e-06,28.6998
6150,0.0009225,7.8082e-05,0.0455187,0.00730998,8.25146e-06,28.6845
6160,0.000924,7.8056e-05,0.0454846,0.0073358,8.51584e-06,28.6676
6170,0.0009255,8.127e-05,0.0456081,0.00737242,8.37119e-06,28.6531
6180,0.000927,7.66482e-05,0.0453372,0.00740086,8.97524e-06,28.6343
6190,0.0009285,7.70078e-05,0.0453052,0.00743722,8.52259e-06,28.6194
6200,0.00093,7.48818e-05,0.0451957,0.00745013,8.55413e-06,28.6039
6210,0.0009315,8.16642e-05,0.045533,0.00745067,8.55099e-06,28.5934
6220,0.000933,8.83473e-05,0.0458745,0.00744377,7.49857e-06,28.5814
6230,0.0009345,8.96783e-05,0.0458202,0.00749469,1.02732e-05,28.5633
6240,0.000936,9.11995e-05,0.0457548,0.00758453,1.00827e-05,28.5454
6250,0.0009375,8.46217e-05,0.045474,0.0075054,7.16457e-06,28.5254
6260,0.000939,7.87842e-05,0.0452386,0.00742974,6.82133e-06,28.5062
6270,0.0009405,7.65958e-05,0.045193,0.00736247,7.8455e-06,28.4891
6280,0.000942,7.80059e-05,0.0452006,0.00739796,7.22423e-06,28.4726
6290,0.0009435,7.63838e-05,0.045107,0.00738016,7.40903e-06,28.4558
6300,0.000945,7.43589e-05,0.0449697,0.00739139,7.0885e-06,28.4406
6310,0.0009465,7.21395e-05,0.0448941,0.00735977,7.05606e-06,28.4271
6320,0.000948,7.70823e-05,0.045095,0.00737714,7.41979e-06,28.4165
6330,0.0009495,7.801e-05,0.0450816,0.00741607,8.0107e-06,28.4027
6340,0.000951,7.80501e-05,0.0451113,0.0073794,8.19112e-06,28.3882
6350,0.0009525,7.49476e-05,0.0449648,0.00736049,8.07821e-06,28.3712
6360,0.000954,7.98352e-05,0.0451894,0.00736691,7.51076e-06,28.3584
6370,0.0009555,8.22814e-05,0.0452778,0.00738742,8.01597e-06,28.344
6380,0.000957,8.31912e-05,0.0452639,0.00744012,1.1021e-05,28.3282
6390,0.0009585,8.10488e-05,0.0451022,0.00747189,7.7831e-06,28.3098
6400,0.00096,7.90298e-05,0.0449939,0.00745487,8.31053e-06,28.2924
6410,0.0009615,7.5254e-05,0.0447819,0.00743814,9.79094e-06,28.2732
6420,0.000963,7.64777e-05,0.0447456,0.00750032,1.04675e-05,28.2561
6430,0.0009645,8.64124e-05,0.0451271,0.0076196,1.23871e-05,28.2441
6440,0.000966,0.000100834,0.0457986,0.00782078,1.09735e-05,28.2359
6450,0.0009675,9.59016e-05,0.0457138,0.00761553,9.54643e-06,28.219
6460,0.000969,8.92604e-05,0.0454266,0.00747985,8.8533e-06,28.2008
6470,0.0009705,8.42271e-05,0.0451702,0.00741292,8.83151e-06,28.1832
6480,0.000972,8.51547e-05,0.045195,0.00741335,8.13092e-06,28.1688
6490,0.0009735,8.58454e-05,0.045154,0.00745208,9.37169e-06,28.1527
6500,0.000975,8.11004e-05,0.0449097,0.00741104,8.48787e-06,28.134
6510,0.0009765,7.70932e-05,0.0447141,0.0073731,8.57363e-06,28.1152
6520,0.000978,7.70186e-05,0.0446614,0.00738204,7.7032e-06,28.0976
6530,0.0009795,8.10914e-05,0.0447627,0.00746598,8.31765e-06,28.0822
6540,0.000981,7.90238e-05,0.0446811,0.00743349,8.95898e-06,28.0678
6550,0.0009825,8.60158e-05,0.0449651,0.00751842,9.63035e-06,28.0575
6560,0.000984,8.52901e-05,0.0449112,0.00752971,9.19925e-06,28.0433
6570,0.0009855,8.6166e-05,0.0450154,0.00749903,1.05047e-05,28.0309
6580,0.000987,8.28154e-05,0.0448206,0.00746772,8.86299e-06,28.0149
6590,0.0009885,8.44206e-05,0.0448905,0.0074587,9.67261e-06,28.0031
6600,0.00099,9.14917e-05,0.0452348,0.00754016,1.17576e-05,27.9957
6610,0.0009915,9.5134e-05,0.0453038,0.00768084,1.00148e-05,27.9847
6620,0.000993,8.71188e-05,0.0448889,0.00756064,1.06385e-05,27.9682
6630,0.0009945,8.64032e-05,0.0448089,0.00757524,1.25524e-05,27.9545
6640,0.000996,9.29289e-05,0.0449356,0.00782129,1.00601e-05,27.9427
6650,0.0009975,8.53014e-05,0.0448093,0.00749272,9.59972e-06,27.9277
6660,0.000999,9.5334e-05,0.0455445,0.00742124,8.35942e-06,27.9237
6670,0.0010005,9.57083e-05,0.0455878,0.0073786,8.29781e-06,27.9102
6680,0.001002,9.12545e-05,0.0452755,0.00737104,8.19358e-06,27.8916
6690,0.0010035,8.80072e-05,0.0450291,0.00739138,8.16326e-06,27.8742
6700,0.001005,8.62745e-05,0.0448058,0.00747088,8.80922e-06,27.8576
6710,0.0010065,8.28806e-05,0.0446653,0.00740358,7.87454e-06,27.8425
6720,0.001008,8.00628e-05,0.0445266,0.00736469,8.01532e-06,27.8276
6730,0.0010095,7.90801e-05,0.0444419,0.00737428,8.39111e-06,27.8131
6740,0.001011,8.2194e-05,0.0445943,0.00738399,9.41028e-06,27.8015
6750,0.0010125,8.10863e-05,0.0445019,0.00740109,9.80298e-06,27.7867
6760,0.001014,8.07437e-05,0.0444595,0.00741344,9.85309e-06,27.7726
6770,0.0010155,8.65153e-05,0.0447421,0.00748143,1.0058e-05,27.7623
6780,0.001017,9.11009e-05,0.0449494,0.00757758,1.25812e-05,27.7503
