1.1609,806.3,-0.00207375,1.24345e-14,530015
1.16095,806.321,-0.00593628,1.77636e-15,530033
1.16102,806.355,-0.00769088,1.42109e-14,530060
1.16109,806.394,-0.0082082,2.84217e-14,530092
1.16117,806.436,-0.00839718,7.10543e-15,530126
1.16125,806.479,-0.00830421,7.10543e-15,530160
1.16133,806.52,-0.00792975,2.13163e-14,530193
1.16141,806.559,-0.00748398,1.77636e-14,530225
1.16148,806.596,-0.00698493,8.88178e-15,530255
1.16154,806.63,-0.00644258,-1.59872e-14,530282
1.1616,806.661,-0.00586341,-3.01981e-14,530308
1.16166,806.689,-0.00525332,-1.95399e-14,530330
1.1617,806.714,-0.00461864,-1.95399e-14,530351
1.16175,806.736,-0.00396653,-3.19744e-14,530368
1.16178,806.754,-0.00330552,-1.06581e-14,530383
1.16181,806.769,-0.00264594,1.77636e-15,530395
1.16183,806.781,-0.00200058,-1.24345e-14,530405
1.16185,806.79,-0.00138678,-7.10543e-15,530412
1.16186,806.795,-0.000832092,-1.77636e-14,530417
1.16187,806.798,-0.00038093,-2.30926e-14,530419
1.16187,806.799,-9.02103e-05,-3.19744e-14,530420
1.1609,806.307,-0.00406251,3.19744e-14,530021
1.16096,806.325,-0.0134783,1.06581e-14,530035
1.16102,806.356,-0.019083,1.95399e-14,530061
1.16109,806.394,-0.0212685,5.50671e-14,530092
1.16117,806.436,-0.0217933,2.4869e-14,530125
1.16125,806.478,-0.0212847,-1.59872e-14,530160
1.16133,806.519,-0.0202122,7.10543e-15,530193
1.16141,806.558,-0.0190665,3.73035e-14,530225
1.16148,806.595,-0.0177974,3.90799e-14,530254
1.16154,806.629,-0.0164173,-1.42109e-14,530282
1.1616,806.66,-0.0149421,-6.03961e-14,530307
1.16166,806.688,-0.0133873,-7.28306e-14,530330
1.1617,806.713,-0.011769,-3.90799e-14,530350
1.16175,806.735,-0.0101066,-2.30926e-14,530368
1.16178,806.753,-0.00842244,-1.95399e-14,530383
1.16181,806.768,-0.00674215,-8.88178e-15,530395
1.16183,806.78,-0.00509529,-5.32907e-15,530404
1.16185,806.789,-0.00352472,-5.32907e-15,530411
1.16186,806.795,-0.00210768,-2.66454e-14,530416
1.16187,806.798,-0.000967852,-5.50671e-14,530419
1.16187,806.799,-0.000244514,-5.32907e-14,530420
1.16091,806.317,-0.00624871,3.90799e-14,530029
1.16097,806.333,-0.0205612,1.95399e-14,530042
1.16103,806.36,-0.0302653,1.95399e-14,530064
1.1611,806.396,-0.034581,4.79616e-14,530093
1.16117,806.436,-0.0357315,3.01981e-14,530125
1.16125,806.477,-0.0352065,-7.10543e-15,530159
1.16133,806.518,-0.0336361,-1.77636e-14,530192
1.1614,806.557,-0.0315975,4.08562e-14,530224
1.16147,806.594,-0.0294624,7.81597e-14,530253
1.16154,806.628,-0.0271679,7.10543e-15,530281
1.1616,806.659,-0.0247232,-4.79616e-14,530306
1.16165,806.687,-0.0221492,-6.57252e-14,530329
1.1617,806.712,-0.0194733,-6.03961e-14,530349
1.16174,806.733,-0.016726,-1.95399e-14,530366
1.16178,806.752,-0.0139402,-1.06581e-14,530381
1.16181,806.767,-0.0111535,-8.88178e-15,530394
1.16183,806.779,-0.00841329,0,530403
1.16185,806.787,-0.0058088,-1.06581e-14,530410
1.16186,806.793,-0.00349269,-5.32907e-14,530415
1.16186,806.797,-0.0016694,-6.92779e-14,530418
1.16187,806.799,-0.000456086,-7.10543e-14,530419
1.16092,806.329,-0.00877404,7.4607e-14,530039
1.16098,806.343,-0.0271853,7.10543e-14,530050
1.16104,806.368,-0.0399712,4.9738e-14,530070
1.16111,806.399,-0.0468171,5.15143e-14,530096
1.16117,806.436,-0.0494165,2.84217e-14,530126
1.16125,806.476,-0.0492176,-5.32907e-15,530158
1.16132,806.516,-0.047189,-8.88178e-15,530190
1.1614,806.555,-0.0443073,3.01981e-14,530222
1.16147,806.592,-0.0412234,6.92779e-14,530252
1.16154,806.625,-0.0380041,3.55271e-14,530279
1.1616,806.656,-0.0345858,-1.59872e-14,530304
1.16165,806.684,-0.0309849,-4.08562e-14,530327
1.1617,806.709,-0.0272438,-5.86198e-14,530347
1.16174,806.731,-0.0234032,-2.66454e-14,530364
1.16177,806.749,-0.0195056,8.88178e-15,530379
1.1618,806.764,-0.0156025,-3.55271e-15,530391
1.16183,806.776,-0.0117808,1.77636e-15,530401
1.16184,806.785,-0.00817419,-1.95399e-14,530408
1.16185,806.791,-0.00499627,-4.79616e-14,530413
1.16186,806.795,-0.00252045,-7.81597e-14,530417
1.16187,806.798,-0.000746516,-6.57252e-14,530419
1.16093,806.343,-0.0114218,9.76996e-14,530050
1.161,806.356,-0.033564,1.38556e-13,530061
1.16106,806.377,-0.0485352,9.05942e-14,530078
1.16112,806.404,-0.0574223,4.79616e-14,530100
1.16118,806.438,-0.0617195,2.13163e-14,530127
1.16125,806.475,-0.0624424,1.95399e-14,530157
1.16132,806.513,-0.0606278,5.32907e-15,530188
1.16139,806.552,-0.057199,1.24345e-14,530219
1.16146,806.588,-0.0530861,3.01981e-14,530249
1.16153,806.622,-0.0488566,3.19744e-14,530276
1.16159,806.653,-0.0444443,2.66454e-14,530301
1.16164,806.681,-0.039821,7.10543e-15,530324
1.16169,806.705,-0.0350145,-3.37508e-14,530344
1.16173,806.727,-0.0300755,-2.4869e-14,530361
1.16177,806.745,-0.0250684,-2.4869e-14,530376
1.1618,806.76,-0.0200766,-2.4869e-14,530388
1.16182,806.773,-0.0152118,-2.4869e-14,530398
1.16184,806.782,-0.0106525,-2.30926e-14,530406
1.16185,806.788,-0.00666603,-6.03961e-14,530411
1.16186,806.793,-0.00352742,-7.28306e-14,530415
1.16186,806.796,-0.00109669,-7.10543e-14,530417
1.16094,806.359,-0.0141401,-1.66978e-13,530063
1.16102,806.371,-0.0398825,-2.36255e-13,530072
1.16108,806.389,-0.0562503,-5.68434e-14,530087
1.16113,806.412,-0.0666006,-1.95399e-14,530107
1.16119,806.441,-0.0725116,1.42109e-14,530130
1.16125,806.475,-0.0746014,4.79616e-14,530157
1.16132,806.511,-0.0735992,2.84217e-14,530186
1.16139,806.548,-0.0701013,1.59872e-14,530216
1.16146,806.584,-0.0651428,8.88178e-15,530245
1.16152,806.618,-0.0597589,3.37508e-14,530273
1.16158,806.648,-0.0542812,6.03961e-14,530298
1.16163,806.676,-0.0486136,3.01981e-14,530320
1.16168,806.701,-0.0427414,-7.10543e-15,530340
1.16172,806.722,-0.0367188,-2.84217e-14,530357
1.16176,806.74,-0.0306336,-5.32907e-14,530372
1.16179,806.756,-0.0245938,-2.13163e-14,530385
1.16181,806.768,-0.0187373,-1.24345e-14,530395
1.16183,806.778,-0.0132805,-2.30926e-14,530402
1.16184,806.785,-0.00854844,-4.44089e-14,530408
1.16185,806.79,-0.00470118,-7.4607e-14,530413
1.16186,806.794,-0.0014962,-7.10543e-14,530415
1.16095,806.377,-0.0169381,-8.40217e-13,530077
1.16105,806.386,-0.0462312,-1.46372e-12,530085
1.1611,806.401,-0.0633731,-1.22569e-12,530097
1.16115,806.421,-0.0746296,-7.37188e-13,530114
1.1612,806.447,-0.0818412,-1.91847e-13,530134
1.16125,806.476,-0.0853602,3.90799e-14,530159
1.16131,806.509,-0.085374,6.57252e-14,530185
1.16138,806.543,-0.0824555,3.90799e-14,530212
1.16145,806.578,-0.0771945,4.08562e-14,530241
1.16151,806.612,-0.0707703,4.26326e-14,530268
1.16157,806.643,-0.0641266,3.90799e-14,530293
1.16162,806.67,-0.0573665,2.4869e-14,530316
1.16167,806.695,-0.0504232,-5.32907e-15,530335
1.16171,806.716,-0.0433377,-1.77636e-14,530353
1.16175,806.734,-0.0362152,-4.61853e-14,530367
1.16178,806.75,-0.0291812,-2.4869e-14,530380
1.1618,806.763,-0.0223955,-2.13163e-14,530390
1.16182,806.773,-0.0160999,-4.61853e-14,530398
1.16184,806.781,-0.0106419,-5.50671e-14,530405
1.16185,806.787,-0.00604045,-6.75016e-14,530410
1.16185,806.791,-0.00195555,-6.75016e-14,530413
1.16096,806.396,-0.0196946,-5.82645e-13,530092
1.16107,806.402,-0.0523098,-1.47082e-12,530097
1.16113,806.414,-0.0700437,-2.68052e-12,530108
1.16117,806.431,-0.0818086,-2.21867e-12,530122
1.16121,806.453,-0.0899225,-7.83373e-13,530140
1.16126,806.48,-0.0946713,-4.9738e-14,530161
1.16131,806.509,-0.0959136,7.28306e-14,530185
1.16137,806.54,-0.093939,8.17124e-14,530210
1.16143,806.572,-0.0890744,5.32907e-14,530236
1.1615,806.605,-0.0819439,1.95399e-14,530263
1.16156,806.636,-0.0740389,-1.77636e-15,530288
1.16161,806.664,-0.0661067,5.32907e-15,530310
1.16166,806.688,-0.0580703,5.32907e-15,530330
1.1617,806.709,-0.049948,-1.24345e-14,530347
1.16173,806.727,-0.0418365,-5.32907e-15,530362
1.16176,806.743,-0.0338654,-1.77636e-15,530375
1.16179,806.756,-0.0262127,-4.08562e-14,530385
1.16181,806.767,-0.019158,-5.68434e-14,530394
1.16183,806.776,-0.0129568,-4.61853e-14,530401
1.16184,806.783,-0.00749999,-4.79616e-14,530407
1.16185,806.787,-0.00245685,-1.77636e-14,530410
1.16098,806.415,-0.022207,7.21379e-12,530107
1.16109,806.417,-0.057897,1.24807e-11,530110
1.16115,806.426,-0.0762916,6.942e-12,530118
1.16119,806.441,-0.0883706,-2.98428e-13,530130
1.16123,806.461,-0.0970304,-5.38236e-13,530146
1.16127,806.484,-0.102694,-2.55795e-13,530165
1.16132,806.51,-0.105073,-4.08562e-14,530185
1.16137,806.538,-0.104068,3.19744e-14,530208
1.16142,806.567,-0.0999201,-1.06581e-14,530231
1.16148,806.597,-0.0928695,-6.39488e-14,530256
1.16154,806.628,-0.0841072,-3.90799e-14,530281
1.1616,806.655,-0.0749076,-7.10543e-15,530303
1.16164,806.68,-0.0657356,8.88178e-15,530323
1.16168,806.701,-0.056588,1.06581e-14,530340
1.16172,806.72,-0.0475293,1.77636e-14,530355
1.16175,806.735,-0.0386783,-1.77636e-15,530368
1.16178,806.749,-0.0302195,-3.01981e-14,530379
1.1618,806.761,-0.0224491,-3.19744e-14,530389
1.16182,806.77,-0.0154747,-3.37508e-14,530396
1.16183,806.777,-0.00907882,-1.95399e-14,530402
1.16184,806.782,-0.00299487,-8.88178e-15,530406
1.16099,806.434,-0.0245052,2.12239e-11,530123
1.16111,806.433,-0.0631226,3.7879e-11,530122
1.16117,806.439,-0.0821975,3.41913e-11,530128
1.16121,806.452,-0.0944509,1.96003e-11,530139
1.16124,806.469,-0.103384,5.28289e-12,530153
1.16128,806.489,-0.109634,2.22045e-13,530169
1.16132,806.512,-0.112932,-1.06581e-13,530187
1.16137,806.536,-0.112915,-3.01981e-14,530207
1.16141,806.562,-0.109653,-2.2915e-13,530228
1.16147,806.589,-0.103312,-3.17968e-13,530250
1.16152,806.618,-0.0942037,-1.04805e-13,530273
1.16158,806.646,-0.0838522,1.24345e-14,530296
1.16162,806.67,-0.0734801,3.19744e-14,530316
1.16167,806.692,-0.0633049,1.77636e-14,530333
1.1617,806.711,-0.0533293,-1.77636e-15,530348
1.16173,806.727,-0.0436457,-2.84217e-14,530362
1.16176,806.741,-0.0344423,-1.59872e-14,530373
1.16179,806.753,-0.0259604,-7.10543e-15,530383
1.1618,806.763,-0.0181551,0,530391
1.16182,806.771,-0.0107595,1.42109e-14,530397
1.16183,806.776,-0.00356672,5.32907e-15,530401
1.161,806.454,-0.0266354,-3.47402e-11,530138
1.16112,806.449,-0.0680903,-2.24176e-11,530135
1.16119,806.451,-0.0878582,2.37712e-11,530138
1.16123,806.462,-0.10016,5.02887e-11,530147
1.16126,806.477,-0.10914,2.05311e-11,530160
1.16129,806.495,-0.115682,1.55431e-12,530174
1.16133,806.515,-0.119587,1.24345e-14,530189
1.16137,806.536,-0.120405,-5.86198e-14,530207
1.16141,806.558,-0.118024,-2.2915e-13,530225
1.16145,806.582,-0.112527,1.43885e-13,530244
1.1615,806.608,-0.103922,1.54543e-13,530265
1.16156,806.635,-0.0929707,9.9476e-14,530287
1.1616,806.66,-0.0813866,3.55271e-14,530307
1.16165,806.682,-0.0701589,5.32907e-15,530325
1.16168,806.701,-0.0592746,-3.55271e-15,530340
1.16172,806.718,-0.0487936,-3.55271e-14,530354
1.16175,806.733,-0.0388961,-1.24345e-13,530366
1.16177,806.745,-0.0296773,-1.81188e-13,530376
1.16179,806.756,-0.0209664,7.81597e-14,530385
1.1618,806.764,-0.0125144,2.61124e-13,530392
1.16181,806.769,-0.00416317,3.37508e-13,530395
1.161,806.473,-0.0286471,-7.32134e-10,530154
1.16114,806.465,-0.0728493,-6.99567e-10,530148
1.16121,806.463,-0.0933263,-1.84954e-10,530148
1.16125,806.472,-0.105591,1.88791e-11,530155
1.16128,806.486,-0.114438,1.52731e-11,530166
1.16131,806.501,-0.121011,4.44089e-13,530179
1.16134,806.518,-0.125281,2.61124e-13,530193
1.16137,806.537,-0.1268,1.27898e-12,530207
1.1614,806.556,-0.125239,1.23279e-12,530223
1.16144,806.576,-0.120472,1.96465e-12,530239
1.16149,806.599,-0.112588,9.04166e-13,530258
1.16154,806.624,-0.101837,1.93623e-13,530278
1.16158,806.648,-0.089549,-1.42109e-14,530298
1.16163,806.671,-0.0772059,1.77636e-15,530316
1.16166,806.69,-0.0654012,2.4869e-14,530332
1.1617,806.708,-0.0541504,-9.59233e-14,530346
1.16173,806.723,-0.043563,-8.5798e-13,530358
1.16175,806.736,-0.0335663,-1.46017e-12,530369
1.16177,806.747,-0.0238885,6.75016e-13,530378
1.16179,806.756,-0.014328,1.71063e-12,530385
1.1618,806.76,-0.00477869,1.67155e-12,530389
1.16101,806.493,-0.0305791,-9.16589e-09,530169
1.16115,806.482,-0.0773837,-3.18084e-09,530161
1.16122,806.475,-0.0985157,-2.90862e-10,530157
1.16126,806.482,-0.110766,-4.5674e-10,530163
1.16129,806.494,-0.119414,-3.93188e-10,530173
1.16132,806.508,-0.125733,-1.52793e-10,530185
1.16135,806.523,-0.129945,-7.46248e-12,530196
1.16137,806.538,-0.131846,1.46851e-11,530209
1.1614,806.554,-0.131045,7.20135e-12,530222
1.16143,806.572,-0.12722,-1.88649e-12,530236
1.16147,806.591,-0.120192,-4.40536e-13,530251
1.16151,806.612,-0.110151,8.7752e-13,530269
1.16156,806.636,-0.0977174,5.61329e-13,530288
1.1616,806.658,-0.0844767,2.00728e-13,530306
1.16164,806.679,-0.0717401,9.41469e-14,530322
1.16168,806.697,-0.0597431,3.28626e-13,530337
1.16171,806.713,-0.0484323,8.43769e-13,530350
1.16174,806.727,-0.0375811,8.52651e-14,530361
1.16176,806.738,-0.0268974,-1.92024e-12,530370
1.16177,806.746,-0.0161818,-2.55795e-12,530377
1.16178,806.751,-0.00540297,-2.41762e-12,530381
1.16102,806.514,-0.0324702,-2.21536e-08,530186
1.16117,806.5,-0.0817368,-3.58913e-09,530175
1.16124,806.487,-0.103404,-4.08248e-10,530167
1.16128,806.492,-0.115552,-1.60053e-09,530171
1.16131,806.502,-0.123874,-1.33206e-09,530180
1.16133,806.514,-0.129762,-4.76645e-10,530190
1.16135,806.527,-0.133789,-4.27836e-11,530200
1.16138,806.54,-0.135909,2.9587e-11,530210
1.1614,806.553,-0.135719,1.50493e-11,530221
1.16143,806.568,-0.132725,-1.32268e-11,530232
1.16146,806.584,-0.126641,-7.49267e-12,530245
1.1615,806.602,-0.11747,3.55271e-15,530260
1.16154,806.623,-0.105583,2.0659e-12,530277
1.16158,806.645,-0.0920073,1.35714e-12,530295
1.16162,806.666,-0.0783609,-2.06057e-13,530312
1.16166,806.685,-0.065593,1.27187e-12,530328
1.16169,806.702,-0.0535048,7.82663e-12,530341
1.16172,806.716,-0.0417153,9.75042e-12,530353
1.16174,806.727,-0.0299316,-1.66054e-11,530362
1.16175,806.736,-0.0180264,-4.99494e-11,530369
1.16176,806.74,-0.00601927,-8.89475e-11,530372
1.16103,806.538,-0.0342344,5.36204e-08,530205
1.16119,806.521,-0.0860189,3.71443e-08,530192
1.16126,806.5,-0.108492,7.38426e-09,530177
1.1613,806.5,-0.120359,2.07582e-09,530178
1.16132,806.509,-0.127883,-1.75531e-10,530185
1.16134,806.519,-0.133343,-3.0758e-10,530193
1.16136,806.529,-0.137237,-1.35339e-10,530202
1.16138,806.541,-0.139479,-4.61124e-11,530210
1.1614,806.552,-0.139625,6.24922e-12,530220
1.16142,806.564,-0.137193,3.71259e-12,530229
1.16145,806.577,-0.131912,-3.55982e-12,530240
1.16148,806.592,-0.123687,-1.92859e-11,530252
1.16151,806.61,-0.112723,-2.40163e-12,530267
1.16155,806.631,-0.0995033,7.04148e-12,530284
1.16159,806.653,-0.0854132,3.0731e-13,530301
1.16163,806.672,-0.0717427,-3.9968e-12,530317
1.16166,806.689,-0.0587064,-4.51017e-12,530331
1.16169,806.703,-0.0458727,-1.77582e-11,530343
1.16171,806.715,-0.0329332,-2.32703e-13,530352
1.16173,806.723,-0.0198416,-1.01636e-10,530359
1.16173,806.728,-0.00663054,-2.92925e-10,530362
1.16106,806.568,-0.036171,2.31386e-07,530229
1.16123,806.544,-0.0897663,4.42306e-07,530211
1.16129,806.516,-0.111603,2.38058e-07,530190
1.16132,806.511,-0.123219,1.0002e-07,530187
1.16133,806.514,-0.1311,1.54663e-08,530189
1.16134,806.521,-0.136879,1.0211e-09,530195
1.16136,806.53,-0.140987,-5.09189e-10,530202
1.16137,806.54,-0.143183,-2.34401e-10,530210
1.16139,806.549,-0.143211,1.38773e-10,530217
1.16141,806.558,-0.140952,1.99121e-10,530225
1.16143,806.569,-0.136229,2.96954e-11,530233
1.16145,806.582,-0.128893,-5.08749e-11,530244
1.16148,806.597,-0.11892,-2.89351e-11,530256
1.16152,806.616,-0.106577,7.70761e-12,530271
1.16156,806.637,-0.092522,1.88827e-11,530288
1.1616,806.657,-0.0780399,-2.78764e-11,530305
1.16163,806.674,-0.0639082,-1.18067e-10,530319
1.16166,806.688,-0.0500216,-5.31895e-11,530330
1.16168,806.699,-0.0359801,1.01646e-09,530339
1.16169,806.708,-0.0217383,2.07367e-09,530346
1.1617,806.712,-0.00727953,2.59342e-09,530349
1.16112,806.617,-0.0391348,-2.28442e-06,530269
1.16132,806.579,-0.0915236,1.48552e-06,530241
1.16137,806.55,-0.108856,3.6049e-06,530219
1.16135,806.531,-0.120196,1.6183e-06,530203
1.16133,806.52,-0.129895,1.862e-07,530193
1.16133,806.519,-0.136696,1.11294e-08,530193
1.16134,806.525,-0.141909,-2.62271e-09,530197
1.16135,806.532,-0.14492,1.38218e-11,530203
1.16136,806.538,-0.145506,1.14582e-09,530208
1.16137,806.546,-0.143807,4.85754e-10,530214
1.16139,806.554,-0.139805,-1.641e-11,530221
1.16141,806.565,-0.133375,-1.13806e-10,530230
1.16144,806.578,-0.124441,-1.02061e-10,530240
1.16147,806.595,-0.113125,-1.14575e-11,530254
1.16151,806.614,-0.0995674,7.58096e-11,530269
1.16155,806.634,-0.0844816,-3.78577e-11,530285
1.16158,806.651,-0.0691624,-4.20524e-10,530299
1.16161,806.664,-0.0542124,-1.28589e-10,530310
1.16162,806.675,-0.039234,5.10726e-09,530319
1.16163,806.682,-0.0238482,1.39227e-08,530324
1.16164,806.686,-0.00799611,1.8699e-08,530327
1.16141,806.766,-0.043829,-0.000225622,530401
1.16171,806.715,-0.083349,-7.07407e-05,530361
1.16164,806.653,-0.089645,1.2073e-05,530307
1.16145,806.569,-0.10173,5.36687e-06,530236
1.1613,806.516,-0.120629,1.00797e-06,530189
1.16124,806.493,-0.133697,1.80109e-07,530169
1.16123,806.488,-0.141078,2.55143e-08,530166
1.16124,806.493,-0.145412,-9.44786e-09,530170
1.16125,806.498,-0.147031,-5.48271e-09,530174
1.16126,806.504,-0.145841,-2.67103e-09,530179
1.16128,806.511,-0.142373,1.37353e-10,530184
1.1613,806.52,-0.136729,-3.19895e-10,530191
1.16132,806.531,-0.128874,1.63864e-10,530200
1.16135,806.545,-0.118617,5.71809e-12,530212
1.16138,806.562,-0.105873,-2.70546e-10,530226
1.16141,806.58,-0.0907061,9.42746e-10,530241
1.16145,806.597,-0.0747567,1.88248e-10,530254
1.16147,806.609,-0.0584067,-2.33295e-09,530264
1.16148,806.617,-0.0412776,1.58556e-09,530270
1.16148,806.62,-0.0241119,-9.0135e-08,530272
1.16148,806.621,-0.00788322,-3.01576e-07,530273
1.16308,807.536,0.0428845,-0.0120333,531133
1.16351,807.346,0.0281844,-0.00391953,530931
1.16264,806.986,0.0310421,-0.00021064,530608
1.1616,806.587,-0.0120457,-1.79852e-05,530264
1.16101,806.391,-0.0796192,1.01528e-05,530091
1.16079,806.302,-0.120199,7.40956e-06,530016
1.16076,806.283,-0.138828,1.72468e-06,530001
1.16078,806.288,-0.148248,-9.47098e-07,530006
1.1608,806.294,-0.149978,-6.89121e-07,530011
1.16082,806.3,-0.148209,-2.41553e-07,530017
1.16083,806.307,-0.144442,7.99218e-08,530022
1.16085,806.315,-0.139235,3.90854e-08,530028
1.16087,806.324,-0.132503,4.03566e-08,530036
1.16089,806.336,-0.123355,-8.48249e-09,530046
1.16092,806.35,-0.111534,-5.65238e-08,530057
1.16095,806.366,-0.0964286,3.51035e-08,530070
1.16097,806.381,-0.0775592,9.04592e-08,530082
1.16098,806.387,-0.0576586,-3.00832e-08,530087
1.16096,806.384,-0.0381368,-7.29378e-07,530083
1.16092,806.372,-0.0188978,-9.31901e-06,530073
1.16088,806.364,-0.00396669,-2.76147e-05,530065
1.17268,810.676,5.16566,-0.606943,535617
1.171,809.877,2.18015,-0.129353,533610
1.16471,806.97,0.757815,-0.00761242,530895
1.1605,805.39,0.333804,-0.000213351,529522
1.15839,804.693,0.0629541,0.000316825,528913
1.15773,804.438,-0.0742996,0.000357437,528700
1.15779,804.437,-0.132739,6.4113e-05,528703
1.15793,804.48,-0.158797,-5.4183e-05,528742
1.15801,804.505,-0.15901,-3.38807e-05,528764
1.15805,804.522,-0.152746,-1.64336e-06,528778
1.15807,804.533,-0.14739,5.65906e-06,528787
1.15809,804.542,-0.142,1.79409e-06,528795
1.15811,804.551,-0.135761,2.0609e-06,528802
1.15814,804.562,-0.127904,-4.48082e-07,528811
1.15816,804.575,-0.116266,-3.27597e-06,528821
1.15819,804.591,-0.0981111,1.85618e-06,528834
1.1582,804.602,-0.0753163,4.70378e-06,528842
1.15816,804.595,-0.0505032,-6.33206e-08,528836
1.15805,804.565,-0.0178431,-2.10337e-05,528808
1.15781,804.48,0.0387878,-0.000346866,528735
1.15759,804.381,0.105755,-0.00142985,528654
1.21332,828.302,71.0399,-4.94826,560160
1.18998,814.866,17.5013,-0.534952,541160
1.1668,804.233,4.83694,-0.0333869,530410
1.15448,799.539,1.60775,0.00118082,526161
1.14886,797.252,0.539627,0.00195569,524211
1.14672,796.4,0.0854735,0.00286881,523490
1.14632,796.205,-0.0909985,0.00114584,523331
1.14643,796.228,-0.154896,-0.00043493,523355
1.14656,796.265,-0.172225,-0.000349095,523388
1.14664,796.3,-0.163336,6.51038e-06,523417
1.14669,796.324,-0.153997,5.48722e-05,523437
1.14673,796.339,-0.146006,3.43197e-05,523450
1.14676,796.351,-0.138143,1.63262e-05,523460
1.14679,796.362,-0.128669,-1.9114e-05,523469
1.14681,796.374,-0.114169,-2.93775e-05,523479
1.14682,796.383,-0.0922808,1.65374e-05,523486
1.14677,796.372,-0.0605697,3.69561e-05,523475
1.14659,796.306,-0.00519622,-3.01275e-05,523419
1.14614,796.119,0.133924,-0.000153231,523262
1.14505,795.582,0.579341,-0.00124716,522827
1.14281,794.238,2.32329,-0.011414,521768
1.22808,845.686,99.5721,-4.30109,578836
1.21504,825.166,35.2414,-0.780544,553240
1.17951,807.534,12.7763,-0.0550511,534904
1.15597,798.067,4.74697,0.0116332,526219
1.14454,792.975,1.7297,-0.00117302,521886
1.13925,790.575,0.573508,-0.000334285,519886
1.13702,789.604,0.0810147,0.0029306,519077
1.13652,789.326,-0.107021,0.000434802,518854
1.13654,789.307,-0.163539,-0.000444385,518842
1.13662,789.335,-0.175385,-0.000201918,518867
1.1367,789.364,-0.165634,6.0607e-05,518891
1.13675,789.389,-0.152216,8.42128e-05,518912
1.1368,789.407,-0.140263,9.31432e-06,518927
1.13682,789.418,-0.125958,-4.28861e-05,518936
1.13681,789.415,-0.105521,-2.72959e-05,518934
1.13673,789.384,-0.071194,4.41411e-06,518908
1.13653,789.291,-0.00505562,-2.13595e-05,518831
1.13603,789.052,0.141069,-0.000180479,518635
1.13491,788.525,0.509128,-0.000470937,518203
1.13265,787.333,1.44974,-0.00087926,517246
1.12941,785.371,3.81113,-0.00767276,515703
1.23475,858.026,111.536,-3.49594,591339
1.23747,837.538,51.6322,-0.835481,566436
1.19724,813.917,22.7207,-0.120388,542076
1.16345,798.738,9.75959,0.0492044,528205
1.14389,790.607,4.08141,0.0092143,521099
1.134,785.967,1.63292,-0.00539126,517229
1.12923,783.772,0.534215,-8.96233e-05,515408
1.12733,782.861,0.0578594,0.00205809,514660
1.12692,782.611,-0.116815,-6.52567e-05,514462
1.12692,782.589,-0.165143,-0.000412042,514446
1.12696,782.598,-0.168689,-0.00011264,514455
1.12701,782.617,-0.156624,9.06364e-05,514471
1.12704,782.633,-0.138122,3.43217e-05,514484
1.12702,782.628,-0.116592,-3.88623e-05,514480
1.12694,782.59,-0.0815469,-5.41572e-05,514449
1.12673,782.489,-0.0138891,-3.09175e-05,514365
1.12626,782.249,0.123255,-8.34206e-05,514170
1.12527,781.754,0.419162,-0.000226398,513768
1.12341,780.866,1.05414,-0.000590368,513042
1.12037,779.23,2.29649,-0.00117435,511733
1.11714,777.202,4.50933,-0.00373706,510145
1.2388,867.467,119.007,-3.15334,601018
1.25746,849.706,64.691,-0.851865,579123
1.21777,822.161,33.2751,-0.158248,550928
1.17589,801.753,16.2893,0.0629252,532267
1.14722,790.138,7.72758,0.0231255,521917
1.13107,782.538,3.47317,-0.00313274,515532
1.12311,778.727,1.41196,-0.00555818,512377
1.11914,776.887,0.441169,0.00159583,510855
1.11771,776.132,0.0224444,0.000849589,510244
1.11738,775.926,-0.121417,-0.000247178,510081
1.11734,775.896,-0.154631,-0.000399345,510057
1.11733,775.891,-0.149778,-4.25291e-05,510054
1.11731,775.881,-0.129484,9.77662e-05,510045
1.11722,775.844,-0.0928884,6.3894e-06,510014
1.11703,775.747,-0.0271539,-8.38122e-05,509935
1.11661,775.536,0.0993573,-6.14961e-05,509763
1.11577,775.104,0.340627,-0.00010446,509412
1.11425,774.334,0.808242,-0.00025307,508788
1.1118,773.143,1.65302,-0.000382579,507818
1.10845,771.31,2.99305,-0.000505184,506355
1.10551,769.388,4.9073,-0.00308926,504857
1.2404,873.481,124.078,-2.93464,607863
1.27358,858.262,75.1413,-0.837467,588857
1.24037,831.895,44.6131,-0.126344,561189
1.19162,806.559,24.2198,0.0400007,537972
1.15461,790.99,12.6348,0.0528363,523995
1.13128,780.625,6.25337,0.00830341,515110
1.11882,774.639,2.86324,-0.005779,510129
1.11235,771.514,1.15708,-0.00192985,507551
1.10913,769.981,0.340889,0.00190699,506289
1.10803,769.37,-0.00146082,0.000337555,505797
1.10775,769.21,-0.109233,-0.00069339,505669
1.10765,769.161,-0.126988,-0.000415041,505629
1.10754,769.115,-0.103456,4.08603e-05,505590
1.10735,769.023,-0.0430844,2.0515e-05,505515
1.10698,768.837,0.071136,-7.17312e-05,505363
1.10629,768.479,0.279781,-4.48638e-05,505073
1.10503,767.828,0.644222,-0.00013457,504545
1.103,766.829,1.27087,-0.000592149,503732
1.10017,765.387,2.24828,-8.54774e-06,502567
1.09684,763.495,3.57227,0.000459725,501065
1.09428,761.792,5.17437,-0.00264229,499741
1.24252,878.367,127.69,-2.74349,613810
1.28614,864.208,83.7672,-0.839171,596398
1.26188,841.486,55.8137,-0.0577859,571439
1.21081,813.135,33.4024,0.00766392,545359
1.16633,793.756,18.8193,0.0707976,527811
1.13518,780.581,10.1081,0.0218519,516267
1.11691,771.765,5.04771,-0.00371058,508886
1.10708,766.923,2.33257,-0.00703958,504888
1.1016,764.31,0.93818,-2.40586e-05,502732
1.09901,763.033,0.265636,0.00151685,501686
1.09814,762.545,0.00119003,-0.00017312,501294
1.09786,762.399,-0.0703969,-0.0011767,501177
1.09765,762.297,-0.0510647,-0.000353317,501093
1.09731,762.127,0.0407686,0.000115081,500955
1.09671,761.817,0.221645,-1.18021e-05,500703
1.09568,761.281,0.530596,-1.04808e-05,500269
1.09398,760.402,1.02142,-0.000128045,499559
1.09153,759.202,1.78212,-0.000813976,498582
1.08845,757.595,2.84993,0.00037805,497289
1.0854,755.773,4.05426,0.000527165,495852
1.0833,754.348,5.35871,-0.00218629,494746
1.24397,881.531,130.233,-2.57382,618362
1.29419,867.093,90.2252,-0.871409,601314
1.28058,849.809,66.2469,-0.00296122,580703
1.23273,821.046,43.8759,0.0265847,554119
1.18171,798.17,26.3422,0.0632493,533180
1.14291,782.295,15.1407,0.0252951,518961
1.11796,770.4,8.12257,-0.00147809,508896
1.1036,763.287,4.08396,-0.00546387,502999
1.09556,759.36,1.90738,-0.00388077,499763
1.0909,757.171,0.775014,0.00105063,497956
1.0887,756.064,0.240257,0.00101776,497053
1.08789,755.627,0.0551188,-0.00139368,496700
1.08747,755.398,0.0516259,-0.00113917,496516
1.08694,755.115,0.171986,0.000192419,496288
1.08605,754.643,0.427465,8.32588e-05,495907
1.08464,753.903,0.848677,8.60539e-06,495308
1.08251,752.817,1.46842,-0.00046923,494428
1.0797,751.424,2.3448,-0.000228428,493297
1.07661,749.813,3.40397,0.000303046,492004
1.07394,748.146,4.44073,0.000422142,490697
1.07222,746.964,5.4887,-0.00179304,489781
1.24421,883.085,132.097,-2.40946,621570
1.2988,868.043,95.1492,-0.891205,604479
1.29505,855.676,74.8277,-0.0250732,587933
1.25417,829.304,54.3205,0.0266594,563272
1.2013,804.567,35.5816,0.0650638,540454
1.15494,785.446,21.5741,0.053491,523070
1.12259,770.73,12.3018,0.00919122,510364
1.10265,760.916,6.58772,-0.00438363,502158
1.09114,755.231,3.36655,-0.00470365,497459
1.08429,751.94,1.61963,-0.00143707,494745
1.0801,749.991,0.717164,0.000963862,493135
1.07788,748.905,0.330942,-0.00075062,492247
1.0767,748.308,0.258278,-0.00164276,491762
1.07575,747.801,0.389612,0.000166029,491354
1.07452,747.14,0.708987,-8.69856e-05,490822
1.07268,746.177,1.23119,-0.000181204,490044
1.07009,744.895,1.96803,-0.000870796,489002
1.067,743.35,2.90923,0.000165801,487751
1.06411,741.836,3.89254,0.000623188,486538
1.06186,740.402,4.74219,0.000217391,485418
1.06044,739.416,5.57919,-0.00145814,484655
1.24276,883.649,133.613,-2.27273,623939
1.29929,867.905,99.1358,-0.890665,606438
1.30402,857.856,81.5696,-0.105589,592118
1.2732,836.652,64.706,0.0555446,571788
1.2244,812.349,45.8833,0.0502906,549255
1.17176,790.152,29.332,0.088669,528811
1.13134,772.856,17.6796,0.0211236,513469
1.10484,760.054,9.97673,-0.00135434,502627
1.08853,751.854,5.40453,-0.00357225,495825
1.07883,747.048,2.85656,-0.00476953,491863
1.07276,744.193,1.50197,-0.000203676,489503
1.06865,742.309,0.85866,-0.000532823,487944
1.06591,741.042,0.660139,-0.00141108,486899
1.06395,740.1,0.762687,-0.000118001,486129
1.06204,739.118,1.10563,7.99416e-05,485335
1.05967,737.893,1.69239,-0.000788384,484345
1.05673,736.431,2.5231,-0.000297256,483160
1.05376,734.952,3.46077,-0.000169732,481964
1.05135,733.617,4.29735,0.000823699,480904
1.04957,732.432,4.98156,0.000133977,479983
1.04846,731.647,5.64569,-0.00121587,479378
1.2406,884.113,135.248,-2.16226,625587
1.29721,867.755,103.191,-0.854529,607809
1.30756,857.666,87.0547,-0.115278,594110
1.28612,840.522,72.3719,0.0572724,577444
1.24668,818.826,55.7436,0.0303352,557421
1.19444,797.281,38.8649,0.0737892,537037
1.14603,777.321,24.5299,0.0241558,518847
1.11165,761.259,14.486,0.00502295,504981
1.08916,750.042,8.22029,-0.00170972,495573
1.0752,742.962,4.59377,-0.00236699,489717
1.06662,738.693,2.6193,-0.00229558,486203
1.06089,735.944,1.64217,-7.45384e-05,483937
1.05677,734.014,1.27582,-0.00311189,482346
1.05344,732.45,1.30874,-0.00128895,481061
1.05039,730.962,1.64349,0.000868837,479847
1.04736,729.422,2.25578,-0.000806973,478601
1.04453,727.983,3.06511,-0.000126235,477439
1.0422,726.751,3.88166,0.000168223,476453
1.04048,725.675,4.56511,0.000765477,475612
1.03934,724.814,5.13615,4.00993e-05,474952
1.03866,724.266,5.68048,-0.00112624,474536
1.23118,879.356,133.732,-1.99423,622890
1.28847,866.393,104.338,-0.786377,607612
1.30479,855.786,89.8925,-0.115162,594153
1.29349,843.027,77.8523,0.0395143,581574
1.26649,825.537,64.3212,-0.0352232,565663
1.22428,806.882,49.1005,0.040543,547940
1.17267,786.082,33.5885,0.0664924,528427
1.12757,766.484,20.8787,0.00835581,510935
1.09705,752.086,12.3618,-0.000947403,498569
1.07741,742.439,7.19901,0.00091927,490471
1.06485,736.087,4.28169,-0.000602441,485222
1.0568,732,2.77599,-0.000754386,481872
1.05123,729.203,2.12382,-0.00420759,479584
1.04678,726.997,2.01352,-0.0029197,477782
1.04288,725.039,2.30038,0.00102721,476190
1.03948,723.318,2.87484,-0.000319692,474796
1.03682,721.976,3.5725,-0.000299395,473710
1.03495,720.92,4.22591,0.000796938,472872
1.03376,720.107,4.72656,0.000823904,472243
1.03309,719.489,5.13521,-0.00017568,471779
1.03282,719.128,5.59105,-0.0013578,471516
1.17597,835.891,59.6033,-1.51289,586350
1.25306,853.771,89.3561,-0.552878,597290
1.29723,856.279,88.5924,-0.0542428,593812
1.30521,852.512,83.0673,0.00718406,588877
1.29221,841.501,73.7621,-0.00615717,578804
1.26556,826.506,60.8014,0.014625,565107
1.22234,808.348,46.0566,0.0252331,547857
1.17125,786.55,31.2726,0.00782738,527892
1.1272,767.247,19.3873,-0.00242798,510771
1.09809,753.526,11.6847,-0.000221949,499012
1.07937,744.416,7.11198,-0.000174239,491380
1.06735,738.495,4.61332,-0.000429752,486488
1.0593,734.532,3.40003,-0.00151974,483236
1.05356,731.71,2.9867,-0.00101289,480927
1.04897,729.416,3.115,0.000331016,479061
1.04532,727.576,3.57148,2.97542e-05,477569
1.04277,726.284,4.1193,-0.000142831,476525
1.04126,725.39,4.51616,0.000219983,475819
1.04066,724.925,4.68193,0.000306841,475465
1.04106,724.853,4.57676,-0.000333417,475445
1.04342,726.094,2.86367,-0.0018502,476448
1.10429,742.927,-36.6114,-5.74128,521375
1.18992,813.237,48.9428,-1.01754,566497
1.27017,850.461,75.9491,0.0833128,587750
1.30414,858.136,81.0254,-0.0336254,591519
1.30842,856.379,78.2284,0.0288022,589257
1.29638,847.516,71.8256,0.0473751,581369
1.27189,834.415,60.4341,-0.00617558,569406
1.23116,816.447,45.6661,0.0156126,552642
1.18121,794.593,31.4637,-0.0198774,532807
1.13756,775.312,19.7108,-0.00621113,515755
1.10845,761.582,12.1792,-0.000198971,504007
1.08939,752.312,7.78661,0.000837257,496256
1.07685,746.15,5.45886,0.000820197,491172
1.06839,741.988,4.42748,0.00117825,487762
1.06235,738.974,4.16206,0.00196828,485308
1.05822,736.91,4.27645,0.000644063,483631
1.05588,735.679,4.46763,-0.00106241,482640
1.05496,735.096,4.52209,-0.001254,482184
1.05526,735.145,4.32786,-0.000543698,482239
1.05757,736.121,3.22088,-0.000537622,483063
1.06279,739.105,-0.60067,-0.00977458,485458
1.07602,693.515,-66.0945,-3.95811,479053
1.12381,766.605,10.6147,-1.18713,527738
1.21648,823.392,52.1997,-0.0995096,566166
1.27952,851.064,71.1413,0.0830139,583948
1.30376,857.282,75.8895,-0.011694,588375
1.30576,856.634,74.0383,0.0421336,587419
1.2954,850.234,69.1333,0.0175072,581634
1.27365,838.882,59.5284,-0.0027272,571296
1.23708,822.31,45.4408,0.0113513,555963
1.18886,801.043,31.6106,-0.019491,536723
1.14532,781.6,20.1942,-0.00495236,519601
1.11595,767.679,12.9179,0.000885626,507734
1.09649,758.154,8.74217,0.00136293,499792
1.08357,751.692,6.56524,0.00239215,494482
1.07517,747.463,5.52376,0.00247374,491032
1.07019,744.972,5.01955,0.000619445,489005
1.06787,743.688,4.70176,-0.00135153,487977
1.06732,743.298,4.38715,-0.00221929,487674
1.0686,743.899,3.66088,-0.00147873,488171
1.07257,745.855,1.74805,-0.00125114,489778
1.07848,749.299,-2.38053,-0.0068035,492541
1.06439,666.119,-77.2207,-1.98277,452189
1.06435,723.655,-17.4141,-1.02415,491471
1.15353,788.089,26.8325,-0.311134,537635
1.23632,833.07,54.7747,0.113179,568442
1.28464,851.732,68.5857,0.0366549,582069
1.30359,858.611,71.9715,0.00711368,587496
1.30434,858.467,70.5885,0.0224605,587045
1.29522,853.047,66.5216,0.00675581,582181
1.27549,842.86,57.8475,0.00523454,572929
1.24093,827.034,44.9126,0.00887511,558396
1.19362,805.987,31.7367,-0.0186967,539457
1.15054,786.501,20.794,-0.00356453,522390
1.12137,772.499,13.8357,0.00113316,510515
1.10223,762.994,9.75441,0.00277931,502622
1.09033,757.057,7.39105,0.00216451,497744
1.08379,753.771,5.94138,0.00123934,495059
1.08081,752.07,5.02094,-0.00155276,493697
1.08032,751.717,4.21916,-0.00311323,493421
1.08241,752.779,2.93381,-0.00225129,494289
1.08721,755.304,0.524329,-0.000918134,496344
1.09271,758.567,-3.35127,-0.00420286,498961
1.06059,648.55,-82.844,-0.866811,434583
1.0281,695.928,-35.8937,-0.713927,467030
1.09456,752.808,2.57026,-0.386643,508256
1.18366,807.644,34.4821,0.0185731,547328
1.2529,840.65,55.99,0.110548,570980
1.29069,855.192,66.3305,0.00558967,582837
1.30486,861.496,68.986,0.00193934,588016
1.30447,861.102,67.8188,0.0119722,587483
1.29582,856.011,64.1888,0.00773887,582974
1.27663,846.193,56.275,0.00864686,574106
1.24237,830.599,44.4083,0.00599781,559849
1.19574,809.586,31.9213,-0.0200355,541078
1.15414,790.452,21.3711,-0.00266472,524435
1.12653,777.043,14.4629,0.00196155,513109
1.10945,768.626,10.0855,0.00218601,506113
1.09998,763.864,7.2962,0.00315535,502197
1.09542,761.282,5.56599,-0.000869284,500118
1.09449,760.69,4.17934,-0.00519239,499648
1.0969,761.969,2.2924,-0.0024632,500687
1.10183,764.723,-0.482329,0.00102046,502913
1.1065,767.544,-3.99802,-0.0044208,505174
1.06178,637.002,-86.2997,-0.467249,423056
1.00847,675.908,-47.3486,-0.498368,449262
1.04825,722.537,-15.6284,-0.410082,483022
1.12943,778.337,14.51,-0.157637,523310
1.20957,822.559,39.9378,0.0926589,554952
1.2663,847.193,56.6121,0.0674323,574201
1.29666,859.935,64.4369,0.00770422,585040
1.30679,864.877,66.6762,-0.00337919,589151
1.30547,864.019,65.6679,0.00743234,588293
1.29655,858.832,62.3302,0.00968305,583734
1.27673,848.895,55.0825,0.00764798,574784
1.24185,833.155,44.0769,-0.000458979,560459
1.19693,812.591,31.8752,-0.0163232,542227
1.15857,794.758,21.2475,-0.000906377,526783
1.13411,782.926,14.0722,0.0019316,516780
1.11984,775.793,9.42661,0.00518943,510861
1.11244,771.746,6.53806,-0.000405127,507569
1.11022,770.441,4.31441,-0.00659865,506518
1.11229,771.625,1.69732,-0.0021175,507470
1.11671,774.258,-1.36715,0.00116339,509585
1.12028,776.482,-4.52902,-0.00392298,511365
1.06476,628.192,-88.4748,-0.309764,414382
0.99675,659.269,-54.1899,-0.538065,435115
1.01627,701.347,-29.6571,-0.290897,465000
1.08094,750.187,-4.04906,-0.208489,500290
1.16193,800.206,22.3348,0.0254024,536148
1.23291,834.798,43.4804,0.103994,562040
1.27929,854.282,56.7257,0.017794,578447
1.30222,864.904,63.1652,0.00192346,587557
1.30912,868.417,64.9647,-0.00523866,590503
1.30676,866.933,64.0923,0.00566009,589172
1.29704,861.404,60.9933,0.00975756,584341
1.27635,851.302,54.1314,0.00258806,575243
1.24159,835.667,43.3107,-0.00360881,561068
1.19985,816.391,30.8795,-0.00839656,544053
1.16588,800.602,19.994,0.000295894,530381
1.14471,790.202,12.7653,0.00527573,521611
1.13276,783.9,8.17654,0.000491993,516421
1.12801,781.247,4.8606,-0.00573871,514262
1.1288,781.848,1.66807,-0.00245602,514729
1.13199,783.948,-1.64297,0.000835017,516398
1.13446,785.574,-4.75517,-0.00354238,517695
1.06721,620.161,-89.3112,-0.273617,406826
0.990353,645.902,-58.2917,-0.564622,424011
0.996761,687.396,-38.9472,-0.20482,453019
1.04352,726.988,-18.389,-0.154299,481643
1.11733,776.635,4.99648,-0.086317,516724
1.19365,818.202,28.2184,0.0563121,546948
1.25264,844.74,45.8922,0.063395,568559
1.28993,861.352,56.9217,0.0106254,582851
1.30707,869.637,62.3249,-0.00212852,590004
1.31148,871.866,63.7016,-0.00558338,591882
1.30812,869.748,62.9031,0.00431213,590055
1.29769,863.915,59.8493,0.00660057,584967
1.27709,854.052,52.8413,-0.00013365,576058
1.24412,839.279,41.4467,-0.000209221,562662
1.20622,821.868,28.6509,-0.00486645,547284
1.17616,807.718,17.8725,0.00317578,535071
1.15761,798.26,10.8951,0.00121352,527154
1.14848,793.416,6.1003,-0.00451349,523161
1.14667,792.753,2.03067,-0.00146185,522573
1.14807,793.97,-1.57103,0.000293441,523511
1.14958,795.079,-4.79048,-0.00372982,524388
1.06968,612.695,-89.4897,-0.269717,400069
0.988046,634.801,-60.8438,-0.584897,414952
0.985361,677.814,-45.2697,-0.165599,444617
1.01802,711.113,-28.7954,-0.119524,468592
1.07967,754.822,-9.6744,-0.0981735,499114
1.15208,798.927,12.57,0.00110222,530490
1.21957,831.876,33.0211,0.0832499,556168
1.26951,853.92,48.0113,0.0149438,574862
1.29867,867.719,57.4025,0.00482375,586790
1.31152,874.093,61.7768,-0.00467021,592305
1.31394,875.177,62.73,-0.00624598,593226
1.31032,872.822,61.8128,0.00373318,591212
1.30055,867.398,58.2986,0.00485638,586446
1.28169,858.49,50.5534,-0.00357264,578331
1.25094,844.834,38.3317,0.00336565,565907
1.21592,828.669,25.4527,-0.00267076,551658
1.18852,815.492,15.2643,0.000879227,540359
1.17287,807.542,8.36195,-0.00243691,533701
1.16673,804.743,3.08594,-0.00041829,531322
1.16575,804.761,-1.16165,6.09304e-05,531265
1.16624,805.302,-4.71487,-0.00416958,531681
1.07315,605.293,-89.4971,-0.2504,393624
0.988624,624.669,-62.6009,-0.614697,406634
0.978583,670.308,-49.7867,-0.136137,437879
1.00089,700.899,-36.287,-0.0957325,459673
1.04922,737.079,-20.7505,-0.0853334,484922
1.11445,779.864,-1.69301,-0.0343042,514875
1.18348,816.403,19.1675,0.0434166,542076
1.24235,843.626,37.0653,0.0438344,564449
1.28355,862.689,50.0887,0.00872044,580809
1.30668,873.871,57.9405,0.00371352,590520
1.31672,878.924,61.2585,-0.0109347,594877
1.31851,879.614,61.665,-0.0103419,595461
1.31616,877.944,60.095,0.0103352,594000
1.30813,873.532,55.6445,0.00419028,590041
1.29072,865.422,47.0654,-0.00829582,582588
1.26089,852.031,34.436,0.00475092,570456
1.2275,836.392,21.6908,-0.000708609,556752
1.2028,824.458,12.0233,-0.000491844,546552
1.19035,818.601,5.1399,0.000200254,541575
1.18618,817.001,-0.132389,-0.000325761,540169
1.18544,816.832,-4.44177,-0.00495098,540007
1.07838,594.893,-88.7235,-0.320407,385702
0.991276,615.097,-63.5726,-0.578574,398638
0.97401,663.247,-53.2533,-0.0756573,431548
0.988478,693.287,-42.1467,-0.0625764,452795
1.02507,723.329,-29.3391,-0.0811261,473893
1.08113,761.942,-13.6267,-0.0402053,500420
1.14631,799.774,5.61594,-0.00927001,527436
1.21056,831.091,24.7069,0.0620438,552275
1.26224,854.714,40.5802,0.0128839,572231
1.29633,871.124,51.9222,0.00785933,586367
1.31561,880.663,58.2181,-0.00363406,594639
1.3241,884.934,60.3581,-0.0189337,598303
1.32662,886.192,59.9194,-0.000195719,599306
1.32592,885.755,57.404,0.0129697,598792
1.31889,882.17,51.9796,0.000127998,595456
1.30115,874.165,42.6881,-0.0108234,588052
1.27141,860.289,29.8994,0.00610576,575648
1.24002,845.297,17.6101,0.00135868,562611
1.21977,835.947,8.44367,0.00100915,554568
1.21139,832.204,1.68013,-0.00113586,551362
1.20916,831.213,-3.93697,-0.0064394,550527
1.09137,583.755,-81.9488,-0.524424,380917
1.00267,609.879,-62.3456,-0.471578,394692
0.975109,659.035,-55.3002,-0.0326162,427483
0.981091,687.443,-47.2517,-0.0140804,447453
1.00468,711.375,-37.2622,-0.0649382,464360
1.04986,744.038,-24.4661,-0.0689482,486510
1.10809,780.965,-7.69758,0.00425345,512235
1.17215,813.506,11.5936,0.0418367,537096
1.23228,841.897,29.477,0.0233809,560351
1.27736,863.534,43.5767,0.00834715,578668
1.30651,877.77,52.9523,0.00337063,590926
1.3227,885.685,57.5822,-0.0138492,597790
1.33002,889.54,58.538,-0.012376,601046
1.33287,891.198,57.2528,0.0101681,602340
1.33199,890.947,53.9751,0.00670161,601930
1.32393,887.447,47.8503,-0.00570465,598564
1.30539,878.9,37.8593,-0.00425048,590757
1.27733,865.754,24.7018,0.00627513,579047
1.25134,853.942,12.7726,0.00230618,568645
1.23767,847.834,4.08597,-0.00123185,563296
1.23297,845.527,-2.94898,-0.00864505,561346
1.13369,601.571,-35.2098,-0.20933,398165
1.03668,621.069,-52.3249,-0.155889,404464
0.98793,663.865,-51.8288,-0.0326557,431484
0.97784,683.971,-46.3502,-0.00827902,444957
0.988288,700.307,-39.9413,-0.0219875,456126
1.02195,726.357,-30.3539,-0.0250336,473275
1.07194,760.146,-16.8063,-0.00101717,496415
1.13019,791.754,0.585174,0.0121554,519840
1.19272,822.206,18.7148,0.0101986,544222
1.2464,847.7,34.5629,0.00456212,565569
1.28455,866.435,46.2792,0.000695836,581556
1.30868,878.166,53.2411,-0.004159,591720
1.32152,884.417,55.9279,-0.00378563,597140
1.32754,887.524,55.7521,0.00189622,599743
1.32983,888.871,53.6301,0.00218576,600749
1.32806,888.015,49.3599,-0.000375399,599813
1.31877,883.573,42.0106,-0.000905065,595669
1.29929,874.905,30.7766,0.00175283,587686
1.27345,863.148,17.6854,0.00100853,577178
1.25262,853.704,6.54706,-0.00086789,568876
1.24329,848.651,0.259613,-0.00342786,564657
1.14665,616.938,-14.6616,-0.0405392,410543
1.07279,636.216,-37.5239,-0.0316961,417476
1.01167,670.576,-45.2224,-0.0138476,437303
0.986573,688.246,-43.7555,-0.00268301,448112
0.987403,699.62,-39.8563,-0.00458623,455484
1.00875,717.804,-33.937,-0.00536574,466778
1.04684,744.89,-23.7561,-0.000778652,484815
1.09596,774.484,-9.30063,0.00255873,506157
1.15508,803.336,8.06314,0.0022358,528776
1.21456,831.877,25.0451,0.00107005,552263
1.26093,854.764,38.518,6.19201e-05,571545
1.2932,870.586,47.6968,-0.000820972,585123
1.31326,880.474,52.4576,-0.000642477,593650
1.32428,886.022,53.6043,0.000185654,598372
1.33029,889.077,52.4543,0.000352803,600895
1.3332,890.492,49.4045,1.68967e-05,601968
1.33064,889.225,43.9981,-5.49988e-05,600652
1.31979,884.387,35.2945,0.00025236,596086
1.29775,874.644,22.9444,0.000196833,587195
1.27354,863.447,10.6184,-0.000296239,577309
1.26111,856.507,2.62888,-0.000770178,571496
1.15347,630.52,-7.30833,-0.00703264,420717
1.10113,650.044,-24.037,-0.0056431,429326
1.03952,677.348,-36.8338,-0.00245366,443658
1.00221,695.629,-39.8601,-0.000296179,453765
0.992308,702.218,-38.4771,-0.000608528,457339
1.00405,714.622,-35.0443,-0.00101434,464348
1.03058,734.538,-28.1544,-0.000271197,477005
1.06961,759.864,-16.8561,0.000491756,494828
1.12056,785.696,-1.65179,0.000401124,514584
1.18008,815.001,14.7785,0.000179538,538191
1.23426,841.6,29.7337,-1.06964e-05,560325
1.27458,861.577,40.8868,-0.000152416,577272
1.30227,875.309,47.7755,-0.000103924,589046
1.31955,883.891,50.6659,2.19248e-05,596407
1.32958,888.759,50.4728,3.87808e-05,600546
1.3358,891.947,48.3792,8.00754e-06,603154
1.33828,893.468,44.4276,2.61441e-06,604236
1.33389,891.438,38.0225,3.88798e-05,602222
1.31974,885.496,27.8301,3.56357e-05,596605
1.2991,875.698,15.1954,-5.52344e-05,587876
1.28504,867.658,4.47697,-0.000142849,581107
1.15486,639.876,-4.3983,-0.00111683,427292
1.11987,658.417,-15.4757,-0.000726876,436960
1.0667,685.829,-27.7601,-0.000177824,451280
1.02054,703.913,-34.8985,6.23706e-05,460260
1.00149,707.088,-35.746,9.51356e-06,460980
1.00631,715.838,-34.4611,-7.37334e-05,465244
1.02316,729.168,-30.781,-1.12177e-05,473009
1.05135,748.613,-22.8563,7.81068e-05,486282
1.09149,771.081,-10.74,4.48485e-05,502993
1.14561,797.598,4.59163,1.2051e-05,523975
1.20438,826.756,20.1587,-1.61609e-05,547842
1.25269,850.904,32.9127,-3.18607e-05,568068
1.2881,868.59,41.7949,-2.04829e-05,583109
1.31225,880.528,46.606,3.029e-06,593354
1.32742,887.824,47.8389,3.02193e-06,599630
1.33675,892.495,46.6049,-4.52367e-07,603551
1.34283,895.916,43.7788,1.0424e-06,606290
1.34451,897.102,38.77,6.02763e-06,607052
1.33914,895.104,30.9759,6.32697e-06,604946
1.32649,888.746,19.6395,-1.12098e-05,599225
1.31456,881.59,6.46137,-2.82731e-05,593169
1.15543,646.708,-2.78625,-2.60255e-05,431995
1.13068,662.564,-9.98118,2.37372e-05,441026
1.0875,693.034,-19.8003,6.57959e-05,457652
1.04086,713.142,-28.5591,3.79319e-05,467585
1.01326,713.232,-32.3025,1.70118e-05,465672
1.01156,718.676,-32.9102,1.51267e-05,467388
1.02224,728.038,-31.0881,1.60966e-05,472191
1.04111,741.597,-26.2248,1.13469e-05,481021
1.07096,760,-17.2718,-5.00727e-06,494392
1.11534,782.034,-4.64926,-1.21235e-05,511496
1.17235,810.745,10.0487,-1.51435e-05,534587
1.22767,838.553,24.073,-1.88043e-05,557569
1.27065,860.192,34.6619,-1.20456e-05,575784
1.30192,875.675,41.3844,-2.08415e-07,589015
1.32309,885.908,44.3253,2.29681e-06,597834
1.33668,892.633,44.2068,3.42505e-08,603561
1.34626,897.606,42.0621,-2.83978e-07,607696
1.35331,901.538,38.1273,4.80579e-07,610850
1.35649,903.381,31.3321,6.51001e-07,612172
1.35446,901.753,21.2795,-3.89704e-06,610657
1.3493,897.873,7.72037,-1.13251e-05,607415
1.15563,651.466,-1.64411,0.000102037,435247
1.13636,664.764,-6.34044,8.59343e-05,443220
1.10334,698.899,-13.3932,3.88539e-05,462795
1.06115,722.498,-21.9029,-1.16571e-06,475083
1.02688,720.219,-28.2863,-4.53657e-06,471083
1.01938,722.909,-30.6595,3.0228e-06,470643
1.02521,729.555,-30.5458,1.03398e-05,473385
1.03704,738.37,-28.2054,1.30869e-06,478652
1.0579,752.08,-22.1609,-8.70908e-06,488374
1.09197,770.123,-12.4549,-1.11159e-05,502085
1.14173,794.946,0.412509,-1.12758e-05,521773
1.19928,824.413,14.2576,-1.16338e-05,545731
1.2499,850.053,26.3816,-7.66298e-06,567072
1.28837,869.211,34.9329,-7.0294e-07,583316
1.31612,882.768,39.679,2.12988e-06,594958
1.3355,892.286,40.9819,7.15948e-07,603122
1.3497,899.332,39.5423,-2.14254e-07,609107
1.36166,905.319,36.0291,-1.86143e-07,614138
1.37282,910.557,30.2633,-3.29293e-07,618571
1.38197,913.93,20.9437,-2.67295e-06,621567
1.38711,915.487,7.64254,-6.56889e-06,623005
1.1551,654.278,-0.762674,8.14958e-05,437110
1.1391,666.102,-3.76332,6.38676e-05,444474
1.11413,702.85,-8.48135,2.11826e-05,466269
1.07895,730.711,-15.6697,-9.14459e-06,481715
1.04288,728.467,-23.4777,-1.48271e-05,477524
1.02898,728.037,-28.0345,-7.24954e-06,474624
1.03027,732.25,-29.3337,1.42703e-06,475498
1.03775,738.375,-28.411,-1.4464e-06,478708
1.05171,747.725,-24.9742,-6.17043e-06,485124
1.07649,761.799,-18.1205,-7.54093e-06,495625
1.11615,781.715,-8.23538,-6.46236e-06,511199
1.17,809.54,4.39957,-5.35457e-06,533499
1.22607,838.317,17.366,-3.59693e-06,557134
1.27167,861.159,27.355,-4.33967e-07,576313
1.30644,878.354,33.7639,1.37756e-06,590975
1.3327,891.19,36.5646,6.86475e-07,602007
1.35344,901.17,36.0989,-8.15248e-09,610606
1.37133,909.536,32.8097,-1.44324e-07,617839
1.38942,917.436,27.0923,-3.39202e-07,624806
1.40794,925.154,18.3459,-1.51151e-06,631752
1.42007,931.059,6.53023,-3.32232e-06,636881
1.15445,656.005,-0.239807,4.50051e-05,438230
1.14029,667.012,-1.96899,3.25277e-05,445230
1.12078,704.984,-5.08376,8.8975e-06,468188
1.09383,737.283,-10.5639,-7.76165e-06,487090
1.06024,737.478,-18.3959,-1.17151e-05,484616
1.04033,734.086,-24.9712,-6.97184e-06,479362
1.03721,736.011,-27.7254,-2.09256e-06,478467
1.04128,740.038,-28.0734,-2.01617e-06,480034
1.05007,746.09,-26.6645,-3.11686e-06,483955
1.06755,756.566,-22.3687,-3.48845e-06,491645
1.09801,772.276,-15.0401,-2.76267e-06,503769
1.14377,795.977,-4.67622,-2.0845e-06,522540
1.19934,824.976,7.56294,-1.14821e-06,546019
1.25191,851.594,18.7444,-8.57294e-08,568108
1.29415,872.659,26.505,5.31523e-07,585915
1.3281,889.188,30.6914,3.96869e-07,600103
1.35674,902.68,31.3125,8.84918e-08,611829
1.38239,914.263,28.4913,-4.62034e-08,622030
1.40671,924.636,22.3819,-1.92707e-07,631354
1.42805,934.137,14.1259,-6.10097e-07,639873
1.44142,941.499,4.84016,-1.16495e-06,646168
1.15395,657.219,0.0763874,1.63239e-05,439016
1.14079,667.842,-0.688664,1.06155e-05,445820
1.12499,706.139,-2.57648,2.17007e-06,469245
1.10549,741.92,-6.26088,-4.87671e-06,490960
1.07691,746.05,-13.3707,-6.98492e-06,491407
1.05371,741.237,-21.371,-4.79509e-06,484996
1.04558,740.461,-25.8231,-2.05627e-06,482021
1.0465,742.723,-27.2882,-1.56413e-06,482147
1.05171,746.71,-26.9873,-1.61853e-06,484476
1.06397,754.148,-24.9134,-1.45444e-06,489852
1.0867,766.159,-20.1159,-1.05027e-06,499035
1.1233,785.182,-12.4933,-7.17837e-07,513961
1.17321,811.664,-1.98644,-2.87674e-07,535124
1.22882,840.46,9.1804,-9.01671e-09,558682
1.2792,865.648,18.0244,1.03358e-07,579785
1.32158,886.241,23.3435,1.04082e-07,597394
1.35859,903.616,25.0524,5.01319e-08,612525
1.39249,918.798,22.7173,6.99693e-10,626010
1.42017,930.574,16.8148,-6.47149e-08,636692
1.44028,940.329,9.7234,-2.13215e-07,645304
1.45191,947.233,3.19486,-3.67219e-07,651139
1.15339,657.957,0.315344,5.25317e-06,439460
1.14087,668.595,0.232836,3.19338e-06,446277
1.12776,706.778,-0.841643,3.50065e-07,469827
1.11367,744.626,-3.3646,-2.46104e-06,493291
1.09153,753.297,-9.14843,-2.96841e-06,497208
1.06906,749.46,-17.2441,-2.13263e-06,491517
1.05561,745.798,-23.5057,-1.2423e-06,486303
1.05322,746.288,-26.1774,-8.26259e-07,484950
1.05576,748.625,-26.8717,-6.8439e-07,486000
1.06418,753.915,-26.5184,-5.65455e-07,489740
1.08135,763.026,-23.9456,-3.92044e-07,496672
1.11009,777.995,-18.7067,-2.46091e-07,508346
1.15198,800.54,-10.8339,-8.83533e-08,526184
1.2052,828.791,-0.801298,-5.21801e-09,548983
1.26185,857.463,8.61887,1.63098e-08,572751
1.31318,882.357,14.7634,2.38191e-08,593927
1.35849,903.693,17.247,1.59402e-08,612476
1.39795,921.504,15.6812,3.09344e-09,628309
1.4272,934.351,11.1474,-2.1563e-08,639922
1.44542,943.568,6.05465,-7.07391e-08,648004
1.45474,949.158,1.82988,-1.12979e-07,652729
1.15283,658.356,0.502366,1.55375e-06,439675
1.1408,669.251,0.869521,7.52838e-07,446641
1.12975,707.182,0.330567,-7.27651e-08,470179
1.11976,746.341,-1.30457,-9.2352e-07,494805
1.10418,759.369,-5.40391,-9.93374e-07,502108
1.08462,757.83,-13.0072,-5.86746e-07,498212
1.06742,752.133,-20.7373,-3.63907e-07,491373
1.06128,750.586,-24.8245,-2.34575e-07,488339
1.06148,751.459,-26.5248,-2.0315e-07,488244
1.06725,755.31,-27.2541,-2.16097e-07,490877
1.0805,762.457,-26.6797,-1.56383e-07,496302
1.10358,774.25,-23.7213,-9.04518e-08,505500
1.13859,793.153,-18.2638,-3.20714e-08,520384
1.18639,818.973,-10.5595,-6.35913e-09,541029
1.2439,848.609,-1.90517,-3.19368e-10,565328
1.30333,877.78,5.02741,3.13646e-09,589936
1.35637,902.679,8.15958,4.92289e-09,611545
1.39896,922.077,7.97492,2.55772e-09,628759
1.42874,935.51,5.79311,-6.99838e-09,640839
1.446,944.331,3.00879,-2.58262e-08,648566
1.4536,948.789,0.798779,-4.10235e-08,652357
1.15241,658.584,0.629915,4.70903e-07,439783
1.14092,669.844,1.2898,2.28066e-07,446973
1.13141,707.489,1.10532,-4.72803e-08,470434
1.12438,747.355,0.0625488,-2.5722e-07,495739
1.1136,763.562,-2.966,-3.0129e-07,505532
1.09852,765.207,-9.409,-1.72067e-07,504189
1.08131,759.676,-17.3653,-8.76015e-08,497395
1.07104,755.819,-23.0825,-6.09515e-08,492474
1.06868,755.1,-25.9477,-5.56709e-08,491126
1.07266,757.912,-27.588,-6.36281e-08,492961
1.08266,763.598,-28.5446,-6.3392e-08,497254
1.10202,773.215,-27.8003,-3.83916e-08,504800
1.13225,789.281,-24.7052,-1.37862e-08,517466
1.17469,812.237,-19.4224,-4.8677e-09,535756
1.22996,841.381,-12.4825,-2.57211e-09,559440
1.29315,872.731,-6.08212,-9.49161e-10,585698
1.35142,900.215,-1.81161,1.16115e-09,609441
1.39633,920.73,0.221126,1.25583e-09,627599
1.42657,934.598,0.728792,-2.88244e-09,640001
1.44351,943.417,0.485622,-9.94103e-09,647685
1.44997,947.266,0.139281,-1.41796e-08,650942
1.15215,658.724,0.727041,1.50122e-07,439829
1.14117,670.308,1.60073,8.16397e-08,447228
1.13296,707.756,1.61776,-6.98834e-09,470652
1.12806,747.999,0.915434,-6.01444e-08,496358
1.12079,766.584,-1.33333,-7.6905e-08,508017
1.1105,771.471,-6.30645,-4.64559e-08,509312
1.09563,767.53,-13.8816,-1.73685e-08,503683
1.08251,761.961,-20.9967,-9.37287e-09,497345
1.07732,759.551,-25.2363,-1.00304e-08,494656
1.07977,761.444,-27.8456,-1.57167e-08,495781
1.08795,766.364,-29.9163,-2.0673e-08,499486
1.10395,774.258,-31.1107,-1.68469e-08,505722
1.13088,788.125,-30.4072,-7.74325e-09,516734
1.16955,808.788,-27.552,-2.91769e-09,533228
1.22092,836.058,-22.9207,-1.90303e-09,555319
1.2832,867.376,-17.4107,-9.77522e-10,581386
1.34326,896.226,-11.8423,1.66931e-10,606086
1.38932,917.218,-7.38637,3.20039e-10,624589
1.4201,931.674,-4.06275,-1.21075e-09,637382
1.43725,940.731,-1.7597,-3.11163e-09,645218
1.44391,944.655,-0.415977,-3.32943e-09,648539
1.15205,658.869,0.77037,5.00454e-08,439892
1.14161,670.72,1.73446,3.25726e-08,447466
1.1344,707.976,1.86643,6.4026e-09,470834
1.13105,748.423,1.4209,-1.36646e-08,496779
1.12633,768.855,-0.260247,-1.73838e-08,509883
1.11977,776.209,-4.05807,-1.17778e-08,513223
1.10876,774.753,-10.7689,-3.2033e-09,509496
1.09565,769.043,-18.5462,1.15944e-09,502979
1.08774,765.004,-24.3228,4.82443e-10,498987
1.08853,765.868,-28.101,-2.33981e-09,499318
1.09579,770.409,-31.1603,-4.79626e-09,502741
1.10936,777.202,-33.8832,-6.05682e-09,508145
1.13303,789.088,-35.4233,-4.11883e-09,517680
1.16865,807.808,-35.0687,-1.78022e-09,532714
1.21607,832.873,-32.8324,-1.08609e-09,553044
1.27356,862.012,-28.216,-6.00679e-10,577180
1.3312,890.24,-21.547,-6.95266e-11,601103
1.37739,911.332,-14.6287,1.31095e-12,619541
1.40881,926.443,-8.65429,-3.42908e-10,632740
1.42705,936.115,-4.03203,-6.60485e-10,641052
1.43523,940.89,-1.05512,-6.9786e-10,645089
1.15214,659.091,0.770294,1.31312e-08,440015
1.14224,671.147,1.71608,1.19639e-08,447733
1.13587,708.229,1.86354,5.27617e-09,471044
1.13361,748.76,1.58332,-2.06587e-09,497116
1.13068,770.584,0.397922,-3.33139e-09,511299
1.12701,779.769,-2.57376,-2.74208e-09,516195
1.12068,781.22,-8.27478,-3.60863e-10,514739
1.10988,776.756,-16.0548,1.34787e-09,509143
1.10005,771.508,-23.2687,1.21152e-09,504169
1.09903,771.206,-28.4018,3.01974e-10,503598
1.10563,775.437,-32.4877,-8.11834e-10,506799
1.11822,781.977,-36.4112,-1.35473e-09,512031
1.13901,792.075,-39.9222,-1.56406e-09,520256
1.17105,808.777,-41.9561,-1.0382e-09,533780
1.21371,831.145,-41.7229,-5.74019e-10,551987
1.26359,856.569,-38.1198,-2.9554e-10,572959
1.31554,882.237,-30.6069,-9.10951e-11,594497
1.36075,903.185,-21.3655,-5.43459e-11,612562
1.39302,918.993,-13.0985,-7.24079e-11,626180
1.41341,929.856,-6.56177,-5.95932e-11,635447
1.42348,935.746,-1.91521,-1.85487e-11,640405
1.15239,659.426,0.746529,3.07532e-09,440223
1.14311,671.627,1.63174,3.44481e-09,448061
1.13746,708.555,1.77043,2.61885e-09,471319
1.13602,749.102,1.57027,3.10523e-10,497449
1.13446,772.022,0.720314,-6.23313e-10,512481
1.13319,782.611,-1.53598,-6.02414e-10,518600
1.13151,786.861,-6.1529,-6.64535e-12,519361
1.12453,784.681,-13.7672,5.2284e-10,515509
1.11452,779.14,-22.083,5.69949e-10,510275
1.11181,777.706,-28.7032,4.01098e-10,508829
1.11762,781.496,-33.9683,8.17906e-11,511713
1.13,788.2,-38.9813,-2.21652e-10,517105
1.14915,797.261,-44.1539,-3.43688e-10,524617
1.17697,811.528,-48.2358,-4.14513e-10,536318
1.21249,830.073,-49.2807,-2.84832e-10,551470
1.25293,850.82,-45.961,-1.49829e-10,568481
1.29728,872.802,-38.148,-7.75735e-11,586737
1.33979,893.022,-27.6759,-3.75877e-11,603873
1.37337,909.646,-17.5903,2.23821e-12,618014
1.39622,921.939,-9.39293,5.08642e-11,628401
1.40803,928.927,-2.928,8.31193e-11,634237
1.15284,659.946,0.684079,2.91758e-10,440576
1.14432,672.217,1.46018,6.17536e-10,448505
1.13924,708.929,1.59307,6.75534e-10,471657
1.13851,749.463,1.43339,2.423e-10,497815
1.13838,773.471,0.679868,-1.47043e-10,513691
1.13937,785.312,-1.28077,-1.46876e-10,520910
1.1417,791.761,-5.18699,-2.92744e-12,523448
1.13959,792.432,-11.9087,1.02336e-10,521815
1.13185,788.108,-20.6973,1.23084e-10,517505
1.12792,785.761,-28.9642,1.79625e-10,515357
1.1327,788.909,-35.6656,1.40542e-10,517777
1.14492,795.796,-41.8409,3.38769e-11,523354
1.1634,804.467,-48.2021,-5.64473e-11,530649
1.18585,815.817,-53.2889,-8.57732e-11,540083
1.21178,829.355,-54.76,-9.90141e-11,551173
1.24164,844.847,-51.8502,-6.861e-11,563779
1.27633,862.21,-44.5504,-4.1485e-11,578009
1.31435,880.976,-33.7198,-1.69891e-11,593582
1.34952,898.458,-22.2092,1.13687e-11,608275
1.37444,912.09,-12.4089,4.40608e-11,619652
1.38741,919.89,-3.97069,6.12523e-11,626098
1.15353,660.758,0.574364,-1.93541e-10,441146
1.14593,672.95,1.18922,-8.054e-12,449093
1.14157,709.469,1.31821,1.28587e-10,472170
1.14174,750.107,1.14043,7.46461e-11,498444
1.1431,775.219,0.380363,-3.33191e-11,515175
1.14661,788.376,-1.51772,-3.84031e-11,523551
1.15312,796.896,-5.2686,-3.23475e-12,527800
1.15675,800.62,-11.2682,1.32214e-11,528606
1.15334,798.587,-19.8004,1.47438e-12,526098
1.14981,796.253,-29.3396,3.498e-11,523979
1.15353,798.717,-37.6655,7.75362e-11,525907
1.16475,805.308,-45.1835,4.47891e-11,531295
1.18011,812.8,-52.0693,7.48379e-12,537650
1.19554,820.551,-56.883,-1.47296e-11,544165
1.21113,828.744,-58.1537,-2.00071e-11,550871
1.23001,838.749,-55.3129,-1.79519e-11,558896
1.25464,851.633,-48.625,-1.33369e-11,569228
1.28592,867.604,-38.5512,-4.14957e-12,582216
1.31887,884.557,-26.6795,8.27427e-12,596181
1.34468,899.044,-15.2775,1.9952e-11,608074
1.35825,907.383,-4.96818,2.09859e-11,614871
1.15451,662.132,0.417166,-1.47624e-10,442119
1.14778,673.903,0.813443,-6.68159e-11,449856
1.14417,710.181,0.838028,1.10543e-11,472822
1.14541,751.043,0.484835,1.14415e-11,499307
1.14828,777.308,-0.50654,-5.3948e-12,516925
1.15425,791.732,-2.51837,-9.55325e-12,526412
1.16469,802.119,-6.1639,-3.23652e-12,532245
1.17371,808.774,-11.9676,-3.88312e-12,535428
1.17602,809.957,-20.2675,-9.18732e-12,535490
1.17523,809.026,-30.1704,-1.78524e-12,534499
1.17776,810.657,-40.0242,1.55538e-11,535818
1.18528,815.374,-48.5724,2.20819e-11,539732
1.19455,820.251,-54.7069,1.09512e-11,543873
1.2031,824.568,-58.2286,4.36984e-13,547511
1.21078,828.376,-59.0779,-3.85825e-12,550637
1.22126,833.84,-56.8524,-3.89733e-12,554967
1.23737,842.512,-51.4114,-3.58824e-12,561798
1.25961,854.315,-42.5823,-5.43565e-13,571183
1.28614,868.792,-30.8856,3.09797e-12,582797
1.31028,882.893,-18.2051,4.37694e-12,594142
1.32367,891.353,-5.99607,3.93641e-12,600928
1.1556,663.692,0.266167,-5.15588e-11,443243
1.14922,674.836,0.424644,-4.64908e-11,450561
1.14578,710.741,0.255518,-1.16014e-11,473261
1.14758,751.699,-0.36854,3.79607e-12,499837
1.15148,778.886,-1.68555,5.80869e-13,518164
1.15876,794.084,-3.93052,-3.01981e-12,528350
1.17115,805.589,-7.57433,-3.07132e-12,535140
1.18316,814.227,-13.1131,-4.64695e-12,539917
1.18971,818.251,-20.9379,-8.39151e-12,542208
1.19196,819.213,-31.1551,-9.35252e-12,542717
1.19336,819.967,-41.9661,-1.89893e-12,543375
1.19692,822.174,-50.4688,6.39311e-12,545290
1.20179,824.634,-55.8432,7.57083e-12,547436
1.20663,826.725,-58.5289,2.93809e-12,549250
1.21093,828.41,-59.155,-4.15668e-13,550671
1.21741,831.359,-57.7277,-8.59757e-13,553033
1.22867,837.061,-53.7531,-9.69891e-13,557534
1.24513,845.425,-46.5102,-1.7053e-13,564162
1.26615,856.818,-35.5157,5.25802e-13,573192
1.28708,869.444,-21.7561,4.61853e-14,583165
1.30011,877.848,-7.20764,-5.3646e-13,589805
