4639.11,-59795.4,0,-2.11094e-13,0,0
4639.11,-59795.4,0,-2.04893e-13,0,0
4639.11,-59795.4,0,2.36783e-14,0,0
4639.11,-59795.4,0,-9.48275e-13,0,0
4639.11,-59795.4,0,8.08912e-13,0,0
4639.11,-59795.4,0,8.63957e-13,0,0
4639.11,-59795.4,0,-1.52093e-13,0,0
4639.11,-59795.4,0,4.98225e-13,0,0
4639.11,-59795.4,0,5.04115e-13,0,0
4639.11,-59795.4,0,3.50508e-13,0,0
4639.11,-59795.4,0,9.57304e-13,0,0
4639.11,-59795.4,0,9.1322e-13,0,0
4639.11,-59795.4,0,1.47679e-13,0,0
4639.11,-59795.4,0,7.70093e-13,0,0
4639.11,-59795.4,-1.70116e-14,-1.59878e-13,0,0
4639.11,-59795.4,0,2.76282e-13,0,0
4639.11,-59795.4,0,5.27164e-13,0,0
4639.11,-59795.4,3.57131e-14,6.18236e-13,0,0
4639.11,-59795.4,1.24511e-14,3.91751e-13,0,0
4639.11,-59795.4,0,3.21487e-14,0,0
4639.11,-59795.4,-1.57024e-14,-1.40329e-13,0,0
4639.11,-59795.4,-1.80793e-14,-1.2979e-13,0,0
4639.11,-59795.4,0,-1.58729e-13,0,0
4639.11,-59795.4,-1.52394e-14,2.65503e-13,0,0
4639.11,-59795.4,0,2.55543e-13,0,0
4639.11,-59795.4,0,-3.17625e-14,0,0
4639.11,-59795.4,0,4.27604e-13,0,0
4639.11,-59795.4,-1.28651e-14,2.53379e-13,0,0
4639.11,-59795.4,0,-3.71781e-14,0,0
4639.11,-59795.4,0,-1.19092e-13,0,0
4639.11,-59795.4,0,3.53396e-14,0,0
4639.11,-59795.4,-6.52129e-15,3.28642e-13,0,0
4639.11,-59795.4,0,3.21269e-13,0,0
4639.11,-59795.4,1.68177e-15,5.46689e-13,0,0
4639.11,-59795.4,1.05038e-14,4.95208e-13,0,0
4639.11,-59795.4,0,4.00739e-13,0,0
4639.11,-59795.4,-4.55009e-14,-1.57442e-13,0,0
4639.11,-59795.4,0,2.97542e-13,0,0
4639.11,-59795.4,1.73834e-14,3.65307e-13,0,0
4639.11,-59795.4,3.67231e-14,-3.37802e-13,0,0
4639.11,-59795.4,1.29563e-14,-3.26231e-13,0,0
4639.11,-59795.4,3.54713e-14,-2.93482e-14,0,0
4639.11,-59795.4,0,5.50387e-14,0,0
4639.11,-59795.4,9.53386e-15,-1.13058e-14,0,0
4639.1,-59795.4,9.07527e-15,-4.16235e-14,0,0
4639.1,-59795.4,0,3.57121e-13,0,0
4639.09,-59795.4,1.64342e-14,-4.40608e-13,0,0
4639.07,-59795.5,4.4679e-14,3.93692e-13,0,0
4639.04,-59795.5,5.09357e-14,-1.40513e-13,0,0
4639,-59795.5,-6.74789e-16,2.79596e-13,0,0
4638.93,-59795.5,0,2.83703e-13,0,0
4638.84,-59795.5,0,9.84813e-13,0,0
4638.72,-59795.5,-1.28798e-14,2.56711e-13,0,0
4638.56,-59795.5,0,-5.64415e-13,0,0
4638.34,-59795.5,1.77236e-14,-3.39193e-15,0,0
4638.07,-59795.5,0,-8.0624e-13,0,0
4637.72,-59795.5,1.77275e-14,-1.489e-13,0,0
4637.3,-59795.5,0,6.56667e-14,0,0
4636.79,-59795.5,0,4.67173e-13,0,0
4636.19,-59795.6,9.10615e-15,-6.04845e-13,0,0
4635.51,-59795.6,1.62942e-14,2.77611e-13,0,0
4634.73,-59795.6,-1.76921e-14,-2.86893e-13,0,0
4633.88,-59795.7,4.22092e-16,7.2413e-13,0,0
4632.95,-59795.7,8.83348e-16,7.41843e-13,0,0
4631.96,-59795.8,0,5.57802e-13,0,0
4630.92,-59795.9,-2.29573e-14,5.78682e-13,0,0
4629.84,-59795.9,1.06176e-14,8.04854e-13,0,0
4628.75,-59796,2.23129e-14,1.80996e-13,0,0
4627.66,-59796.1,-1.78865e-14,-5.81861e-14,0,0
4626.59,-59796.3,1.08859e-14,-1.03431e-13,0,0
4625.55,-59796.4,0,7.03058e-13,0,0
4624.55,-59796.5,0,5.50087e-13,0,0
4623.61,-59796.7,0,1.44922e-13,0,0
4622.73,-59796.9,-7.12919e-14,-1.69155e-13,0,0
4621.92,-59797.1,0,7.69331e-13,0,0
4621.19,-59797.3,-9.60282e-15,6.0694e-13,0,0
4620.53,-59797.6,0,-7.13726e-15,0,0
4619.94,-59797.8,-7.37594e-14,6.32451e-13,0,0
4619.42,-59798.1,2.91495e-14,7.97054e-14,0,0
4618.97,-59798.4,-2.96491e-14,1.37401e-12,0,0
4618.57,-59798.8,1.85559e-14,9.18692e-13,0,0
4618.23,-59799.1,-1.8471e-14,-1.81613e-15,0,0
4617.94,-59799.5,-3.68943e-14,9.71438e-13,0,0
4617.68,-59799.9,2.53261e-14,6.94699e-13,0,0
4617.46,-59800.4,1.84586e-14,3.91235e-13,0,0
4617.26,-59800.9,0,7.52136e-13,0,0
4617.07,-59801.4,-1.84795e-14,3.87682e-13,0,0
4616.9,-59801.9,-3.54207e-14,-6.66327e-13,0,0
4616.72,-59802.4,-1.84782e-14,2.8516e-13,0,0
4616.55,-59803,1.42711e-14,6.64392e-14,0,0
4616.37,-59803.6,0,-4.23563e-13,0,0
4616.18,-59804.2,0,-8.94758e-13,0,0
4615.97,-59804.9,-3.29698e-14,5.20484e-13,0,0
4615.76,-59805.6,3.40172e-14,1.19509e-13,0,0
4615.53,-59806.3,0,7.19991e-13,0,0
4615.3,-59807,-8.00175e-15,1.09823e-12,0,0
4615.05,-59807.8,0,-9.37231e-13,0,0
4614.8,-59808.5,-1.85035e-14,3.16618e-13,0,0
4614.55,-59809.3,5.85365e-16,4.07195e-13,0,0
4614.31,-59810.1,1.64521e-14,-2.54324e-13,0,0
4614.07,-59811,-1.76439e-14,1.53487e-13,0,0
4613.84,-59811.8,0,4.2757e-13,0,0
4613.62,-59812.7,3.71916e-14,-9.01474e-13,0,0
4613.42,-59813.6,0,-4.39106e-13,0,0
4613.23,-59814.5,-2.7886e-14,3.86628e-13,0,0
4613.06,-59815.4,-6.26954e-14,-2.60627e-13,0,0
4612.9,-59816.3,1.77304e-14,3.14501e-13,0,0
4612.76,-59817.3,-4.3309e-15,3.19032e-13,0,0
4612.62,-59818.2,-8.10551e-14,4.48594e-13,0,0
4612.49,-59819.2,2.19275e-14,1.51829e-12,0,0
4612.36,-59820.2,-9.3522e-15,-3.77116e-13,0,0
4612.22,-59821.2,1.87158e-14,7.75456e-13,0,0
4612.08,-59822.2,-5.63309e-14,3.84051e-13,0,0
4611.93,-59823.2,-4.85679e-14,-7.29502e-13,0,0
4611.77,-59824.2,0,1.24523e-12,0,0
4611.59,-59825.3,-9.24121e-15,1.76731e-13,0,0
4611.39,-59826.4,6.05382e-14,4.3824e-13,0,0
4611.18,-59827.4,-1.09563e-14,6.6776e-13,0,0
4610.95,-59828.5,1.84563e-14,3.51141e-14,0,0
4610.71,-59829.6,-1.57158e-14,1.05498e-13,0,0
4610.45,-59830.7,0,1.20181e-12,0,0
4610.19,-59831.8,-3.47518e-14,1.10088e-12,0,0
4609.92,-59832.9,1.48699e-14,2.97077e-13,0,0
4609.65,-59834.1,2.45528e-14,2.47525e-13,0,0
4609.39,-59835.2,0,5.07854e-13,0,0
4609.13,-59836.4,1.88475e-14,6.25996e-13,0,0
4608.89,-59837.6,0,8.5857e-13,0,0
4608.65,-59838.8,-1.87938e-14,1.71877e-13,0,0
4608.43,-59840,-2.86127e-14,-4.17406e-13,0,0
4608.23,-59841.2,1.32348e-14,5.2486e-13,0,0
4608.03,-59842.4,0,3.92802e-13,0,0
4607.85,-59843.6,6.16107e-14,4.66362e-13,0,0
4607.68,-59844.9,0,2.30959e-13,0,0
4607.51,-59846.2,1.24653e-14,4.46666e-13,0,0
4607.35,-59847.4,1.39071e-14,1.15512e-12,0,0
4607.19,-59848.7,0,-4.31427e-13,0,0
4607.02,-59850,0,3.80349e-13,0,0
4606.85,-59851.3,-1.24705e-14,1.76219e-12,0,0
4606.67,-59852.7,-8.33228e-15,6.51413e-13,0,0
4606.48,-59854,-2.92397e-14,1.21718e-12,0,0
4606.28,-59855.4,-1.08505e-14,7.15091e-13,0,0
4606.07,-59856.7,-1.2784e-15,1.25622e-12,0,0
4605.85,-59858.1,4.09842e-14,1.10475e-12,0,0
4605.63,-59859.5,-1.44949e-14,2.18222e-13,0,0
4605.39,-59860.9,0,3.88815e-13,0,0
4605.16,-59862.3,-2.51347e-14,5.99384e-15,0,0
4604.92,-59863.7,-9.65609e-15,-8.2578e-14,0,0
4604.7,-59865.1,5.10117e-14,3.94494e-13,0,0
4604.47,-59866.5,2.72215e-14,4.51463e-13,0,0
4604.26,-59868,1.19406e-14,1.52687e-12,0,0
4604.06,-59869.4,-1.37094e-14,3.56913e-13,0,0
4603.87,-59870.9,2.61589e-14,5.65054e-13,0,0
4603.7,-59872.3,1.96266e-14,-2.07431e-13,0,0
4603.54,-59873.8,-1.20861e-14,1.60579e-12,0,0
4603.39,-59875.2,-2.8675e-14,-2.59625e-13,0,0
4603.26,-59876.7,-2.40044e-14,6.94993e-13,0,0
4603.13,-59878.2,1.77336e-14,1.0753e-12,0,0
4603.01,-59879.6,-2.15446e-15,1.31502e-12,0,0
4602.9,-59881.1,-1.91721e-14,-3.68997e-13,0,0
4602.79,-59882.6,-1.24736e-14,7.74483e-13,0,0
4602.67,-59884.1,2.38717e-14,3.11847e-13,0,0
4602.56,-59885.5,-2.40329e-14,2.63835e-13,0,0
4602.44,-59887,6.84385e-16,7.41695e-13,0,0
4602.31,-59888.5,-1.18378e-14,7.67635e-13,0,0
4602.18,-59890,4.0361e-15,3.91974e-13,0,0
4602.05,-59891.4,2.41962e-14,4.83371e-13,0,0
4601.91,-59892.9,-2.10391e-14,2.06472e-14,0,0
4601.78,-59894.4,0,1.22865e-12,0,0
4601.64,-59895.8,-4.34127e-15,-3.99525e-14,0,0
4601.51,-59897.3,0,6.85066e-13,0,0
4601.38,-59898.7,0,3.11424e-13,0,0
4601.26,-59900.2,2.46094e-14,5.22177e-13,0,0
4601.15,-59901.6,-3.10879e-14,1.37603e-13,0,0
4601.04,-59903.1,-1.88047e-14,-3.58428e-13,0,0
4600.96,-59904.5,-2.32324e-14,-1.06255e-12,0,0
4600.88,-59905.9,1.85884e-15,2.41927e-12,0,0
4600.81,-59907.4,-9.06609e-17,9.57076e-14,0,0
4600.75,-59908.8,-6.04572e-14,5.00382e-13,0,0
4600.7,-59910.2,3.39515e-14,3.73306e-13,0,0
4600.66,-59911.6,2.93412e-14,8.47326e-14,0,0
4600.62,-59913,2.10894e-14,5.25283e-13,0,0
4600.58,-59914.4,0,6.58446e-16,0,0
4600.53,-59915.8,1.84952e-14,2.54399e-13,0,0
4600.49,-59917.1,-1.87701e-14,-3.37176e-13,0,0
4600.43,-59918.5,0,-3.42342e-13,0,0
4600.37,-59919.9,-1.06317e-14,7.20054e-14,0,0
4600.3,-59921.2,-2.29599e-14,-4.32013e-14,0,0
4600.23,-59922.6,-2.09177e-14,1.00007e-12,0,0
4600.15,-59923.9,1.7726e-14,3.71599e-13,0,0
4600.06,-59925.3,-1.88239e-14,9.22263e-13,0,0
4599.96,-59926.6,-8.26306e-14,8.23984e-13,0,0
4599.86,-59927.9,-1.64372e-14,6.12725e-13,0,0
4599.76,-59929.2,-1.19266e-14,3.5586e-14,0,0
4599.65,-59930.6,0,-6.79297e-13,0,0
4599.55,-59931.9,3.14575e-14,8.90268e-13,0,0
4599.45,-59933.2,1.88189e-14,3.25663e-13,0,0
4599.36,-59934.5,0,-7.64386e-13,0,0
4599.26,-59935.8,0,1.62161e-12,0,0
4599.17,-59937.1,0,3.51357e-13,0,0
4599.08,-59938.3,1.51441e-14,1.28387e-12,0,0
4598.99,-59939.6,-1.78224e-14,6.3787e-14,0,0
4598.9,-59940.9,4.36753e-14,7.17162e-13,0,0
4598.81,-59942.1,-9.3919e-15,1.21783e-12,0,0
4598.71,-59943.4,0,4.37388e-14,0,0
4598.6,-59944.7,1.9733e-14,6.23952e-13,0,0
4598.48,-59945.9,-3.04998e-15,-3.01842e-13,0,0
4598.36,-59947.2,1.48441e-14,1.01346e-13,0,0
4598.22,-59948.4,3.15121e-14,8.71955e-13,0,0
4598.07,-59949.6,-9.21721e-15,-4.40265e-14,0,0
4597.91,-59950.9,4.37071e-14,7.68963e-13,0,0
4597.74,-59952.1,2.79061e-15,7.94208e-13,0,0
4597.56,-59953.3,-2.68708e-14,6.22475e-13,0,0
4597.37,-59954.5,0,9.17108e-13,0,0
4597.17,-59955.8,-1.87812e-14,1.38407e-12,0,0
4596.97,-59957,0,7.02701e-13,0,0
4596.77,-59958.2,2.1841e-14,9.4421e-13,0,0
4596.56,-59959.4,7.80672e-15,8.82262e-13,0,0
4596.36,-59960.6,0,9.03987e-13,0,0
4596.16,-59961.8,0,-4.25208e-13,0,0
4595.96,-59963,1.88431e-14,1.11594e-13,0,0
4595.77,-59964.1,2.00132e-14,-1.2193e-13,0,0
4595.59,-59965.3,-2.26006e-14,-2.9193e-13,0,0
4595.4,-59966.5,-3.76534e-14,2.83364e-13,0,0
4595.23,-59967.7,0,-1.27163e-13,0,0
4595.05,-59968.8,-9.24258e-15,9.98937e-13,0,0
4594.88,-59970,0,-5.29209e-13,0,0
4594.71,-59971.2,3.15852e-14,6.7008e-13,0,0
4594.54,-59972.3,-1.59583e-14,-1.41725e-13,0,0
4594.37,-59973.5,0,7.47973e-13,0,0
4594.21,-59974.6,3.29871e-14,4.66368e-13,0,0
4594.04,-59975.7,0,5.55581e-13,0,0
4593.87,-59976.9,0,5.59058e-13,0,0
4593.71,-59978,-1.21736e-14,-1.13094e-13,0,0
4593.55,-59979.2,5.51947e-14,1.47117e-13,0,0
4593.39,-59980.3,3.91807e-14,1.91363e-13,0,0
4593.23,-59981.4,0,1.38855e-12,0,0
4593.08,-59982.5,-7.26437e-14,-5.72826e-13,0,0
4592.93,-59983.6,-2.13554e-15,-6.32526e-13,0,0
4592.8,-59984.7,4.17271e-14,8.17821e-13,0,0
4592.67,-59985.8,3.74724e-14,1.64659e-12,0,0
4592.55,-59986.9,0,1.61129e-12,0,0
4592.44,-59988,0,-1.49564e-12,0,0
4592.34,-59989.1,-1.77128e-14,2.90715e-13,0,0
4592.24,-59990.2,5.91412e-14,5.02425e-13,0,0
4592.16,-59991.3,5.93565e-14,1.0512e-13,0,0
4592.08,-59992.3,0,-3.75541e-14,0,0
4592.02,-59993.4,3.76737e-14,8.89258e-13,0,0
4591.95,-59994.5,0,-3.46834e-13,0,0
4591.9,-59995.5,0,1.00852e-12,0,0
4591.84,-59996.6,0,6.17803e-13,0,0
4591.8,-59997.6,-1.45286e-14,5.28033e-13,0,0
4591.75,-59998.7,-1.64285e-14,3.23358e-13,0,0
4591.71,-59999.7,-8.07482e-15,1.29066e-12,0,0
4591.68,-60000.7,4.37074e-14,4.01364e-13,0,0
4591.65,-60001.8,1.88385e-14,1.52581e-13,0,0
4591.62,-60002.8,0,2.68173e-13,0,0
4591.6,-60003.8,-3.37973e-14,4.12875e-13,0,0
4591.58,-60004.8,-2.24126e-14,-3.34749e-13,0,0
4591.57,-60005.8,-3.47533e-14,-5.88026e-14,0,0
4591.57,-60006.8,1.78119e-14,9.54188e-13,0,0
4591.57,-60007.8,4.60966e-15,-2.0369e-13,0,0
4591.58,-60008.8,4.02236e-14,-1.26117e-16,0,0
4591.6,-60009.7,-2.99503e-14,8.33296e-13,0,0
4591.62,-60010.7,0,5.90609e-13,0,0
4591.65,-60011.7,0,8.55735e-13,0,0
4591.68,-60012.6,0,2.77437e-13,0,0
4591.72,-60013.5,0,-1.21082e-12,0,0
4591.77,-60014.5,-1.88036e-14,-5.20216e-13,0,0
4591.81,-60015.4,-1.77088e-14,1.34286e-12,0,0
4591.87,-60016.3,2.81209e-14,8.47707e-13,0,0
4591.92,-60017.2,0,3.56489e-13,0,0
4591.98,-60018.2,1.84235e-14,-2.34912e-13,0,0
4592.04,-60019.1,2.32716e-14,1.7158e-13,0,0
4592.1,-60019.9,4.1759e-14,1.51996e-12,0,0
4592.17,-60020.8,6.38057e-14,1.31011e-12,0,0
4592.23,-60021.7,0,-2.29562e-13,0,0
4592.3,-60022.6,-3.52755e-15,-8.34127e-14,0,0
4592.38,-60023.4,0,1.73328e-12,0,0
4592.45,-60024.3,0,-7.33941e-13,0,0
4592.53,-60025.1,0,5.40247e-14,0,0
4592.62,-60025.9,-4.32838e-14,1.51025e-14,0,0
4592.7,-60026.7,-1.00678e-14,1.09546e-12,0,0
4592.79,-60027.6,4.19073e-14,1.28854e-12,0,0
4592.88,-60028.4,-4.97837e-15,9.39877e-13,0,0
4592.97,-60029.1,1.78095e-14,8.50262e-13,0,0
4593.06,-60029.9,-2.37756e-14,-1.52969e-13,0,0
4593.15,-60030.7,-6.20381e-14,-1.57809e-13,0,0
4593.25,-60031.5,-9.46767e-14,6.84337e-13,0,0
4593.35,-60032.2,0,1.84505e-12,0,0
4593.44,-60033,4.17445e-14,1.25773e-12,0,0
4593.54,-60033.7,5.67318e-14,3.72993e-13,0,0
4593.64,-60034.4,-1.61961e-14,-1.94678e-13,0,0
4593.74,-60035.2,0,4.51397e-13,0,0
4593.84,-60035.9,0,-8.17528e-14,0,0
4593.93,-60036.6,1.6425e-14,4.387e-14,0,0
4594.03,-60037.3,3.73132e-14,6.75695e-13,0,0
4594.14,-60037.9,-4.51072e-14,1.25091e-13,0,0
4594.24,-60038.6,-1.75945e-14,5.29243e-13,0,0
4594.34,-60039.3,-2.23656e-14,1.40979e-12,0,0
4594.45,-60039.9,-4.44738e-14,4.50888e-13,0,0
4594.55,-60040.6,1.08962e-13,3.31479e-13,0,0
4594.66,-60041.2,4.0547e-14,3.92995e-13,0,0
4594.76,-60041.8,2.21328e-14,5.77838e-13,0,0
4594.87,-60042.5,6.24439e-14,7.2431e-13,0,0
4594.98,-60043.1,0,-1.85665e-13,0,0
4595.09,-60043.7,-4.39466e-14,8.43914e-13,0,0
4595.2,-60044.3,4.36488e-14,-1.1204e-13,0,0
4595.31,-60044.9,-5.93867e-14,2.43951e-13,0,0
4595.41,-60045.4,-2.9907e-15,-2.56957e-13,0,0
4595.52,-60046,6.04639e-14,3.74995e-13,0,0
4595.63,-60046.6,-2.20747e-15,9.64101e-13,0,0
4595.73,-60047.1,0,8.06774e-13,0,0
4595.84,-60047.7,-2.63927e-15,6.57841e-13,0,0
4595.95,-60048.2,0,3.22295e-13,0,0
4596.05,-60048.8,-1.74002e-14,5.31905e-13,0,0
4596.16,-60049.3,5.38862e-14,6.17839e-13,0,0
4596.27,-60049.8,-2.42127e-14,1.16574e-12,0,0
4596.38,-60050.3,0,-1.46984e-13,0,0
4596.49,-60050.8,0,4.04747e-13,0,0
4596.6,-60051.3,-2.38153e-14,9.00519e-13,0,0
4596.71,-60051.8,-9.59386e-15,8.79379e-13,0,0
4596.82,-60052.3,4.02687e-14,-4.5159e-13,0,0
4596.93,-60052.8,0,1.13772e-13,0,0
4597.04,-60053.3,1.7702e-14,9.65792e-13,0,0
4597.15,-60053.7,-7.80037e-14,-4.67295e-13,0,0
4597.26,-60054.2,-1.87656e-14,-2.46814e-13,0,0
4597.37,-60054.7,2.15885e-14,7.74965e-13,0,0
4597.49,-60055.1,-3.94885e-14,-1.61421e-13,0,0
4597.6,-60055.5,2.16926e-14,-7.22349e-13,0,0
4597.71,-60056,6.23078e-14,3.91624e-14,0,0
4597.82,-60056.4,1.9101e-14,1.64601e-12,0,0
4597.93,-60056.8,2.18506e-14,3.20895e-13,0,0
4598.03,-60057.2,-6.35648e-14,-2.96453e-13,0,0
4598.14,-60057.5,0,-2.12644e-13,0,0
4598.25,-60057.9,-4.56176e-15,6.01082e-13,0,0
4598.36,-60058.2,-4.00567e-14,-3.74462e-13,0,0
4598.47,-60058.6,0,8.30867e-14,0,0
4598.57,-60058.9,0,8.20846e-13,0,0
4598.68,-60059.2,-6.1738e-14,1.25975e-13,0,0
4598.79,-60059.4,0,6.10596e-13,0,0
4598.89,-60059.7,3.75069e-14,8.38902e-13,0,0
4599,-60059.9,0,-3.0945e-13,0,0
4599.11,-60060.1,-1.89991e-15,7.10202e-13,0,0
4599.22,-60060.2,-1.84422e-14,8.53986e-13,0,0
4599.32,-60060.4,-2.27447e-14,-1.96977e-13,0,0
4599.43,-60060.4,8.79402e-15,-1.42536e-13,0,0
4599.53,-60060.5,1.8467e-14,2.48648e-13,0,0
4599.64,-60060.5,-3.37479e-14,1.12124e-12,0,0
4599.74,-60060.4,0,5.02671e-13,0,0
4599.84,-60060.3,-1.84135e-14,8.40013e-13,0,0
4599.94,-60060.2,9.20669e-15,7.66177e-13,0,0
4600.04,-60060,-1.88563e-14,1.54343e-12,0,0
4600.14,-60059.7,8.38538e-14,2.11615e-13,0,0
4600.24,-60059.4,-4.56633e-14,-2.46414e-13,0,0
4600.33,-60058.9,2.18488e-14,7.86841e-13,0,0
4600.43,-60058.5,0,3.18963e-13,0,0
4600.52,-60057.9,0,5.34079e-13,0,0
4600.61,-60057.2,1.54141e-14,4.70626e-13,0,0
4600.7,-60056.5,5.43038e-16,5.66303e-13,0,0
4600.79,-60055.7,0,1.79777e-13,0,0
4600.88,-60054.8,0,-1.08102e-13,0,0
4600.97,-60053.7,1.87327e-14,1.19559e-12,0,0
4601.06,-60052.6,1.84412e-14,1.24929e-12,0,0
4601.14,-60051.4,0,1.5564e-13,0,0
4601.23,-60050,1.61908e-14,6.18002e-13,0,0
4601.31,-60048.6,-4.69896e-14,-1.94903e-13,0,0
4601.4,-60047,2.69607e-16,4.70474e-13,0,0
4601.48,-60045.3,0,1.59268e-13,0,0
4601.56,-60043.5,-9.36605e-15,9.44314e-14,0,0
4601.64,-60041.5,1.84412e-14,6.17986e-13,0,0
4601.72,-60039.5,-8.30685e-14,4.93085e-13,0,0
4601.79,-60037.3,-1.56899e-14,6.74179e-13,0,0
4601.87,-60035,-1.84414e-14,6.25807e-13,0,0
4601.94,-60032.6,0,1.37012e-12,0,0
4602.01,-60030,0,1.25294e-12,0,0
4602.08,-60027.3,7.23983e-14,4.29526e-13,0,0
4602.15,-60024.5,0,1.20113e-13,0,0
4602.22,-60021.6,1.79752e-14,-1.34705e-13,0,0
4602.29,-60018.5,-3.0378e-16,2.76174e-13,0,0
4602.36,-60015.4,9.20696e-15,-3.6195e-13,0,0
4602.42,-60012.1,1.77021e-14,1.50634e-13,0,0
4602.49,-60008.8,0,1.32479e-12,0,0
4602.55,-60005.4,1.64218e-14,3.72162e-13,0,0
4602.61,-60001.8,0,-4.56148e-13,0,0
4602.68,-59998.2,4.12131e-14,7.79398e-13,0,0
4602.74,-59994.5,1.84424e-14,8.12847e-13,0,0
4602.8,-59990.8,-9.87427e-14,1.04889e-12,0,0
4602.86,-59987,-1.66345e-14,-9.03114e-14,0,0
4602.92,-59983.1,-2.78182e-15,6.7449e-13,0,0
4602.98,-59979.2,-1.28335e-14,2.18714e-13,0,0
4603.03,-59975.3,3.35923e-14,1.00544e-12,0,0
4603.09,-59971.4,-2.18168e-14,8.14941e-13,0,0
4603.14,-59967.5,0,1.29431e-13,0,0
4603.2,-59963.5,-3.76101e-14,3.83473e-13,0,0
4603.25,-59959.6,-1.39436e-14,6.23238e-13,0,0
4603.3,-59955.7,-7.95432e-14,-1.61837e-13,0,0
4603.36,-59951.8,1.54221e-14,3.67763e-13,0,0
4603.41,-59947.9,-1.88212e-14,7.97663e-13,0,0
4603.45,-59944.1,9.23428e-15,1.11203e-12,0,0
4603.5,-59940.3,0,9.08506e-13,0,0
4603.55,-59936.5,0,3.87819e-13,0,0
4603.6,-59932.8,-1.87894e-14,1.14724e-12,0,0
4603.64,-59929.2,0,4.06819e-13,0,0
4603.69,-59925.6,1.87594e-14,8.63118e-13,0,0
4603.73,-59922,1.4835e-14,5.50513e-13,0,0
4603.78,-59918.5,1.09203e-14,-1.84056e-13,0,0
4603.82,-59915,2.06266e-14,6.32494e-13,0,0
4603.86,-59911.6,-9.59933e-15,4.37558e-13,0,0
4603.91,-59908.1,8.29296e-14,3.45707e-13,0,0
4603.95,-59904.7,0,3.21092e-13,0,0
4603.99,-59901.3,0,3.03982e-13,0,0
4604.03,-59897.8,-2.53327e-14,-3.33832e-13,0,0
4604.07,-59894.3,-3.72397e-14,-7.40411e-13,0,0
4604.11,-59890.8,-1.64255e-14,5.32331e-13,0,0
4604.15,-59887.1,2.05317e-14,-1.63916e-13,0,0
4604.18,-59883.3,-4.08637e-14,1.23632e-12,0,0
4604.22,-59879.4,0,7.54326e-13,0,0
4604.26,-59875.3,0,1.26791e-12,0,0
4604.29,-59871,0,8.68282e-13,0,0
4604.32,-59866.4,-1.59535e-14,1.608e-13,0,0
4604.36,-59861.6,0,4.17267e-14,0,0
4604.39,-59856.4,0,9.80582e-13,0,0
4604.42,-59850.9,-1.26803e-13,1.39395e-12,0,0
4604.45,-59845,8.424e-14,6.94605e-13,0,0
4604.48,-59838.6,0,1.73987e-13,0,0
4604.5,-59831.7,-1.8472e-14,1.25865e-12,0,0
4604.53,-59824.3,0,1.18878e-12,0,0
4604.56,-59816.3,2.77612e-15,8.36885e-13,0,0
4604.59,-59807.7,-5.91939e-14,-7.88528e-14,0,0
4604.61,-59798.4,-1.19022e-14,8.35251e-13,0,0
4604.64,-59788.4,0,-3.51031e-13,0,0
4604.66,-59777.6,-1.8762e-14,-1.54039e-13,0,0
4604.69,-59766,0,1.38536e-12,0,0
4604.71,-59753.5,2.34255e-14,4.75426e-13,0,0
4604.74,-59740.1,-2.2117e-14,4.1751e-13,0,0
4604.76,-59725.8,0,3.72328e-13,0,0
4604.78,-59710.4,0,1.9387e-13,0,0
4604.8,-59694.1,-6.23358e-14,1.43192e-14,0,0
4604.82,-59676.6,2.18366e-14,4.91559e-13,0,0
4604.84,-59658,0,8.7223e-13,0,0
4604.86,-59638.3,1.87363e-14,8.77935e-14,0,0
4604.87,-59617.5,0,1.63303e-12,0,0
4604.89,-59595.4,3.72425e-14,1.93838e-13,0,0
4604.91,-59572.1,0,1.34427e-12,0,0
4604.92,-59547.6,5.85218e-14,7.05383e-13,0,0
4604.93,-59521.8,0,1.67029e-13,0,0
4604.95,-59494.7,-2.0028e-14,9.5339e-13,0,0
4604.96,-59466.3,1.84748e-14,-6.2452e-15,0,0
4604.97,-59436.7,-2.27311e-14,5.3991e-13,0,0
4604.98,-59405.7,9.24996e-15,-3.83502e-13,0,0
4605,-59373.5,0,9.546e-13,0,0
4605.01,-59339.9,1.87377e-14,1.18714e-12,0,0
4605.02,-59305.2,-3.43813e-16,1.63677e-13,0,0
4605.03,-59269.1,8.87345e-15,2.31468e-13,0,0
4605.04,-59231.8,-2.2525e-14,3.55756e-13,0,0
4605.05,-59193.3,0,3.57155e-13,0,0
4605.06,-59153.6,-8.70905e-14,1.01834e-13,0,0
4605.07,-59112.8,0,-7.44175e-13,0,0
4605.07,-59070.8,0,4.40144e-13,0,0
4605.08,-59027.8,-1.77115e-14,1.92316e-13,0,0
4605.09,-58983.7,-5.57232e-14,6.21035e-13,0,0
4605.09,-58938.7,0,5.72934e-13,0,0
4605.1,-58892.7,9.3829e-15,1.01837e-12,0,0
4605.1,-58845.9,1.87392e-14,9.39524e-13,0,0
4605.1,-58798.2,1.87959e-14,-5.39806e-14,0,0
4605.11,-58749.8,-9.13772e-14,1.29331e-13,0,0
4605.11,-58700.7,-9.44819e-14,5.17907e-13,0,0
4605.11,-58651,3.66148e-16,5.0562e-13,0,0
4605.11,-58600.8,0,1.11617e-13,0,0
4605.11,-58550.1,5.41769e-14,5.74777e-13,0,0
4605.11,-58499,-9.3834e-15,9.79917e-13,0,0
4605.11,-58447.6,-1.77124e-14,5.28236e-13,0,0
4605.11,-58395.9,-5.84179e-14,5.57169e-13,0,0
4605.11,-58344.1,7.5682e-15,8.21643e-14,0,0
4605.11,-58292.2,1.87971e-14,7.06606e-13,0,0
4605.11,-58240.3,-1.8351e-14,2.93198e-13,0,0
4605.11,-58188.4,1.8861e-14,6.00939e-13,0,0
4605.11,-58136.8,-2.15761e-14,3.46991e-13,0,0
4605.11,-58085.4,-8.85414e-14,-9.86517e-14,0,0
4605.11,-58034.2,1.06138e-13,4.52952e-13,0,0
4605.1,-57983.5,0,1.48015e-12,0,0
4605.1,-57933.2,0,3.14252e-13,0,0
4605.1,-57883.5,0,7.13619e-13,0,0
4605.09,-57834.4,0,1.97238e-13,0,0
4605.09,-57785.9,0,9.35514e-13,0,0
4605.08,-57738.1,-7.63851e-14,-7.37007e-14,0,0
4605.08,-57691.1,0,7.91222e-13,0,0
4605.07,-57645,-1.87419e-14,3.90427e-13,0,0
4605.06,-57599.7,0,7.59121e-13,0,0
4605.05,-57555.3,-5.43996e-14,3.83097e-13,0,0
4605.05,-57511.9,-3.34142e-14,6.61003e-14,0,0
4605.04,-57469.5,1.79057e-14,1.72894e-12,0,0
4605.03,-57428.1,-2.42012e-14,2.55679e-13,0,0
4605.02,-57387.8,-7.52335e-14,-2.1297e-13,0,0
4605.01,-57348.5,0,6.24676e-13,0,0
4605,-57310.4,1.84265e-14,-3.32419e-13,0,0
4604.99,-57273.3,0,5.04023e-13,0,0
4604.97,-57237.3,-2.24958e-14,1.36379e-13,0,0
4604.96,-57202.4,0,6.78264e-13,0,0
4604.95,-57168.6,9.15191e-14,5.91537e-13,0,0
4604.94,-57136,0,-7.23208e-13,0,0
4604.93,-57104.4,-1.77141e-14,4.24444e-13,0,0
4604.91,-57073.9,-9.37163e-15,6.82421e-13,0,0
4604.9,-57044.5,-8.80105e-15,2.55046e-13,0,0
4604.89,-57016.1,0,8.76976e-13,0,0
4604.87,-56988.7,2.38033e-14,3.02658e-13,0,0
4604.86,-56962.4,0,1.2315e-12,0,0
4604.84,-56937,-2.11329e-14,2.93829e-13,0,0
4604.82,-56912.7,0,2.16189e-13,0,0
4604.8,-56889.2,-9.27858e-15,4.15456e-13,0,0
4604.79,-56866.7,8.55851e-14,-5.25667e-13,0,0
4604.77,-56845,-2.97604e-15,1.04846e-12,0,0
4604.75,-56824.2,-9.29584e-14,8.05544e-13,0,0
4604.73,-56804.2,0,9.9564e-13,0,0
4604.71,-56785,-6.46984e-14,-7.39336e-13,0,0
4604.69,-56766.6,0,3.70416e-13,0,0
4604.67,-56749,0,5.01626e-13,0,0
4604.64,-56732,3.39179e-14,5.32647e-13,0,0
4604.62,-56715.7,-1.87712e-14,6.58172e-13,0,0
4604.6,-56700.1,0,3.79377e-14,0,0
4604.57,-56685,0,3.97752e-13,0,0
4604.55,-56670.6,9.21874e-14,3.4268e-13,0,0
4604.53,-56656.8,9.37663e-17,-3.81401e-13,0,0
4604.5,-56643.5,2.27724e-15,7.57055e-13,0,0
4604.48,-56630.7,-9.32104e-15,4.41794e-14,0,0
4604.45,-56618.4,-4.91907e-15,6.19569e-13,0,0
4604.42,-56606.6,1.51379e-14,9.48176e-14,0,0
4604.4,-56595.2,0,5.98826e-13,0,0
4604.37,-56584.3,0,-1.93009e-14,0,0
4604.34,-56573.8,9.44979e-14,1.57338e-12,0,0
4604.32,-56563.7,-6.39539e-16,-3.51818e-13,0,0
4604.29,-56553.9,-1.84559e-14,1.17215e-12,0,0
4604.26,-56544.5,-7.71335e-15,5.26316e-13,0,0
4604.23,-56535.4,0,1.18784e-12,0,0
4604.2,-56526.6,2.40783e-16,1.44162e-13,0,0
4604.17,-56518.2,0,9.36221e-13,0,0
4604.14,-56510,-9.32697e-14,-1.15319e-13,0,0
4604.11,-56502.1,1.48424e-14,1.4817e-13,0,0
4604.08,-56494.5,-1.87723e-14,7.17607e-13,0,0
4604.04,-56487.1,1.13706e-13,-5.66727e-14,0,0
4604.01,-56480,-1.88344e-14,7.32976e-13,0,0
4603.98,-56473.1,0,-6.14198e-13,0,0
4603.95,-56466.4,1.87456e-14,1.13597e-12,0,0
4603.91,-56459.9,1.78165e-14,-1.41396e-12,0,0
4603.88,-56453.6,-3.78476e-14,1.84454e-13,0,0
4603.85,-56447.5,2.82919e-14,7.12578e-13,0,0
4603.82,-56441.6,1.2046e-14,1.85401e-13,0,0
4603.78,-56435.9,-8.21648e-15,1.09341e-12,0,0
4603.75,-56430.3,0,1.00973e-12,0,0
4603.72,-56425,0,8.16948e-13,0,0
4603.68,-56419.7,1.42174e-14,-5.01594e-13,0,0
4603.65,-56414.6,0,-4.50552e-13,0,0
4603.61,-56409.7,-1.84283e-14,-4.34883e-14,0,0
4603.58,-56404.9,-2.83233e-14,1.37355e-12,0,0
4603.55,-56400.3,0,7.08491e-13,0,0
4603.51,-56395.8,1.7715e-14,-1.95871e-15,0,0
4603.48,-56391.4,1.58516e-15,4.7067e-13,0,0
4603.44,-56387.1,0,1.38271e-12,0,0
4603.41,-56383,4.59598e-14,4.57778e-13,0,0
4603.37,-56379,4.03498e-14,7.81238e-13,0,0
4603.34,-56375.1,8.20256e-14,1.4019e-12,0,0
4603.3,-56371.4,-1.35578e-14,4.37408e-13,0,0
4603.27,-56367.7,-2.50693e-14,1.65348e-12,0,0
4603.23,-56364.2,-1.88352e-14,7.05228e-13,0,0
4603.2,-56360.8,0,4.06435e-13,0,0
4603.16,-56357.5,0,4.29486e-13,0,0
4603.13,-56354.3,1.89063e-14,-7.13852e-13,0,0
4603.1,-56351.2,-1.79071e-14,7.27851e-13,0,0
4603.06,-56348.2,-1.88353e-14,7.42308e-13,0,0
4603.03,-56345.4,8.34777e-14,1.04813e-12,0,0
4602.99,-56342.6,3.49498e-14,-1.69717e-13,0,0
4602.96,-56340,0,6.51814e-13,0,0
4602.93,-56337.4,-2.24234e-14,1.40662e-12,0,0
4602.89,-56335,-1.02357e-13,1.9062e-13,0,0
4602.86,-56332.6,-2.50703e-14,5.83901e-13,0,0
4602.83,-56330.4,1.84814e-14,-1.12665e-13,0,0
4602.8,-56328.3,-1.48909e-14,-1.06207e-13,0,0
4602.76,-56326.2,6.61896e-14,9.07566e-13,0,0
4602.73,-56324.3,-7.30809e-14,6.65768e-13,0,0
4602.7,-56322.5,0,9.77543e-13,0,0
4602.67,-56320.8,0,3.11565e-13,0,0
4602.63,-56319.1,3.31986e-15,-1.04238e-12,0,0
4602.6,-56317.6,-9.21414e-15,1.36431e-12,0,0
4602.57,-56316.2,-2.34322e-14,4.44084e-13,0,0
4602.54,-56314.9,-1.59597e-14,3.85828e-13,0,0
4602.51,-56313.7,-9.37664e-14,-7.08326e-13,0,0
4602.48,-56312.6,7.97984e-15,-3.5402e-14,0,0
4602.45,-56311.6,0,1.7226e-13,0,0
4602.42,-56310.7,-1.79069e-14,3.88769e-13,0,0
4602.39,-56309.9,-1.87734e-14,1.34077e-12,0,0
4602.36,-56309.2,-3.72546e-14,4.4136e-13,0,0
4602.33,-56308.7,-1.87464e-14,6.7468e-13,0,0
4602.3,-56308.2,1.59596e-14,1.57034e-14,0,0
4602.27,-56307.8,8.42951e-15,2.06062e-14,0,0
4602.24,-56307.5,-2.22875e-14,3.18698e-13,0,0
4602.21,-56307.3,-2.15859e-14,-2.89588e-13,0,0
4602.19,-56307.3,3.87783e-14,8.24203e-13,0,0
4602.16,-56307.3,-2.34334e-14,1.41856e-12,0,0
4602.13,-56307.4,-9.66341e-14,2.08597e-13,0,0
4602.1,-56307.7,1.84561e-14,2.88807e-13,0,0
4602.08,-56308,0,6.33961e-13,0,0
4602.05,-56308.4,0,1.39268e-13,0,0
4602.03,-56309,-9.21402e-15,1.18055e-12,0,0
4602,-56309.6,-1.79066e-14,-8.27283e-13,0,0
4601.97,-56310.4,3.99795e-15,8.81543e-13,0,0
4601.95,-56311.2,0,7.07648e-13,0,0
4601.92,-56312.1,0,-4.77055e-13,0,0
4601.9,-56313.2,0,7.67653e-13,0,0
4601.88,-56314.3,0,5.01975e-13,0,0
4601.85,-56315.6,2.21286e-14,-6.49059e-13,0,0
4601.83,-56316.9,1.87463e-14,6.56896e-13,0,0
4601.81,-56318.3,-1.35571e-14,9.80593e-13,0,0
4601.78,-56319.9,-1.57007e-14,1.88631e-12,0,0
4601.76,-56321.5,-3.3462e-14,3.29687e-13,0,0
4601.74,-56323.2,0,9.12186e-13,0,0
4601.72,-56325.1,9.37314e-15,-2.15502e-13,0,0
4601.7,-56327,8.994e-15,1.44348e-13,0,0
4601.67,-56329,8.85703e-15,-1.0113e-13,0,0
4601.65,-56331.1,0,4.22825e-13,0,0
4601.63,-56333.3,0,5.50362e-13,0,0
4601.62,-56335.6,0,2.57576e-13,0,0
4601.6,-56338,0,-4.44352e-13,0,0
4601.58,-56340.5,-2.70545e-14,-5.67024e-14,0,0
4601.56,-56343,-1.04836e-13,4.42629e-13,0,0
4601.54,-56345.7,1.88674e-14,1.17517e-12,0,0
4601.52,-56348.5,8.90768e-15,-4.56356e-13,0,0
4601.5,-56351.3,5.58748e-14,1.19338e-12,0,0
4601.49,-56354.3,1.64316e-14,8.7629e-13,0,0
4601.47,-56357.3,0,7.93835e-13,0,0
4601.45,-56360.4,2.11506e-15,6.7332e-13,0,0
4601.44,-56363.6,-8.90759e-15,-4.8536e-13,0,0
4601.42,-56366.9,4.29807e-14,8.92093e-13,0,0
4601.41,-56370.3,8.74469e-15,9.95189e-13,0,0
4601.39,-56373.8,-5.85468e-14,1.99788e-13,0,0
4601.38,-56377.4,2.2883e-15,6.62816e-13,0,0
4601.36,-56381,1.88672e-14,7.36542e-13,0,0
4601.35,-56384.8,0,-1.91636e-13,0,0
4601.33,-56388.6,0,3.52846e-13,0,0
4601.32,-56392.5,0,1.02352e-12,0,0
4601.31,-56396.5,1.87458e-14,1.87016e-12,0,0
4601.29,-56400.6,-4.70094e-14,-2.46474e-13,0,0
4601.28,-56404.8,-8.56095e-14,1.29458e-12,0,0
4601.27,-56409.1,2.38138e-14,1.04346e-12,0,0
4601.26,-56413.4,0,1.08245e-13,0,0
4601.25,-56417.9,-1.02334e-13,7.55804e-14,0,0
4601.24,-56422.4,-8.42927e-15,5.43529e-14,0,0
4601.23,-56427,0,3.54946e-13,0,0
4601.22,-56431.7,0,2.83436e-13,0,0
4601.21,-56436.5,0,8.58438e-13,0,0
4601.2,-56441.4,0,1.48376e-12,0,0
4601.19,-56446.4,0,2.02158e-13,0,0
4601.18,-56451.5,3.13645e-14,7.84553e-13,0,0
4601.17,-56456.6,0,9.1266e-13,0,0
4601.16,-56461.9,-3.64033e-14,5.42547e-13,0,0
4601.15,-56467.2,0,1.38357e-12,0,0
4601.15,-56472.6,0,7.37286e-13,0,0
4601.14,-56478.2,0,4.48623e-13,0,0
4601.13,-56483.8,-3.63633e-16,1.22563e-13,0,0
4601.13,-56489.5,0,1.72794e-12,0,0
4601.12,-56495.3,-2.30807e-14,-1.32038e-13,0,0
4601.11,-56501.2,9.38611e-15,3.61743e-13,0,0
4601.11,-56507.2,2.18504e-14,1.20509e-12,0,0
4601.1,-56513.3,-2.30807e-14,-1.14889e-13,0,0
4601.1,-56519.5,0,5.68478e-13,0,0
4601.09,-56525.7,0,2.04331e-13,0,0
4601.09,-56532.1,-1.35555e-14,5.5324e-13,0,0
4601.08,-56538.6,-5.45253e-14,1.02832e-12,0,0
4601.08,-56545.2,0,4.50565e-13,0,0
4601.08,-56551.9,0,9.91365e-13,0,0
4601.07,-56558.7,0,-1.56129e-13,0,0
4601.07,-56565.6,-5.27064e-14,3.44202e-13,0,0
4601.07,-56572.6,0,2.08708e-13,0,0
4601.07,-56579.7,2.30809e-14,-2.4832e-13,0,0
4601.06,-56586.9,1.75999e-14,4.33728e-13,0,0
4601.06,-56594.2,2.15882e-14,-7.24831e-13,0,0
4601.06,-56601.7,-1.26623e-15,9.8626e-13,0,0
4601.06,-56609.2,0,6.85723e-13,0,0
4601.06,-56616.9,0,-2.13945e-13,0,0
4601.06,-56624.6,-2.34374e-14,-5.19076e-13,0,0
4601.06,-56632.5,0,1.49472e-12,0,0
4601.06,-56640.5,1.7904e-14,7.91252e-13,0,0
4601.06,-56648.6,-2.80606e-14,1.87014e-12,0,0
4601.06,-56656.8,9.22673e-15,-1.01516e-13,0,0
4601.06,-56665.2,0,-4.09933e-15,0,0
4601.06,-56673.7,0,9.17621e-13,0,0
4601.06,-56682.2,0,2.55825e-13,0,0
4601.06,-56690.9,-1.38905e-14,1.50675e-12,0,0
4601.06,-56699.8,-7.56744e-15,3.39405e-13,0,0
4601.06,-56708.7,-2.15881e-14,3.31439e-13,0,0
4601.06,-56717.8,0,-4.80631e-13,0,0
4601.06,-56727,-2.72254e-15,7.2813e-13,0,0
4601.07,-56736.3,1.87441e-14,5.88085e-13,0,0
4601.07,-56745.8,0,4.92787e-13,0,0
4601.07,-56755.3,-3.856e-14,8.3871e-13,0,0
4601.07,-56765,1.87439e-14,4.38713e-13,0,0
4601.08,-56774.9,1.88011e-14,3.78651e-13,0,0
4601.08,-56784.8,1.8453e-14,4.17515e-13,0,0
4601.08,-56794.9,-2.46337e-14,6.16646e-14,0,0
4601.09,-56805.1,0,1.66217e-12,0,0
4601.09,-56815.5,5.62843e-14,-7.92645e-13,0,0
4601.1,-56826,0,2.51535e-13,0,0
4601.1,-56836.6,1.84779e-14,-1.26226e-13,0,0
4601.1,-56847.3,-1.75991e-14,4.94588e-13,0,0
4601.11,-56858.2,0,8.03738e-13,0,0
4601.11,-56869.2,-2.38944e-15,4.25022e-13,0,0
4601.12,-56880.4,-1.06503e-13,9.5908e-13,0,0
4601.12,-56891.7,2.24283e-14,1.05611e-12,0,0
4601.13,-56903.1,-1.27322e-14,-1.4219e-13,0,0
4601.13,-56914.6,5.38791e-15,1.91754e-12,0,0
4601.14,-56926.3,1.84245e-14,3.8763e-14,0,0
4601.14,-56938.1,-9.21226e-15,2.08424e-13,0,0
4601.15,-56950.1,1.84525e-14,1.43208e-12,0,0
4601.16,-56962.2,-1.88005e-14,6.45682e-13,0,0
4601.16,-56974.4,-2.24282e-14,9.31086e-13,0,0
4601.17,-56986.7,0,1.05408e-12,0,0
4601.17,-56999.2,0,5.19379e-13,0,0
4601.18,-57011.8,1.84524e-14,6.96832e-14,0,0
4601.19,-57024.6,0,2.65983e-13,0,0
4601.19,-57037.5,-2.30808e-14,4.08892e-13,0,0
4601.2,-57050.5,1.6429e-14,6.8925e-13,0,0
4601.21,-57063.6,1.8743e-14,5.3382e-13,0,0
4601.22,-57076.9,-2.50778e-14,-1.09842e-13,0,0
4601.22,-57090.3,4.27886e-14,-2.58151e-13,0,0
4601.23,-57103.8,-2.24279e-14,8.42119e-13,0,0
4601.24,-57117.4,-6.10383e-14,-8.46019e-14,0,0
4601.25,-57131.2,-4.54334e-14,2.97434e-13,0,0
4601.25,-57145.1,0,2.31514e-13,0,0
4601.26,-57159.1,0,4.59602e-13,0,0
4601.27,-57173.2,4.98494e-15,8.30003e-14,0,0
4601.28,-57187.5,3.17681e-16,1.34596e-13,0,0
4601.29,-57201.9,0,-3.5798e-13,0,0
4601.29,-57216.4,2.24277e-14,7.90467e-14,0,0
4601.3,-57231,0,-2.64509e-13,0,0
4601.31,-57245.7,-1.5956e-14,8.73856e-13,0,0
4601.32,-57260.5,0,-6.39798e-13,0,0
4601.33,-57275.4,-4.37072e-15,8.37357e-13,0,0
4601.34,-57290.5,3.55227e-14,-2.07676e-14,0,0
4601.35,-57305.6,0,1.22159e-12,0,0
4601.35,-57320.9,-5.15219e-14,1.18267e-12,0,0
4601.36,-57336.2,1.79027e-14,5.5027e-13,0,0
4601.37,-57351.7,0,1.78582e-13,0,0
4601.38,-57367.2,-7.90638e-14,2.31531e-13,0,0
4601.39,-57382.8,0,1.06914e-12,0,0
4601.4,-57398.6,3.75739e-16,-1.42014e-13,0,0
4601.41,-57414.4,8.95132e-15,-2.55494e-13,0,0
4601.42,-57430.3,-1.85005e-14,1.92048e-12,0,0
4601.43,-57446.3,6.47944e-14,2.80848e-13,0,0
4601.44,-57462.4,-1.87693e-14,5.89841e-13,0,0
4601.45,-57478.5,0,5.74413e-13,0,0
4601.46,-57494.7,-4.13844e-14,2.47248e-14,0,0
4601.47,-57511,0,1.63335e-13,0,0
4601.48,-57527.4,-1.87423e-14,1.22346e-12,0,0
4601.49,-57543.8,-9.38462e-15,-1.15121e-12,0,0
4601.5,-57560.3,-2.30798e-14,-2.13601e-13,0,0
4601.51,-57576.9,1.88315e-14,-5.8292e-13,0,0
4601.52,-57593.5,0,-3.2359e-13,0,0
4601.53,-57610.2,-2.27435e-14,1.06085e-12,0,0
4601.54,-57627,1.68332e-14,2.78244e-13,0,0
4601.55,-57643.7,-1.84768e-14,5.50866e-13,0,0
4601.56,-57660.6,-5.88061e-14,4.03004e-13,0,0
4601.57,-57677.4,0,8.4288e-14,0,0
4601.58,-57694.4,-1.41534e-14,8.88874e-13,0,0
4601.59,-57711.3,-4.53387e-15,1.25382e-12,0,0
4601.6,-57728.3,0,2.44823e-13,0,0
4601.61,-57745.3,0,7.7152e-13,0,0
4601.62,-57762.4,2.15859e-14,1.48617e-13,0,0
4601.63,-57779.4,-8.90597e-15,6.81098e-13,0,0
4601.64,-57796.5,-1.88633e-14,1.0288e-12,0,0
4601.65,-57813.6,0,-2.42931e-13,0,0
4601.66,-57830.8,0,1.30052e-12,0,0
4601.67,-57847.9,1.32046e-14,-9.00699e-13,0,0
4601.68,-57865,-2.38135e-14,5.57249e-13,0,0
4601.69,-57882.2,0,4.81766e-13,0,0
4601.7,-57899.3,0,-5.26211e-13,0,0
4601.71,-57916.5,0,-7.2122e-13,0,0
4601.72,-57933.6,-1.87419e-14,5.46284e-13,0,0
4601.73,-57950.8,1.84237e-14,9.28144e-14,0,0
4601.74,-57967.9,0,5.19902e-13,0,0
4601.75,-57985,2.18479e-14,1.13379e-12,0,0
4601.76,-58002.1,9.41555e-15,-2.8098e-13,0,0
4601.77,-58019.2,8.14858e-16,9.2192e-13,0,0
4601.78,-58036.2,0,5.26491e-13,0,0
4601.79,-58053.3,0,5.07994e-13,0,0
4601.81,-58070.3,8.90599e-15,1.01327e-12,0,0
4601.82,-58087.2,0,-5.55999e-14,0,0
4601.83,-58104.1,0,8.16077e-13,0,0
4601.84,-58121,0,1.27865e-12,0,0
4601.85,-58137.9,-3.64295e-14,1.13853e-12,0,0
4601.86,-58154.7,9.37091e-15,8.62448e-13,0,0
4601.87,-58171.4,2.59118e-14,7.98847e-14,0,0
4601.88,-58188.1,6.88211e-14,-1.15612e-13,0,0
4601.89,-58204.7,2.34094e-14,2.15759e-13,0,0
4601.9,-58221.3,2.54229e-15,-2.98912e-13,0,0
4601.91,-58237.8,-1.87418e-14,1.62227e-13,0,0
4601.92,-58254.3,9.38438e-15,1.30872e-12,0,0
4601.93,-58270.7,-2.41105e-14,3.90135e-13,0,0
4601.94,-58287,0,4.40778e-13,0,0
4601.95,-58303.3,-6.1778e-14,3.31846e-13,0,0
4601.96,-58319.4,2.27422e-14,1.75302e-12,0,0
4601.97,-58335.5,-4.12188e-14,6.38335e-13,0,0
4601.98,-58351.6,-3.75676e-14,1.83902e-13,0,0
4601.99,-58367.5,-9.37089e-15,2.72533e-13,0,0
4602,-58383.4,0,-2.99896e-14,0,0
4602.01,-58399.1,2.24254e-14,1.59172e-12,0,0
4602.02,-58414.8,-8.79928e-15,1.46252e-13,0,0
4602.03,-58430.4,-2.51819e-14,-2.77954e-14,0,0
4602.04,-58445.9,-8.85531e-15,3.0391e-13,0,0
4602.05,-58461.3,-1.8831e-14,5.28208e-14,0,0
4602.06,-58476.6,-1.87687e-14,6.19299e-13,0,0
4602.06,-58491.8,9.23838e-15,4.7951e-13,0,0
4602.07,-58506.9,-2.64172e-14,1.89183e-12,0,0
4602.08,-58521.9,0,2.93896e-14,0,0
4602.09,-58536.7,7.40026e-14,2.06448e-13,0,0
4602.1,-58551.5,2.5182e-14,1.69219e-12,0,0
4602.11,-58566.2,5.81958e-14,8.20247e-13,0,0
4602.12,-58580.7,9.2384e-15,-9.59199e-14,0,0
4602.13,-58595.2,-8.21754e-16,7.34564e-13,0,0
4602.14,-58609.5,1.79844e-14,-8.41661e-14,0,0
4602.15,-58623.7,0,2.17698e-12,0,0
4602.15,-58637.8,-1.56978e-14,-4.01038e-13,0,0
4602.16,-58651.8,0,8.74371e-13,0,0
4602.17,-58665.6,-1.87688e-14,9.77782e-13,0,0
4602.18,-58679.3,3.30218e-14,5.74198e-13,0,0
4602.19,-58692.9,1.79844e-14,5.73061e-13,0,0
4602.2,-58706.4,2.57404e-14,3.23597e-13,0,0
4602.21,-58719.8,1.09233e-14,1.36614e-13,0,0
4602.21,-58733,9.21195e-15,3.60787e-13,0,0
4602.22,-58746.1,-4.74009e-14,6.7479e-13,0,0
4602.23,-58759,0,1.65899e-12,0,0
4602.24,-58771.9,0,2.59793e-13,0,0
4602.24,-58784.6,-2.18465e-14,5.27225e-13,0,0
4602.25,-58797.1,3.99944e-15,-8.32201e-14,0,0
4602.26,-58809.6,1.38902e-14,-5.81581e-13,0,0
4602.27,-58821.9,0,5.57141e-13,0,0
4602.27,-58834,0,1.31113e-12,0,0
4602.28,-58846,0,6.16652e-13,0,0
4602.29,-58857.9,0,4.15557e-13,0,0
4602.3,-58869.7,4.05975e-14,2.27582e-13,0,0
4602.3,-58881.3,-3.66148e-15,4.47867e-13,0,0
4602.31,-58892.8,-1.71175e-14,3.09801e-13,0,0
4602.32,-58904.1,-1.8452e-14,-2.56422e-13,0,0
4602.32,-58915.4,-7.14224e-14,9.66526e-13,0,0
4602.33,-58926.4,0,-1.73927e-13,0,0
4602.34,-58937.4,-1.84241e-14,5.04975e-13,0,0
4602.34,-58948.1,-4.61698e-15,1.42903e-12,0,0
4602.35,-58958.8,0,-1.96482e-13,0,0
4602.35,-58969.3,-1.8742e-14,9.56277e-13,0,0
4602.36,-58979.7,0,-9.73572e-14,0,0
4602.37,-58989.9,0,-7.03699e-13,0,0
4602.37,-59000,0,1.90574e-13,0,0
4602.38,-59010,1.8742e-14,-1.00242e-13,0,0
4602.38,-59019.8,0,1.11992e-12,0,0
4602.39,-59029.5,-1.14298e-15,1.1363e-12,0,0
4602.39,-59039.1,-1.16113e-14,3.86907e-13,0,0
4602.4,-59048.5,0,8.06589e-14,0,0
4602.4,-59057.8,-1.68397e-14,4.41694e-13,0,0
4602.41,-59066.9,0,-1.51208e-13,0,0
4602.41,-59075.9,0,-3.44227e-13,0,0
4602.42,-59084.8,0,1.33377e-12,0,0
4602.42,-59093.5,-1.38905e-14,1.08775e-12,0,0
4602.43,-59102.1,0,-1.43704e-13,0,0
4602.43,-59110.6,0,1.9188e-12,0,0
4602.44,-59119,-1.56983e-14,1.11711e-13,0,0
4602.44,-59127.2,0,-5.77111e-14,0,0
4602.44,-59135.2,-8.86315e-14,3.19238e-13,0,0
4602.45,-59143.2,1.75992e-14,-7.63393e-14,0,0
4602.45,-59151,0,1.13297e-12,0,0
4602.45,-59158.7,0,1.10519e-12,0,0
4602.46,-59166.3,0,-1.30358e-13,0,0
4602.46,-59173.7,0,1.13384e-12,0,0
4602.47,-59181,0,7.05856e-13,0,0
4602.47,-59188.2,8.90641e-15,1.96827e-12,0,0
4602.47,-59195.3,1.84244e-14,3.37661e-13,0,0
4602.47,-59202.2,0,7.43298e-13,0,0
4602.48,-59209,0,3.44543e-13,0,0
4602.48,-59215.7,0,-3.7088e-13,0,0
4602.48,-59222.3,4.52683e-15,7.0687e-14,0,0
4602.49,-59228.8,3.21871e-16,1.01194e-12,0,0
4602.49,-59235.1,3.55243e-14,3.18313e-13,0,0
4602.49,-59241.3,2.34332e-14,1.63305e-12,0,0
4602.49,-59247.5,0,4.15701e-13,0,0
4602.49,-59253.5,8.7997e-15,1.00141e-13,0,0
4602.5,-59259.3,1.75994e-14,-2.12107e-13,0,0
4602.5,-59265.1,-7.71186e-15,3.94271e-13,0,0
4602.5,-59270.8,0,4.01353e-13,0,0
4602.5,-59276.3,-6.61253e-14,3.21704e-13,0,0
4602.5,-59281.8,1.59569e-14,-3.62286e-13,0,0
4602.5,-59287.1,0,1.37531e-13,0,0
4602.51,-59292.4,-1.7813e-14,-2.07343e-13,0,0
4602.51,-59297.5,0,7.74481e-13,0,0
4602.51,-59302.6,1.84776e-14,3.86888e-13,0,0
4602.51,-59307.5,2.38108e-14,-1.52859e-13,0,0
4602.51,-59312.3,-1.84527e-14,-9.04506e-14,0,0
4602.51,-59317,0,4.80561e-14,0,0
4602.51,-59321.7,0,1.01142e-12,0,0
4602.51,-59326.2,3.98167e-14,7.63582e-13,0,0
4602.51,-59330.7,2.9796e-16,-4.87172e-13,0,0
4602.51,-59335,0,4.03119e-13,0,0
4602.51,-59339.3,9.37128e-15,1.25139e-12,0,0
4602.51,-59343.5,-1.77116e-14,4.24395e-13,0,0
4602.51,-59347.5,6.88146e-14,1.29593e-12,0,0
4602.51,-59351.5,-2.47325e-14,1.52236e-12,0,0
4602.51,-59355.4,0,5.2087e-13,0,0
4602.51,-59359.2,0,3.18147e-13,0,0
4602.51,-59363,4.6498e-14,7.47489e-13,0,0
4602.51,-59366.6,-2.99853e-14,-2.84045e-13,0,0
4602.51,-59370.2,-1.59571e-14,1.15332e-12,0,0
4602.51,-59373.7,0,1.05349e-13,0,0
4602.51,-59377.1,-3.04637e-15,7.42099e-13,0,0
4602.51,-59380.4,-5.86304e-14,-3.79836e-13,0,0
4602.51,-59383.7,-2.30766e-14,8.01308e-13,0,0
4602.51,-59386.9,3.6645e-14,6.62512e-13,0,0
4602.51,-59390,0,4.90861e-13,0,0
4602.51,-59393,9.01873e-14,2.23857e-13,0,0
4602.51,-59396,2.92867e-15,7.89111e-13,0,0
4602.51,-59398.9,-6.50486e-14,1.13308e-12,0,0
4602.5,-59401.7,-1.87428e-14,-4.51294e-13,0,0
4602.5,-59404.5,3.6583e-14,-2.81208e-13,0,0
4602.5,-59407.2,0,-1.98073e-14,0,0
4602.5,-59409.8,-9.21247e-15,3.71803e-13,0,0
4602.5,-59412.4,0,1.14886e-12,0,0
4602.5,-59414.9,0,8.47472e-13,0,0
4602.5,-59417.3,0,1.46312e-12,0,0
4602.49,-59419.7,1.8478e-14,7.96758e-13,0,0
4602.49,-59422,1.8478e-14,1.33089e-12,0,0
4602.49,-59424.3,-1.77119e-14,1.64847e-12,0,0
4602.49,-59426.5,2.62213e-16,9.48662e-13,0,0
4602.49,-59428.6,0,1.21761e-12,0,0
4602.49,-59430.7,-1.31506e-14,1.06218e-12,0,0
4602.48,-59432.8,0,6.41765e-13,0,0
4602.48,-59434.8,-4.32621e-14,6.63155e-13,0,0
4602.48,-59436.7,1.56989e-14,6.61214e-13,0,0
4602.48,-59438.6,0,5.86395e-13,0,0
4602.47,-59440.4,0,-5.87716e-13,0,0
4602.47,-59442.2,-4.08693e-14,-2.60945e-13,0,0
4602.47,-59444,0,2.41711e-13,0,0
4602.47,-59445.7,0,3.00666e-13,0,0
4602.46,-59447.3,1.53902e-14,1.35794e-12,0,0
4602.46,-59448.9,-2.94597e-15,4.13084e-13,0,0
4602.46,-59450.5,0,-5.95157e-13,0,0
4602.46,-59452,0,1.01333e-12,0,0
4602.45,-59453.5,0,6.13842e-13,0,0
4602.45,-59454.9,1.57895e-14,1.72873e-12,0,0
4602.45,-59456.3,0,6.80899e-13,0,0
4602.45,-59457.7,7.59067e-14,1.07733e-13,0,0
4602.44,-59459,-3.64108e-14,-5.03351e-13,0,0
4602.44,-59460.3,0,7.68974e-13,0,0
4602.44,-59461.5,9.01764e-16,2.44424e-13,0,0
4602.43,-59462.7,1.84532e-14,6.82524e-13,0,0
4602.43,-59463.9,0,8.15297e-13,0,0
4602.43,-59465.1,-1.78135e-14,8.95724e-13,0,0
4602.42,-59466.2,0,2.66826e-13,0,0
4602.42,-59467.2,-1.58432e-16,8.15589e-13,0,0
4602.42,-59468.3,9.45169e-15,1.76323e-13,0,0
4602.41,-59469.3,-1.01309e-13,7.36394e-13,0,0
4602.41,-59470.3,-2.15843e-14,6.17201e-13,0,0
4602.41,-59471.3,0,4.23118e-13,0,0
4602.41,-59472.2,-5.14592e-14,-9.5803e-14,0,0
4602.4,-59473.1,0,-4.77449e-13,0,0
4602.4,-59474,-8.90678e-15,-2.49829e-13,0,0
4602.4,-59474.8,-1.08139e-13,3.55535e-14,0,0
4602.39,-59475.6,0,1.20999e-12,0,0
4602.39,-59476.4,6.89896e-14,5.70175e-13,0,0
4602.38,-59477.2,0,1.53849e-12,0,0
4602.38,-59477.9,-1.77121e-14,9.47239e-13,0,0
4602.38,-59478.7,3.75756e-14,6.08322e-13,0,0
4602.37,-59479.3,2.46449e-15,5.0121e-13,0,0
4602.37,-59480,-1.87702e-14,1.18461e-12,0,0
4602.37,-59480.7,0,4.136e-13,0,0
4602.36,-59481.3,-8.59346e-15,6.14921e-13,0,0
4602.36,-59481.9,0,1.33404e-12,0,0
4602.36,-59482.5,-1.77121e-14,3.41347e-13,0,0
4602.35,-59483.1,-2.8027e-14,-1.90416e-13,0,0
4602.35,-59483.6,0,1.23158e-12,0,0
4602.35,-59484.2,8.43622e-14,1.31122e-12,0,0
4602.34,-59484.7,7.7041e-14,7.86246e-13,0,0
4602.34,-59485.2,9.08167e-15,1.52648e-13,0,0
4602.33,-59485.7,0,2.62567e-13,0,0
4602.33,-59486.1,0,4.78165e-13,0,0
4602.33,-59486.6,0,4.77643e-13,0,0
4602.32,-59487,-4.76753e-14,3.60824e-13,0,0
4602.32,-59487.4,-3.65125e-14,-1.31836e-13,0,0
4602.32,-59487.8,4.95696e-14,9.43335e-14,0,0
4602.31,-59488.2,0,-5.99165e-13,0,0
4602.31,-59488.6,-2.15846e-14,1.50149e-12,0,0
4602.31,-59489,0,1.07923e-12,0,0
4602.3,-59489.3,-1.76e-14,1.47395e-12,0,0
4602.3,-59489.6,2.54075e-15,5.71809e-13,0,0
4602.29,-59489.9,0,-3.48072e-13,0,0
4602.29,-59490.3,0,2.0239e-12,0,0
4602.29,-59490.5,0,1.76516e-13,0,0
4602.28,-59490.8,0,1.79592e-13,0,0
4602.28,-59491.1,1.66426e-14,6.24494e-13,0,0
4602.28,-59491.4,0,1.32235e-12,0,0
4602.27,-59491.6,0,1.62612e-12,0,0
4602.27,-59491.8,0,5.86333e-13,0,0
4602.26,-59492.1,-1.87704e-14,5.66693e-13,0,0
4602.26,-59492.3,-1.87434e-14,2.1226e-13,0,0
4602.26,-59492.5,-1.84253e-14,4.2843e-13,0,0
4602.25,-59492.7,4.40124e-14,6.69406e-14,0,0
4602.25,-59492.9,0,7.8919e-13,0,0
4602.25,-59493.1,0,-1.70302e-13,0,0
4602.24,-59493.2,1.79042e-14,9.30249e-13,0,0
4602.24,-59493.4,0,1.7733e-13,0,0
4602.24,-59493.5,-1.85019e-14,5.39245e-13,0,0
4602.23,-59493.7,-4.67579e-16,3.93143e-13,0,0
4602.23,-59493.8,-1.84253e-14,2.67691e-13,0,0
4602.22,-59493.9,0,1.25103e-12,0,0
4602.22,-59494.1,2.2425e-14,4.89606e-13,0,0
4602.22,-59494.2,-3.72258e-14,6.68959e-13,0,0
4602.21,-59494.3,0,8.13514e-13,0,0
4602.21,-59494.4,0,4.86114e-13,0,0
4602.21,-59494.5,-1.84784e-14,4.91005e-13,0,0
4602.2,-59494.6,0,4.74483e-13,0,0
4602.2,-59494.6,5.30251e-14,4.56409e-13,0,0
4602.2,-59494.7,-1.62009e-14,-2.82447e-14,0,0
4602.19,-59494.8,-3.14598e-14,1.12455e-12,0,0
4602.19,-59494.8,-3.48835e-14,6.64294e-13,0,0
4602.19,-59494.9,0,8.41575e-13,0,0
4602.18,-59494.9,0,1.20133e-12,0,0
4602.18,-59495,0,1.60443e-13,0,0
4602.18,-59495,5.82107e-14,-4.76247e-13,0,0
4602.17,-59495,2.82487e-15,8.57174e-13,0,0
4602.17,-59495.1,-2.48176e-14,-8.03065e-14,0,0
4602.17,-59495.1,-1.78136e-14,2.72817e-13,0,0
4602.16,-59495.1,1.88326e-14,6.07987e-13,0,0
4602.16,-59495.1,0,8.99639e-13,0,0
4602.16,-59495.1,-1.79041e-14,7.16936e-13,0,0
4602.16,-59495.1,1.87704e-14,-1.39227e-14,0,0
4602.15,-59495.1,-2.18472e-14,7.06775e-13,0,0
4602.15,-59495.1,-9.3852e-15,1.54295e-13,0,0
4602.15,-59495.1,2.42106e-14,1.09952e-12,0,0
4602.14,-59495.1,1.75999e-14,7.50356e-13,0,0
4602.14,-59495.1,0,-5.5895e-13,0,0
4602.14,-59495.1,-1.88005e-14,-1.62331e-13,0,0
4602.13,-59495.1,1.78135e-14,2.80738e-13,0,0
4602.13,-59495,1.16979e-15,-8.56223e-14,0,0
4602.13,-59495,0,5.06379e-13,0,0
4602.13,-59495,0,1.3515e-12,0,0
4602.12,-59494.9,-3.98517e-15,3.98826e-13,0,0
4602.12,-59494.9,-1.84783e-14,3.89369e-13,0,0
4602.12,-59494.8,-1.87434e-14,3.07737e-13,0,0
4602.11,-59494.8,0,2.52046e-13,0,0
4602.11,-59494.8,-2.18473e-14,9.77964e-13,0,0
4602.11,-59494.7,-1.85237e-14,8.47519e-13,0,0
4602.11,-59494.6,0,9.78672e-13,0,0
4602.1,-59494.6,1.49051e-14,1.1066e-12,0,0
4602.1,-59494.5,-9.4323e-15,-7.43785e-13,0,0
4602.1,-59494.5,-3.33281e-14,5.28092e-13,0,0
4602.1,-59494.4,1.87434e-14,3.61979e-13,0,0
4602.09,-59494.3,0,1.2296e-12,0,0
4602.09,-59494.3,3.75439e-14,-1.64808e-13,0,0
4602.09,-59494.2,0,1.07177e-12,0,0
4602.09,-59494.1,2.18474e-14,5.8222e-13,0,0
4602.08,-59494,2.60177e-14,5.27297e-13,0,0
4602.08,-59494,-1.78134e-14,3.84671e-13,0,0
4602.08,-59493.9,0,-2.63061e-13,0,0
4602.08,-59493.8,1.59572e-14,-8.41545e-14,0,0
4602.08,-59493.7,-1.84532e-14,1.74518e-13,0,0
4602.07,-59493.6,-1.88326e-14,9.73719e-13,0,0
4602.07,-59493.5,8.9928e-15,-4.79601e-13,0,0
4602.07,-59493.4,0,-1.65257e-13,0,0
4602.07,-59493.3,0,2.01629e-13,0,0
4602.07,-59493.2,-1.88646e-14,1.02656e-12,0,0
4602.06,-59493.1,-8.45736e-14,1.69945e-13,0,0
4602.06,-59493.1,1.7904e-14,2.70643e-13,0,0
4602.06,-59493,-2.2742e-14,-4.21953e-15,0,0
4602.06,-59492.9,0,4.39399e-13,0,0
4602.06,-59492.7,1.59571e-14,8.27615e-13,0,0
4602.05,-59492.6,1.87703e-14,1.29142e-12,0,0
4602.05,-59492.5,0,3.36146e-13,0,0
4602.05,-59492.4,-3.13991e-14,7.79468e-13,0,0
4602.05,-59492.3,1.84252e-14,-2.4147e-14,0,0
4602.05,-59492.2,0,7.80022e-13,0,0
4602.05,-59492.1,-9.39987e-14,3.51736e-13,0,0
4602.04,-59492,-1.56987e-14,7.2019e-13,0,0
4602.04,-59491.9,-3.71965e-14,1.17993e-14,0,0
4602.04,-59491.8,0,1.19854e-12,0,0
4602.04,-59491.7,1.77118e-14,9.09245e-13,0,0
4602.04,-59491.6,0,-7.05633e-13,0,0
4602.04,-59491.4,0,2.42075e-13,0,0
4602.04,-59491.3,0,-2.80175e-13,0,0
4602.03,-59491.2,7.64873e-14,5.78384e-13,0,0
4602.03,-59491.1,-8.21498e-15,1.3902e-12,0,0
4602.03,-59491,0,5.39037e-13,0,0
4602.03,-59490.9,1.56987e-14,2.95929e-13,0,0
4602.03,-59490.7,-1.84251e-14,4.73793e-13,0,0
4602.03,-59490.6,-1.84531e-14,2.43792e-13,0,0
4602.03,-59490.5,-7.89385e-14,2.29239e-13,0,0
4602.03,-59490.4,-1.88325e-14,9.09227e-13,0,0
4602.03,-59490.3,3.89434e-14,1.39453e-12,0,0
4602.02,-59490.1,-2.65174e-16,7.55131e-15,0,0
4602.02,-59490,0,8.27441e-13,0,0
4602.02,-59489.9,0,-2.23819e-14,0,0
4602.02,-59489.8,-1.84531e-14,1.06105e-12,0,0
4602.02,-59489.7,0,3.95775e-13,0,0
4602.02,-59489.5,1.75997e-14,2.68688e-13,0,0
4602.02,-59489.4,-1.79855e-14,-4.46893e-13,0,0
4602.02,-59489.3,-3.07995e-14,5.53161e-13,0,0
4602.02,-59489.2,2.92172e-14,-2.97402e-13,0,0
4602.02,-59489.1,-2.15853e-14,-5.85459e-13,0,0
4602.02,-59488.9,0,-1.07096e-13,0,0
4602.02,-59488.8,6.71059e-14,9.22889e-13,0,0
4602.02,-59488.7,-3.00116e-15,8.30811e-13,0,0
4602.01,-59488.6,1.75997e-14,6.91511e-13,0,0
4602.01,-59488.5,-5.81213e-14,2.55154e-13,0,0
4602.01,-59488.3,0,3.37672e-13,0,0
4602.01,-59488.2,0,5.66126e-13,0,0
4602.01,-59488.1,1.77117e-14,7.78542e-13,0,0
4602.01,-59488,0,8.58819e-13,0,0
4602.01,-59487.9,6.75065e-14,1.36493e-13,0,0
4602.01,-59487.8,0,9.09971e-13,0,0
4602.01,-59487.6,8.39375e-16,1.0077e-12,0,0
4602.01,-59487.5,0,-1.12655e-12,0,0
4602.01,-59487.4,2.18475e-14,1.32277e-13,0,0
4602.01,-59487.3,0,6.68208e-13,0,0
4602.01,-59487.2,9.51349e-14,1.0579e-12,0,0
4602.01,-59487.1,-1.78132e-14,1.37696e-13,0,0
4602.01,-59487,0,6.04181e-13,0,0
4602.01,-59486.8,-1.79854e-14,-5.69557e-13,0,0
4602.01,-59486.7,1.8478e-14,-4.65534e-13,0,0
4602.01,-59486.6,-1.45299e-14,1.02883e-12,0,0
4602.01,-59486.5,8.36579e-14,1.47054e-12,0,0
4602.01,-59486.4,0,4.98114e-13,0,0
4602.01,-59486.3,0,-4.52064e-13,0,0
4602.01,-59486.2,-2.84215e-15,7.04792e-13,0,0
4602.01,-59486.1,0,9.30948e-13,0,0
4602.01,-59486,0,3.96517e-13,0,0
4602.01,-59485.9,1.75996e-14,6.4678e-13,0,0
4602.01,-59485.8,-1.84249e-14,1.3349e-12,0,0
4602.01,-59485.7,0,3.10847e-13,0,0
4602.01,-59485.6,9.37156e-15,5.77856e-13,0,0
4602.01,-59485.5,1.84249e-14,1.10911e-12,0,0
4602.01,-59485.4,1.77116e-14,-1.70803e-13,0,0
4602.01,-59485.3,3.55064e-14,-6.92078e-14,0,0
4602.01,-59485.2,1.62005e-14,6.81441e-13,0,0
4602.01,-59485.1,1.87431e-14,8.29478e-13,0,0
4602.01,-59485,0,4.30467e-13,0,0
4602.01,-59484.9,0,9.48267e-14,0,0
4602.02,-59484.8,0,1.23206e-12,0,0
4602.02,-59484.7,0,6.62002e-13,0,0
4602.02,-59484.6,1.75995e-14,3.6634e-13,0,0
4602.02,-59484.5,-4.03854e-14,2.29238e-14,0,0
4602.02,-59484.4,0,-1.55886e-13,0,0
4602.02,-59484.4,0,1.26069e-13,0,0
4602.02,-59484.3,0,-1.08502e-12,0,0
4602.02,-59484.2,0,1.01621e-12,0,0
4602.02,-59484.1,0,5.00484e-13,0,0
4602.02,-59484,0,1.47667e-12,0,0
4602.02,-59483.9,-1.84529e-14,2.25575e-13,0,0
4602.02,-59483.9,-2.69877e-14,-3.42759e-13,0,0
4602.02,-59483.8,2.04811e-15,8.4793e-13,0,0
4602.02,-59483.7,-3.66132e-14,7.08314e-13,0,0
4602.02,-59483.6,0,-7.50125e-13,0,0
4602.03,-59483.6,2.18475e-14,1.12915e-12,0,0
4602.03,-59483.5,-6.33185e-15,1.67059e-12,0,0
4602.03,-59483.4,-6.02579e-15,1.25712e-12,0,0
4602.03,-59483.4,-8.45753e-14,1.1562e-12,0,0
4602.03,-59483.3,0,-2.78306e-13,0,0
4602.03,-59483.2,0,-4.58647e-13,0,0
4602.03,-59483.2,0,-4.37809e-13,0,0
4602.03,-59483.1,3.54126e-14,7.26836e-13,0,0
4602.03,-59483,2.16008e-14,1.39383e-12,0,0
4602.03,-59483,-1.59569e-14,1.1935e-12,0,0
4602.03,-59482.9,1.11548e-14,7.02804e-13,0,0
4602.04,-59482.9,4.21319e-15,-7.34774e-14,0,0
4602.04,-59482.8,1.8743e-14,7.60622e-13,0,0
4602.04,-59482.8,3.69027e-14,8.88991e-13,0,0
4602.04,-59482.7,0,1.74999e-13,0,0
4602.04,-59482.7,0,-3.25046e-14,0,0
4602.04,-59482.6,0,-5.43426e-14,0,0
4602.04,-59482.6,-1.78131e-14,-1.28376e-13,0,0
4602.04,-59482.5,-3.5999e-15,6.12108e-13,0,0
4602.04,-59482.5,0,-4.11339e-13,0,0
4602.05,-59482.4,1.75995e-14,1.48147e-13,0,0
4602.05,-59482.4,0,3.29362e-13,0,0
4602.05,-59482.3,1.8743e-14,-1.60823e-13,0,0
4602.05,-59482.3,1.8743e-14,1.34518e-13,0,0
4602.05,-59482.3,8.71886e-14,7.71189e-13,0,0
4602.05,-59482.2,-1.88e-14,9.39341e-13,0,0
4602.05,-59482.2,-7.41597e-14,-7.45398e-14,0,0
4602.05,-59482.1,0,1.06626e-12,0,0
4602.05,-59482.1,0,5.17524e-13,0,0
4602.06,-59482.1,0,2.24954e-14,0,0
4602.06,-59482.1,1.84528e-14,-6.57128e-13,0,0
4602.06,-59482,0,6.98709e-13,0,0
4602.06,-59482,0,2.28308e-13,0,0
4602.06,-59482,0,5.18035e-13,0,0
4602.06,-59481.9,0,8.40588e-14,0,0
4602.06,-59481.9,-4.74064e-14,5.31616e-13,0,0
4602.06,-59481.9,0,4.97649e-13,0,0
4602.07,-59481.9,0,2.81064e-13,0,0
4602.07,-59481.9,9.21239e-15,2.38258e-13,0,0
4602.07,-59481.8,-3.20657e-14,3.98099e-13,0,0
4602.07,-59481.8,1.84248e-14,9.20633e-13,0,0
4602.07,-59481.8,0,5.33452e-13,0,0
4602.07,-59481.8,0,4.63528e-13,0,0
4602.07,-59481.8,7.71185e-15,7.64879e-13,0,0
4602.07,-59481.8,8.53218e-15,2.25276e-13,0,0
4602.08,-59481.8,-2.34344e-14,3.35188e-13,0,0
4602.08,-59481.7,0,7.37477e-13,0,0
4602.08,-59481.7,0,1.9596e-13,0,0
4602.08,-59481.7,7.97842e-15,1.49141e-12,0,0
4602.08,-59481.7,7.64941e-15,9.15424e-13,0,0
4602.08,-59481.7,-1.84778e-14,3.49075e-13,0,0
4602.08,-59481.7,0,-2.41679e-13,0,0
4602.08,-59481.7,0,1.67215e-12,0,0
4602.09,-59481.7,3.46997e-14,1.80498e-12,0,0
4602.09,-59481.7,1.7813e-14,8.27317e-13,0,0
4602.09,-59481.7,0,-6.66346e-13,0,0
4602.09,-59481.7,1.84528e-14,2.66917e-13,0,0
4602.09,-59481.7,1.64297e-14,1.32835e-12,0,0
4602.09,-59481.7,1.7813e-14,1.06094e-12,0,0
4602.09,-59481.7,-4.65684e-14,6.50893e-14,0,0
4602.1,-59481.7,1.62004e-14,-3.04459e-14,0,0
4602.1,-59481.7,6.93383e-14,6.13817e-13,0,0
4602.1,-59481.7,0,1.08016e-12,0,0
4602.1,-59481.7,0,2.33997e-13,0,0
4602.1,-59481.8,-2.69632e-17,-5.27074e-14,0,0
4602.1,-59481.8,-8.01308e-14,-1.27694e-13,0,0
4602.1,-59481.8,7.47966e-14,3.49592e-13,0,0
4602.1,-59481.8,0,1.14971e-12,0,0
4602.11,-59481.8,0,-2.71077e-15,0,0
4602.11,-59481.8,-1.6642e-14,1.03179e-12,0,0
4602.11,-59481.8,2.59495e-14,1.90232e-13,0,0
4602.11,-59481.8,0,5.22665e-14,0,0
4602.11,-59481.9,0,9.43752e-13,0,0
4602.11,-59481.9,0,8.87283e-13,0,0
4602.11,-59481.9,0,5.54741e-13,0,0
4602.11,-59481.9,0,1.55468e-12,0,0
4602.11,-59481.9,0,2.58759e-13,0,0
4602.12,-59482,-3.92964e-14,9.24959e-13,0,0
4602.12,-59482,1.87698e-14,1.81512e-13,0,0
4602.12,-59482,0,3.16158e-13,0,0
4602.12,-59482,1.84778e-14,6.55656e-14,0,0
4602.12,-59482.1,3.23552e-14,4.7443e-13,0,0
4602.12,-59482.1,0,7.91238e-13,0,0
4602.12,-59482.1,1.79037e-14,-3.99352e-13,0,0
4602.12,-59482.1,0,-1.57801e-13,0,0
4602.13,-59482.2,0,3.26815e-13,0,0
4602.13,-59482.2,0,-2.66833e-13,0,0
4602.13,-59482.2,0,9.51869e-13,0,0
4602.13,-59482.2,0,4.59236e-13,0,0
4602.13,-59482.3,0,1.48543e-12,0,0
4602.13,-59482.3,2.34342e-14,1.2963e-12,0,0
4602.13,-59482.3,0,7.5608e-13,0,0
4602.13,-59482.4,0,7.10971e-13,0,0
4602.13,-59482.4,0,-7.6642e-13,0,0
4602.14,-59482.4,-2.15849e-14,6.1338e-13,0,0
4602.14,-59482.5,-1.87429e-14,5.01288e-13,0,0
4602.14,-59482.5,1.54237e-14,5.78139e-13,0,0
4602.14,-59482.5,-1.66421e-14,-9.86547e-13,0,0
4602.14,-59482.6,0,7.82706e-13,0,0
4602.14,-59482.6,0,9.61924e-13,0,0
4602.14,-59482.6,0,9.24711e-13,0,0
4602.14,-59482.7,-1.78131e-14,6.02395e-13,0,0
4602.14,-59482.7,0,3.41651e-13,0,0
4602.14,-59482.7,1.84778e-14,6.59652e-13,0,0
4602.15,-59482.8,0,2.94995e-13,0,0
4602.15,-59482.8,6.75071e-14,1.09372e-12,0,0
4602.15,-59482.9,9.60599e-17,7.64467e-13,0,0
4602.15,-59482.9,0,5.55671e-13,0,0
4602.15,-59482.9,0,5.20941e-13,0,0
4602.15,-59483,-1.87429e-14,8.37451e-13,0,0
4602.15,-59483,-1.84248e-14,1.17924e-12,0,0
4602.15,-59483,0,7.33124e-13,0,0
4602.15,-59483.1,1.07001e-13,1.1696e-12,0,0
4602.15,-59483.1,0,2.38292e-13,0,0
4602.15,-59483.2,1.84778e-14,2.90658e-13,0,0
4602.15,-59483.2,-4.21012e-15,3.77372e-13,0,0
4602.16,-59483.3,9.37144e-15,4.8134e-13,0,0
4602.16,-59483.3,0,1.26064e-12,0,0
4602.16,-59483.3,1.59569e-14,3.27755e-13,0,0
4602.16,-59483.4,0,1.56577e-12,0,0
4602.16,-59483.4,-2.34341e-14,7.90842e-13,0,0
4602.16,-59483.5,-6.91654e-16,-9.0141e-14,0,0
4602.16,-59483.5,0,1.92826e-13,0,0
4602.16,-59483.5,-1.56985e-14,9.86313e-13,0,0
4602.16,-59483.6,0,1.54303e-13,0,0
4602.16,-59483.6,-1.89032e-14,8.97626e-13,0,0
4602.16,-59483.7,-1.56985e-14,-5.45873e-13,0,0
4602.16,-59483.7,0,1.22184e-12,0,0
4602.16,-59483.8,7.12471e-14,6.12947e-13,0,0
4602.16,-59483.8,5.53912e-14,-3.95864e-13,0,0
4602.17,-59483.8,0,-1.05567e-13,0,0
4602.17,-59483.9,4.49247e-14,1.13725e-12,0,0
4602.17,-59483.9,-1.75995e-14,-2.34861e-13,0,0
4602.17,-59484,-2.60178e-14,-5.98078e-13,0,0
4602.17,-59484,7.14187e-14,3.30209e-13,0,0
4602.17,-59484.1,0,-2.59777e-13,0,0
4602.17,-59484.1,-1.77116e-14,-8.80244e-13,0,0
4602.17,-59484.2,0,-4.15077e-13,0,0
4602.17,-59484.2,1.33229e-14,2.00806e-13,0,0
4602.17,-59484.2,2.30776e-14,7.61072e-13,0,0
4602.17,-59484.3,2.15848e-14,3.96975e-13,0,0
4602.17,-59484.3,-3.82128e-14,-8.01466e-13,0,0
4602.17,-59484.4,0,-1.86697e-13,0,0
4602.17,-59484.4,0,-3.67616e-13,0,0
4602.17,-59484.5,0,4.70003e-13,0,0
4602.17,-59484.5,-1.9212e-16,8.60301e-13,0,0
4602.17,-59484.6,2.08359e-15,9.19564e-13,0,0
4602.17,-59484.6,-8.38715e-15,4.30799e-13,0,0
4602.17,-59484.6,0,1.50287e-12,0,0
4602.18,-59484.7,1.75996e-14,7.81677e-13,0,0
4602.18,-59484.7,1.62377e-14,5.21857e-13,0,0
4602.18,-59484.8,-9.10641e-15,1.67296e-13,0,0
4602.18,-59484.8,4.83785e-15,4.57648e-13,0,0
4602.18,-59484.9,0,4.51065e-13,0,0
4602.18,-59484.9,-1.51351e-14,2.5125e-13,0,0
4602.18,-59485,5.90564e-14,2.99878e-13,0,0
4602.18,-59485,3.10145e-14,7.42246e-13,0,0
4602.18,-59485,0,1.05254e-12,0,0
4602.18,-59485.1,0,8.32587e-14,0,0
4602.18,-59485.1,5.88479e-14,9.64453e-13,0,0
4602.18,-59485.2,0,8.17211e-13,0,0
4602.18,-59485.2,-1.54238e-14,6.17976e-13,0,0
4602.18,-59485.3,-3.46254e-14,1.79773e-12,0,0
4602.18,-59485.3,-7.53495e-16,-2.63131e-14,0,0
4602.18,-59485.3,-1.75996e-14,1.01223e-12,0,0
4602.18,-59485.4,0,-2.29987e-13,0,0
4602.18,-59485.4,0,-5.19366e-14,0,0
4602.18,-59485.5,0,8.59168e-13,0,0
4602.18,-59485.5,-1.87429e-14,7.95939e-13,0,0
4602.18,-59485.5,-2.24251e-14,2.46384e-13,0,0
4602.18,-59485.6,0,1.52228e-12,0,0
4602.18,-59485.6,0,4.35118e-13,0,0
4602.18,-59485.7,0,7.38013e-13,0,0
4602.18,-59485.7,0,5.93867e-13,0,0
4602.18,-59485.7,-5.42317e-14,3.23185e-15,0,0
4602.18,-59485.8,0,3.8167e-13,0,0
4602.18,-59485.8,0,-2.08948e-13,0,0
4602.18,-59485.9,1.75996e-14,5.49209e-13,0,0
4602.18,-59485.9,1.03213e-14,1.12715e-12,0,0
4602.18,-59485.9,0,1.1776e-13,0,0
4602.18,-59486,-4.39228e-16,6.82369e-15,0,0
4602.18,-59486,0,-4.63173e-14,0,0
4602.18,-59486.1,-1.45357e-15,9.55618e-13,0,0
4602.18,-59486.1,0,6.35029e-13,0,0
4602.18,-59486.1,0,5.80693e-14,0,0
4602.18,-59486.2,3.69667e-14,1.50307e-12,0,0
4602.18,-59486.2,5.37653e-14,4.45334e-13,0,0
4602.18,-59486.2,0,-5.45505e-14,0,0
4602.18,-59486.3,9.4921e-15,1.41406e-12,0,0
4602.18,-59486.3,1.88867e-15,1.20048e-12,0,0
4602.18,-59486.3,0,8.35983e-13,0,0
4602.18,-59486.4,-1.78132e-14,2.20981e-13,0,0
4602.18,-59486.4,0,2.49746e-13,0,0
4602.18,-59486.5,6.88146e-14,4.84243e-13,0,0
4602.18,-59486.5,3.07989e-14,9.62437e-14,0,0
4602.18,-59486.5,-1.84529e-14,5.2853e-13,0,0
4602.18,-59486.6,9.21246e-15,1.42174e-12,0,0
4602.18,-59486.6,3.72321e-14,8.97426e-13,0,0
4602.18,-59486.6,1.84249e-14,1.15986e-12,0,0
4602.18,-59486.7,1.8743e-14,4.02137e-13,0,0
4602.18,-59486.7,-2.27416e-14,-4.95481e-13,0,0
4602.18,-59486.7,-5.00913e-15,-3.37961e-13,0,0
4602.18,-59486.7,-3.0983e-14,1.5179e-12,0,0
4602.18,-59486.8,-2.21271e-14,1.21238e-13,0,0
4602.18,-59486.8,1.8743e-14,1.15989e-12,0,0
4602.18,-59486.8,-4.31666e-15,1.41203e-13,0,0
4602.18,-59486.9,1.8743e-14,-7.60541e-14,0,0
4602.18,-59486.9,0,8.88467e-13,0,0
4602.18,-59486.9,0,8.99514e-13,0,0
4602.18,-59487,-1.62006e-14,-4.72177e-14,0,0
4602.18,-59487,3.42418e-14,6.75239e-13,0,0
4602.18,-59487,0,1.19653e-12,0,0
4602.18,-59487,-6.9687e-14,3.32495e-13,0,0
4602.18,-59487.1,0,4.05329e-13,0,0
4602.18,-59487.1,8.46777e-16,1.07882e-12,0,0
4602.18,-59487.1,1.88322e-14,1.00615e-12,0,0
4602.18,-59487.1,1.13381e-13,1.81499e-13,0,0
4602.18,-59487.2,0,1.65708e-12,0,0
4602.18,-59487.2,1.84529e-14,4.75174e-13,0,0
4602.18,-59487.2,-3.16485e-16,6.48975e-13,0,0
4602.18,-59487.2,6.70791e-15,1.3502e-13,0,0
4602.18,-59487.3,-1.8478e-14,3.43999e-14,0,0
4602.18,-59487.3,-1.08857e-14,1.64621e-12,0,0
4602.17,-59487.3,-6.90352e-15,1.13406e-12,0,0
4602.17,-59487.3,-1.64264e-15,7.83261e-13,0,0
4602.17,-59487.3,2.65065e-16,6.77501e-13,0,0
4602.17,-59487.4,2.18471e-14,-1.54959e-13,0,0
4602.17,-59487.4,1.5957e-14,1.13418e-12,0,0
4602.17,-59487.4,-9.10145e-15,2.9335e-13,0,0
4602.17,-59487.4,-3.81294e-14,1.50259e-12,0,0
4602.17,-59487.4,1.84249e-14,1.51021e-12,0,0
4602.17,-59487.5,0,1.98138e-12,0,0
4602.17,-59487.5,-3.22416e-14,4.96045e-14,0,0
4602.17,-59487.5,-9.49315e-14,-1.46707e-13,0,0
4602.17,-59487.5,0,-9.3346e-14,0,0
4602.17,-59487.5,0,3.91907e-13,0,0
4602.17,-59487.6,2.12096e-14,4.31628e-13,0,0
4602.17,-59487.6,0,4.89447e-13,0,0
4602.17,-59487.6,0,-2.67267e-13,0,0
4602.17,-59487.6,1.57296e-13,2.66357e-13,0,0
4602.17,-59487.6,0,7.08359e-13,0,0
4602.17,-59487.6,3.06447e-14,7.87146e-13,0,0
4602.17,-59487.6,0,6.29475e-13,0,0
4602.17,-59487.7,1.77117e-14,-3.44505e-13,0,0
4602.17,-59487.7,1.85015e-14,7.02379e-13,0,0
4602.17,-59487.7,1.8743e-14,3.09489e-13,0,0
4602.17,-59487.7,-9.47253e-15,7.32509e-15,0,0
4602.17,-59487.7,-1.77117e-14,-8.21117e-14,0,0
4602.17,-59487.7,0,-1.91903e-13,0,0
4602.17,-59487.7,-1.877e-14,-7.31208e-13,0,0
4602.16,-59487.7,0,8.66658e-13,0,0
4602.16,-59487.7,1.88001e-14,1.43265e-12,0,0
4602.16,-59487.8,0,3.5301e-14,0,0
4602.16,-59487.8,4.98327e-14,3.53164e-13,0,0
4602.16,-59487.8,0,-4.25422e-13,0,0
4602.16,-59487.8,0,2.11302e-13,0,0
4602.16,-59487.8,-4.33478e-14,-2.8835e-13,0,0
4602.16,-59487.8,0,4.56947e-13,0,0
4602.16,-59487.8,6.08079e-14,7.49839e-13,0,0
4602.16,-59487.8,2.50744e-14,1.28783e-12,0,0
4602.16,-59487.8,0,2.34479e-13,0,0
4602.16,-59487.8,-2.02306e-15,9.51812e-13,0,0
4602.16,-59487.8,0,-9.41356e-14,0,0
4602.16,-59487.8,-1.8453e-14,8.4609e-14,0,0
4602.16,-59487.8,-1.51352e-14,2.0689e-13,0,0
4602.16,-59487.8,0,4.29984e-13,0,0
4602.16,-59487.8,1.01155e-13,5.89339e-14,0,0
4602.16,-59487.8,-1.02895e-14,1.44273e-13,0,0
4602.16,-59487.8,0,1.31507e-12,0,0
4602.16,-59487.8,-1.88001e-14,1.71937e-12,0,0
4602.16,-59487.8,-8.09687e-15,2.23803e-13,0,0
4602.16,-59487.9,-5.70725e-17,5.70621e-13,0,0
4602.16,-59487.9,2.15849e-14,3.53073e-13,0,0
4602.15,-59487.9,-1.8453e-14,1.01333e-12,0,0
4602.15,-59487.9,-3.43905e-14,6.61604e-13,0,0
4602.15,-59487.9,-4.12574e-14,1.27499e-12,0,0
4602.15,-59487.9,-2.78571e-14,4.61581e-13,0,0
4602.15,-59487.9,-3.017e-14,-2.9865e-13,0,0
4602.15,-59487.9,0,3.31762e-13,0,0
4602.15,-59487.8,2.18471e-14,7.98495e-13,0,0
4602.15,-59487.8,2.66131e-14,3.52864e-13,0,0
4602.15,-59487.8,0,1.05916e-12,0,0
4602.15,-59487.8,0,1.25104e-13,0,0
4602.15,-59487.8,0,7.96079e-13,0,0
4602.15,-59487.8,9.40007e-15,5.43802e-13,0,0
4602.15,-59487.8,1.877e-14,-2.42123e-13,0,0
4602.15,-59487.8,0,1.25031e-12,0,0
4602.15,-59487.8,0,1.00064e-12,0,0
4602.15,-59487.8,0,8.8952e-13,0,0
4602.15,-59487.8,0,6.01501e-13,0,0
4602.15,-59487.8,0,8.85212e-13,0,0
4602.15,-59487.8,0,5.39781e-13,0,0
4602.15,-59487.8,0,1.13653e-12,0,0
4602.15,-59487.8,-9.4927e-15,6.89996e-14,0,0
4602.15,-59487.8,-1.51352e-14,2.76178e-13,0,0
4602.15,-59487.8,0,4.17091e-13,0,0
4602.15,-59487.8,1.78132e-14,5.99213e-13,0,0
4602.14,-59487.8,-2.18472e-14,6.35311e-13,0,0
4602.14,-59487.8,0,9.81694e-13,0,0
4602.14,-59487.8,-3.25626e-16,1.24946e-13,0,0
4602.14,-59487.7,-2.15849e-14,5.03045e-13,0,0
4602.14,-59487.7,-2.18472e-14,1.15814e-12,0,0
4602.14,-59487.7,-2.2851e-14,1.275e-13,0,0
4602.14,-59487.7,0,8.34859e-13,0,0
4602.14,-59487.7,1.8478e-14,1.45977e-12,0,0
4602.14,-59487.7,-2.46303e-14,6.65407e-13,0,0
4602.14,-59487.7,0,1.47454e-12,0,0
4602.14,-59487.7,-1.64299e-14,1.21456e-12,0,0
4602.14,-59487.7,0,5.23668e-13,0,0
4602.14,-59487.7,-2.18472e-14,1.92772e-12,0,0
4602.14,-59487.6,1.54239e-14,5.22688e-13,0,0
4602.14,-59487.6,5.2645e-15,-7.35412e-13,0,0
4602.14,-59487.6,0,-5.08933e-13,0,0
4602.14,-59487.6,-1.62006e-14,6.4057e-13,0,0
4602.14,-59487.6,1.87431e-14,-4.68551e-14,0,0
4602.14,-59487.6,0,-4.67205e-13,0,0
4602.14,-59487.6,0,-1.16428e-14,0,0
4602.14,-59487.6,0,-4.35199e-14,0,0
4602.14,-59487.6,-1.88642e-14,7.46072e-13,0,0
4602.14,-59487.5,0,7.36716e-13,0,0
4602.14,-59487.5,0,6.52193e-13,0,0
4602.14,-59487.5,0,1.46673e-12,0,0
4602.14,-59487.5,-1.88322e-14,1.1739e-12,0,0
4602.14,-59487.5,0,5.59436e-13,0,0
4602.13,-59487.5,1.8058e-14,5.27159e-13,0,0
4602.13,-59487.5,0,1.17098e-12,0,0
4602.13,-59487.5,1.79038e-14,6.53169e-14,0,0
4602.13,-59487.4,1.41321e-14,5.85481e-13,0,0
4602.13,-59487.4,0,-7.32812e-13,0,0
4602.13,-59487.4,-1.75996e-14,2.09636e-13,0,0
4602.13,-59487.4,-1.79854e-14,3.37191e-13,0,0
4602.13,-59487.4,-2.30777e-14,1.91261e-12,0,0
4602.13,-59487.4,-3.44687e-14,4.5892e-13,0,0
4602.13,-59487.4,0,-1.17167e-13,0,0
4602.13,-59487.3,-1.56986e-14,1.13533e-13,0,0
4602.13,-59487.3,-3.73172e-14,6.31753e-13,0,0
4602.13,-59487.3,-3.7248e-14,5.53106e-13,0,0
4602.13,-59487.3,0,-4.82545e-14,0,0
4602.13,-59487.3,8.07907e-14,-7.12447e-14,0,0
4602.13,-59487.3,0,9.93995e-13,0,0
4602.13,-59487.3,-1.62006e-14,6.67515e-13,0,0
4602.13,-59487.2,0,2.04386e-13,0,0
4602.13,-59487.2,8.90661e-15,4.12592e-13,0,0
4602.13,-59487.2,0,4.37845e-14,0,0
4602.13,-59487.2,8.4575e-14,-2.65109e-13,0,0
4602.13,-59487.2,-1.14518e-15,-1.24751e-13,0,0
4602.13,-59487.2,0,-7.85667e-13,0,0
4602.13,-59487.2,-1.21999e-14,9.16817e-13,0,0
4602.13,-59487.1,0,-5.65509e-13,0,0
4602.13,-59487.1,0,-1.5994e-13,0,0
4602.13,-59487.1,0,9.34088e-14,0,0
4602.13,-59487.1,1.87431e-14,1.1809e-12,0,0
4602.13,-59487.1,-1.77117e-14,7.33073e-13,0,0
4602.13,-59487.1,-4.0355e-14,-4.27651e-13,0,0
4602.13,-59487,6.07101e-14,8.00777e-13,0,0
4602.13,-59487,0,6.26882e-13,0,0
4602.13,-59487,0,4.08678e-13,0,0
4602.13,-59487,1.877e-14,6.75961e-13,0,0
4602.13,-59487,-7.52565e-14,2.05018e-14,0,0
4602.13,-59487,-3.46535e-14,4.03171e-13,0,0
4602.13,-59486.9,8.54544e-14,1.55822e-12,0,0
4602.13,-59486.9,-8.92178e-15,-5.84794e-13,0,0
4602.13,-59486.9,4.06109e-14,-2.3786e-13,0,0
4602.13,-59486.9,1.77117e-14,7.20393e-13,0,0
4602.13,-59486.9,0,-4.83334e-13,0,0
4602.13,-59486.9,9.21247e-15,5.84949e-13,0,0
4602.13,-59486.9,3.28328e-15,6.80846e-13,0,0
4602.13,-59486.8,-2.42108e-14,4.21705e-13,0,0
4602.13,-59486.8,-3.16487e-16,-3.55342e-13,0,0
4602.13,-59486.8,0,4.20915e-13,0,0
4602.12,-59486.8,0,7.03193e-13,0,0
4602.12,-59486.8,0,5.50221e-13,0,0
4602.12,-59486.8,0,4.72759e-13,0,0
4602.12,-59486.7,0,-4.28883e-13,0,0
4602.12,-59486.7,1.8743e-14,-6.79708e-14,0,0
4602.12,-59486.7,0,3.23281e-13,0,0
4602.12,-59486.7,0,7.61023e-13,0,0
4602.12,-59486.7,0,6.57826e-13,0,0
4602.12,-59486.7,-2.74534e-14,3.05882e-13,0,0
4602.12,-59486.7,-1.84779e-14,7.31068e-13,0,0
4602.12,-59486.6,1.88322e-14,1.00028e-12,0,0
4602.12,-59486.6,0,-4.04992e-14,0,0
4602.12,-59486.6,-1.78132e-14,7.50595e-13,0,0
4602.12,-59486.6,-2.18472e-14,5.34234e-13,0,0
4602.12,-59486.6,0,-3.27554e-13,0,0
4602.12,-59486.6,1.79854e-14,1.26685e-12,0,0
4602.12,-59486.6,-2.38118e-14,1.17402e-12,0,0
4602.12,-59486.5,2.86963e-14,-8.28324e-13,0,0
4602.12,-59486.5,0,1.81503e-12,0,0
4602.12,-59486.5,-5.8346e-15,-5.14855e-13,0,0
4602.12,-59486.5,0,1.5546e-12,0,0
4602.12,-59486.5,-7.52566e-14,1.23516e-13,0,0
4602.12,-59486.5,0,8.65854e-14,0,0
4602.12,-59486.5,-3.0559e-14,9.60639e-13,0,0
4602.12,-59486.4,1.5957e-14,3.90987e-13,0,0
4602.12,-59486.4,0,5.27994e-13,0,0
4602.12,-59486.4,1.66422e-14,8.03524e-13,0,0
4602.12,-59486.4,0,8.82046e-14,0,0
4602.12,-59486.4,0,2.09795e-12,0,0
4602.12,-59486.4,3.92357e-14,6.53041e-13,0,0
4602.12,-59486.4,0,8.72382e-13,0,0
4602.12,-59486.4,0,3.38244e-13,0,0
4602.12,-59486.3,0,7.95121e-13,0,0
4602.12,-59486.3,0,6.31851e-13,0,0
4602.12,-59486.3,-9.80348e-15,-8.31747e-14,0,0
4602.12,-59486.3,-1.56986e-14,5.35343e-13,0,0
4602.12,-59486.3,0,6.31223e-13,0,0
4602.12,-59486.3,-1.89034e-14,1.15718e-12,0,0
4602.12,-59486.3,1.14342e-15,2.59741e-13,0,0
4602.12,-59486.3,-1.51113e-15,2.80742e-13,0,0
4602.12,-59486.2,1.5957e-14,4.76908e-13,0,0
4602.12,-59486.2,0,8.75768e-13,0,0
4602.12,-59486.2,3.63696e-14,-6.6835e-13,0,0
4602.12,-59486.2,0,-1.35501e-13,0,0
4602.12,-59486.2,-9.23897e-15,3.55808e-13,0,0
4602.12,-59486.2,0,-2.84493e-13,0,0
4602.12,-59486.2,-1.88642e-14,6.66342e-13,0,0
4602.12,-59486.2,2.18472e-14,-5.62339e-14,0,0
4602.12,-59486.2,1.877e-14,-2.62044e-13,0,0
4602.12,-59486.1,-1.84529e-14,3.41885e-13,0,0
4602.12,-59486.1,1.79038e-14,1.05967e-12,0,0
4602.12,-59486.1,0,1.48782e-12,0,0
4602.12,-59486.1,-2.1585e-14,-1.94765e-13,0,0
4602.12,-59486.1,0,7.5917e-13,0,0
4602.12,-59486.1,0,1.04212e-12,0,0
4602.12,-59486.1,7.39966e-14,9.42731e-14,0,0
4602.12,-59486.1,-7.6316e-14,1.01294e-12,0,0
4602.12,-59486.1,0,3.54567e-13,0,0
4602.12,-59486.1,-3.20268e-14,6.99833e-13,0,0
4602.12,-59486,-2.24253e-14,1.23708e-12,0,0
4602.12,-59486,0,2.6635e-13,0,0
4602.12,-59486,-1.45299e-14,6.33566e-13,0,0
4602.12,-59486,-1.77117e-14,2.66393e-13,0,0
4602.12,-59486,-3.73336e-14,7.00558e-14,0,0
4602.12,-59486,0,8.61506e-13,0,0
4602.12,-59486,-7.65068e-14,2.333e-13,0,0
4602.13,-59486,0,2.09124e-12,0,0
4602.13,-59486,0,8.38606e-13,0,0
4602.13,-59486,2.09499e-15,1.19376e-13,0,0
4602.13,-59486,0,3.86914e-13,0,0
4602.13,-59486,-1.84249e-14,1.66964e-12,0,0
4602.13,-59485.9,-1.84529e-14,2.08003e-13,0,0
4602.13,-59485.9,0,1.42944e-12,0,0
4602.13,-59485.9,-2.24253e-14,1.05141e-12,0,0
4602.13,-59485.9,4.0328e-14,1.0315e-12,0,0
4602.13,-59485.9,0,3.17371e-13,0,0
4602.13,-59485.9,-3.76036e-14,-4.18512e-13,0,0
4602.13,-59485.9,0,7.95564e-13,0,0
4602.13,-59485.9,2.18472e-14,-6.07019e-13,0,0
4602.13,-59485.9,-1.84249e-14,1.01209e-13,0,0
4602.13,-59485.9,-9.22646e-15,8.18908e-13,0,0
4602.13,-59485.9,0,1.11458e-12,0,0
4602.13,-59485.9,-1.65186e-14,5.42604e-13,0,0
4602.13,-59485.9,1.88001e-14,9.55224e-13,0,0
4602.13,-59485.9,0,6.87641e-13,0,0
4602.13,-59485.9,-9.23896e-15,3.54732e-13,0,0
4602.13,-59485.9,-7.89395e-14,1.43867e-13,0,0
4602.13,-59485.8,-1.54238e-14,-1.23854e-13,0,0
4602.13,-59485.8,0,8.42682e-13,0,0
4602.13,-59485.8,0,3.79174e-13,0,0
4602.13,-59485.8,0,2.65964e-13,0,0
4602.13,-59485.8,1.877e-14,5.59563e-13,0,0
4602.13,-59485.8,2.34342e-14,-5.86724e-14,0,0
4602.13,-59485.8,0,4.91784e-13,0,0
4602.13,-59485.8,0,8.78866e-13,0,0
4602.13,-59485.8,0,4.35803e-13,0,0
4602.13,-59485.8,-8.99267e-15,9.95721e-14,0,0
4602.13,-59485.8,7.13251e-16,1.42008e-13,0,0
4602.13,-59485.8,7.8493e-15,-2.19985e-13,0,0
4602.13,-59485.8,-4.14847e-14,-4.12405e-13,0,0
4602.13,-59485.8,0,7.17203e-13,0,0
4602.13,-59485.8,0,7.69083e-13,0,0
4602.13,-59485.8,1.877e-14,-8.53324e-14,0,0
4602.13,-59485.8,8.7832e-16,1.09363e-12,0,0
4602.13,-59485.8,-1.32894e-15,5.12805e-14,0,0
4602.13,-59485.8,4.62153e-14,6.16526e-13,0,0
4602.13,-59485.8,-2.52079e-14,9.23702e-13,0,0
4602.13,-59485.8,-3.38486e-15,1.17138e-12,0,0
4602.13,-59485.8,-1.78132e-14,-6.89612e-13,0,0
4602.13,-59485.8,2.24252e-14,8.79739e-13,0,0
4602.13,-59485.8,2.78605e-15,9.27658e-13,0,0
4602.13,-59485.8,1.5957e-14,6.40968e-13,0,0
4602.13,-59485.8,-3.66468e-14,3.24932e-13,0,0
4602.13,-59485.8,1.88001e-14,1.44182e-12,0,0
4602.13,-59485.8,0,1.58161e-13,0,0
4602.13,-59485.8,-1.85234e-14,4.37275e-13,0,0
4602.13,-59485.8,0,1.42612e-12,0,0
4602.13,-59485.8,-7.90141e-14,6.435e-13,0,0
4602.13,-59485.8,1.5957e-14,-4.10263e-13,0,0
4602.13,-59485.8,0,1.15995e-12,0,0
4602.13,-59485.8,1.26783e-14,7.42092e-14,0,0
4602.13,-59485.8,0,7.67385e-13,0,0
4602.13,-59485.8,0,-2.11863e-13,0,0
4602.13,-59485.8,1.49843e-14,-2.48267e-13,0,0
4602.13,-59485.8,-1.85015e-14,1.34384e-12,0,0
4602.13,-59485.8,0,-1.78752e-13,0,0
4602.13,-59485.8,-1.38908e-14,-9.20284e-13,0,0
4602.13,-59485.8,-9.23896e-15,7.62523e-13,0,0
4602.13,-59485.8,-6.22136e-14,4.59515e-13,0,0
4602.13,-59485.8,1.66421e-14,-2.04578e-13,0,0
4602.13,-59485.8,-8.45074e-14,3.19807e-13,0,0
4602.13,-59485.8,0,2.04953e-13,0,0
4602.13,-59485.8,1.84529e-14,-5.47048e-14,0,0
4602.13,-59485.8,-1.77925e-14,6.08641e-13,0,0
4602.13,-59485.8,8.95188e-15,2.64747e-13,0,0
4602.13,-59485.8,6.88147e-14,4.04108e-13,0,0
4602.13,-59485.8,-9.25073e-15,3.64008e-13,0,0
4602.13,-59485.8,1.8743e-14,-8.5683e-13,0,0
4602.13,-59485.8,3.32719e-15,4.30297e-13,0,0
4602.14,-59485.8,0,7.20842e-13,0,0
4602.14,-59485.8,9.15996e-14,9.33144e-13,0,0
4602.14,-59485.8,-3.23253e-14,4.45012e-14,0,0
4602.14,-59485.8,0,1.36122e-12,0,0
4602.14,-59485.8,-9.3e-15,3.5082e-13,0,0
4602.14,-59485.8,0,4.82896e-13,0,0
4602.14,-59485.8,2.81301e-15,3.55711e-13,0,0
4602.14,-59485.8,-3.6122e-15,4.60352e-13,0,0
4602.14,-59485.8,0,5.90252e-14,0,0
4602.14,-59485.8,-1.01415e-13,1.02237e-12,0,0
4602.14,-59485.8,6.85271e-16,-4.17358e-13,0,0
4602.14,-59485.8,9.41608e-15,7.0221e-13,0,0
4602.14,-59485.8,-4.04151e-14,9.08605e-13,0,0
4602.14,-59485.8,-1.88322e-14,4.2e-13,0,0
4602.14,-59485.8,0,1.40543e-13,0,0
4602.14,-59485.8,-3.50647e-14,8.22486e-13,0,0
4602.14,-59485.8,2.78223e-15,-3.10197e-13,0,0
4602.14,-59485.8,0,-2.15755e-13,0,0
4602.14,-59485.8,0,5.59451e-13,0,0
4602.14,-59485.8,-3.32718e-15,3.05488e-13,0,0
4602.14,-59485.8,0,1.32415e-13,0,0
4602.14,-59485.8,0,-5.42437e-13,0,0
4602.14,-59485.8,0,5.59043e-13,0,0
4602.14,-59485.9,-3.41765e-14,-6.0125e-14,0,0
4602.14,-59485.9,-1.84529e-14,4.54582e-13,0,0
4602.14,-59485.9,0,7.96496e-13,0,0
4602.14,-59485.9,-1.64298e-14,1.1082e-12,0,0
4602.14,-59485.9,0,8.62147e-13,0,0
4602.14,-59485.9,-1.85015e-14,-3.07346e-14,0,0
4602.14,-59485.9,1.88001e-14,-1.99634e-14,0,0
4602.14,-59485.9,0,1.65878e-12,0,0
4602.14,-59485.9,-5.39396e-14,7.38297e-13,0,0
4602.14,-59485.9,-2.15849e-14,-9.85299e-14,0,0
4602.14,-59485.9,0,1.04165e-12,0,0
4602.14,-59485.9,-1.79038e-14,5.50824e-13,0,0
4602.14,-59485.9,2.43432e-15,-1.83794e-13,0,0
4602.14,-59485.9,0,9.45637e-13,0,0
4602.14,-59485.9,0,-1.25061e-13,0,0
4602.14,-59485.9,0,1.01913e-12,0,0
4602.14,-59485.9,-1.78132e-14,3.76091e-13,0,0
4602.14,-59485.9,0,2.18126e-13,0,0
4602.14,-59485.9,0,1.45209e-12,0,0
4602.14,-59485.9,8.2631e-14,2.19448e-13,0,0
4602.14,-59485.9,1.77116e-14,9.79394e-13,0,0
4602.14,-59485.9,0,5.22914e-13,0,0
4602.14,-59486,0,-5.40034e-13,0,0
4602.14,-59486,-8.7998e-15,2.26133e-13,0,0
4602.14,-59486,1.79853e-14,3.25622e-13,0,0
4602.14,-59486,1.32055e-14,5.03267e-13,0,0
4602.14,-59486,4.65282e-15,4.7109e-13,0,0
4602.14,-59486,0,2.94036e-13,0,0
4602.14,-59486,-1.8743e-14,1.1328e-12,0,0
4602.14,-59486,-1.84249e-14,1.07507e-12,0,0
4602.14,-59486,0,1.2728e-12,0,0
4602.14,-59486,0,1.46196e-13,0,0
4602.14,-59486,-3.9864e-14,6.78776e-13,0,0
4602.14,-59486,-1.84249e-14,-2.79829e-15,0,0
4602.14,-59486,3.88551e-14,3.91197e-13,0,0
4602.14,-59486,-3.62381e-14,-1.56842e-13,0,0
4602.14,-59486,0,9.44926e-14,0,0
4602.14,-59486,-1.8743e-14,8.40623e-13,0,0
4602.14,-59486,-3.87763e-14,6.78642e-13,0,0
4602.14,-59486,-9.27853e-15,-1.03288e-12,0,0
4602.14,-59486,0,3.6168e-13,0,0
4602.14,-59486,9.22646e-15,5.64169e-13,0,0
4602.14,-59486.1,1.06531e-13,-1.19086e-13,0,0
4602.14,-59486.1,-8.07932e-14,1.20197e-12,0,0
4602.14,-59486.1,9.32769e-15,-4.00645e-13,0,0
4602.14,-59486.1,3.01134e-17,1.02046e-12,0,0
4602.14,-59486.1,9.22646e-15,7.64587e-14,0,0
4602.14,-59486.1,-2.21272e-14,5.16219e-13,0,0
4602.14,-59486.1,0,4.45808e-13,0,0
4602.14,-59486.1,0,7.04153e-13,0,0
4602.14,-59486.1,1.79038e-14,7.45059e-13,0,0
4602.14,-59486.1,0,4.85608e-13,0,0
4602.14,-59486.1,0,1.17122e-12,0,0
4602.14,-59486.1,0,8.77915e-13,0,0
4602.14,-59486.1,6.16107e-15,3.00066e-13,0,0
4602.14,-59486.1,0,2.46903e-14,0,0
4602.14,-59486.1,1.54238e-14,-9.73666e-14,0,0
4602.14,-59486.1,1.48396e-14,-4.07655e-13,0,0
4602.14,-59486.1,-1.11996e-13,9.4281e-13,0,0
4602.14,-59486.1,0,5.48614e-13,0,0
4602.14,-59486.1,1.79038e-14,5.04108e-13,0,0
4602.14,-59486.2,1.32055e-14,6.12845e-13,0,0
4602.14,-59486.2,0,7.03245e-13,0,0
4602.14,-59486.2,0,2.51623e-13,0,0
4602.14,-59486.2,0,3.50278e-14,0,0
4602.14,-59486.2,1.8743e-14,5.00263e-13,0,0
4602.14,-59486.2,-1.8743e-14,4.76812e-13,0,0
4602.14,-59486.2,0,8.64213e-14,0,0
4602.14,-59486.2,1.28387e-14,-7.80971e-14,0,0
4602.14,-59486.2,0,1.31635e-12,0,0
4602.14,-59486.2,2.75273e-15,2.93557e-13,0,0
4602.14,-59486.2,-3.78461e-15,-4.07961e-13,0,0
4602.14,-59486.2,1.88127e-14,-3.38218e-13,0,0
4602.14,-59486.2,1.53245e-15,9.03314e-13,0,0
4602.14,-59486.2,-9.28388e-16,8.0932e-13,0,0
4602.14,-59486.2,1.94563e-14,1.02479e-13,0,0
4602.14,-59486.2,2.92043e-16,3.42333e-13,0,0
4602.14,-59486.2,0,1.5491e-12,0,0
4602.14,-59486.2,0,3.0514e-13,0,0
4602.14,-59486.2,1.2818e-15,-3.48158e-13,0,0
4602.14,-59486.2,3.68778e-14,6.14893e-13,0,0
4602.14,-59486.3,-8.89251e-15,4.54946e-13,0,0
4602.14,-59486.3,1.48396e-14,1.27187e-12,0,0
4602.14,-59486.3,1.88322e-14,-8.89779e-14,0,0
4602.14,-59486.3,0,-2.42508e-13,0,0
4602.14,-59486.3,-1.11754e-14,2.68006e-14,0,0
4602.14,-59486.3,-1.84249e-14,4.94302e-14,0,0
4602.14,-59486.3,9.37151e-15,1.46587e-12,0,0
4602.14,-59486.3,-5.90435e-15,-5.35296e-14,0,0
4602.14,-59486.3,5.86317e-14,1.51457e-12,0,0
4602.14,-59486.3,0,-2.08519e-13,0,0
4602.14,-59486.3,1.88322e-14,-6.6621e-13,0,0
4602.14,-59486.3,-1.8743e-14,-4.2064e-13,0,0
4602.14,-59486.3,0,1.08463e-12,0,0
4602.14,-59486.3,-1.35553e-14,4.28422e-13,0,0
4602.14,-59486.3,1.17036e-15,-2.67034e-14,0,0
4602.14,-59486.3,1.75996e-14,3.29977e-13,0,0
4602.14,-59486.3,-1.877e-14,4.70501e-13,0,0
4602.14,-59486.3,-1.5957e-14,1.11149e-13,0,0
4602.14,-59486.3,0,8.54037e-14,0,0
4602.14,-59486.3,1.77117e-14,7.92316e-13,0,0
4602.14,-59486.3,0,-1.8183e-13,0,0
4602.14,-59486.3,1.84779e-14,1.64823e-13,0,0
4602.14,-59486.3,0,3.55356e-13,0,0
4602.14,-59486.3,-1.78132e-14,6.9641e-13,0,0
4602.14,-59486.4,1.80579e-14,3.61238e-13,0,0
4602.14,-59486.4,0,3.42688e-13,0,0
4602.14,-59486.4,-5.68052e-14,9.40553e-13,0,0
4602.14,-59486.4,0,1.34066e-12,0,0
4602.14,-59486.4,0,-2.00858e-14,0,0
4602.14,-59486.4,-2.30777e-14,3.54261e-13,0,0
4602.14,-59486.4,0,5.4833e-16,0,0
4602.14,-59486.4,0,1.05511e-12,0,0
4602.14,-59486.4,-3.75701e-14,1.12602e-12,0,0
4602.14,-59486.4,9.38499e-15,5.58699e-13,0,0
4602.14,-59486.4,4.40571e-15,-2.12897e-13,0,0
4602.14,-59486.4,0,5.27873e-13,0,0
4602.14,-59486.4,-2.30777e-14,1.99268e-15,0,0
4602.14,-59486.4,0,1.74577e-13,0,0
4602.14,-59486.4,-5.89017e-15,-1.56287e-14,0,0
4602.14,-59486.4,1.87464e-14,6.57362e-14,0,0
4602.14,-59486.4,-2.55347e-14,3.76501e-13,0,0
4602.14,-59486.4,-1.79115e-14,1.09281e-12,0,0
4602.14,-59486.4,0,-2.05694e-13,0,0
4602.14,-59486.4,0,-5.65418e-13,0,0
4602.14,-59486.4,-1.877e-14,1.64323e-13,0,0
4602.14,-59486.4,0,1.02603e-12,0,0
4602.14,-59486.4,1.79854e-14,1.12899e-12,0,0
4602.14,-59486.4,0,-1.74774e-13,0,0
4602.14,-59486.4,2.18471e-14,-5.20673e-13,0,0
4602.14,-59486.4,0,-9.64203e-14,0,0
4602.14,-59486.4,1.79038e-14,8.86064e-13,0,0
4602.14,-59486.4,0,6.54244e-13,0,0
4602.14,-59486.4,0,2.84397e-13,0,0
4602.14,-59486.4,9.40005e-15,9.47674e-13,0,0
4602.14,-59486.4,1.5957e-14,7.49683e-14,0,0
4602.14,-59486.4,-7.96006e-14,2.52252e-13,0,0
4602.14,-59486.4,-6.39739e-16,-4.02523e-13,0,0
4602.14,-59486.4,-2.21272e-14,9.79251e-13,0,0
4602.14,-59486.4,0,-1.56758e-14,0,0
4602.14,-59486.4,-8.79981e-15,1.223e-12,0,0
4602.14,-59486.4,0,-8.79887e-14,0,0
4602.14,-59486.5,0,-2.28683e-13,0,0
4602.14,-59486.5,-6.36644e-14,1.15712e-13,0,0
4602.14,-59486.5,2.77037e-14,2.11664e-13,0,0
4602.14,-59486.5,1.89034e-14,6.48508e-13,0,0
4602.14,-59486.5,-1.88642e-14,4.06219e-13,0,0
4602.14,-59486.5,0,4.34768e-13,0,0
4602.14,-59486.5,-7.84931e-15,-2.21834e-13,0,0
4602.14,-59486.5,-7.97849e-15,3.79579e-13,0,0
4602.14,-59486.5,3.36921e-15,-3.59219e-13,0,0
4602.14,-59486.5,-1.877e-14,9.29154e-13,0,0
4602.14,-59486.5,0,2.86037e-13,0,0
4602.14,-59486.5,0,1.50224e-12,0,0
4602.14,-59486.5,0,1.64342e-12,0,0
4602.14,-59486.5,-2.46794e-15,-2.62713e-13,0,0
4602.14,-59486.5,1.84779e-14,1.14895e-13,0,0
4602.14,-59486.5,4.0063e-14,1.18337e-14,0,0
4602.14,-59486.5,-1.77117e-14,9.62968e-13,0,0
4602.14,-59486.5,0,7.27749e-13,0,0
4602.14,-59486.5,1.85015e-14,-6.08835e-13,0,0
4602.14,-59486.5,-1.37764e-14,-9.24547e-14,0,0
4602.14,-59486.5,-6.18206e-15,-1.79583e-14,0,0
4602.14,-59486.5,1.88001e-14,-2.71009e-13,0,0
4602.14,-59486.5,0,6.637e-14,0,0
4602.14,-59486.5,0,5.95619e-13,0,0
4602.14,-59486.5,1.79038e-14,1.53931e-12,0,0
4602.14,-59486.5,6.36152e-14,1.9168e-13,0,0
4602.14,-59486.5,0,-3.51459e-14,0,0
4602.14,-59486.5,1.28387e-14,5.08383e-13,0,0
4602.14,-59486.5,1.80579e-14,1.12464e-13,0,0
4602.14,-59486.5,-4.93948e-14,-1.25104e-13,0,0
4602.14,-59486.5,7.10738e-15,1.46544e-13,0,0
4602.14,-59486.5,1.78132e-14,-1.61505e-13,0,0
4602.14,-59486.5,0,6.69114e-13,0,0
4602.14,-59486.5,0,5.27769e-13,0,0
4602.14,-59486.5,4.33097e-16,8.11142e-13,0,0
4602.14,-59486.5,0,6.80573e-14,0,0
4602.14,-59486.5,1.03654e-13,-1.15356e-14,0,0
4602.14,-59486.5,0,6.51444e-13,0,0
4602.14,-59486.5,4.02499e-14,8.63083e-13,0,0
4602.14,-59486.5,0,1.03002e-14,0,0
4602.14,-59486.5,0,2.26243e-13,0,0
4602.14,-59486.5,0,1.05108e-12,0,0
4602.14,-59486.5,-3.7221e-14,3.34115e-13,0,0
4602.14,-59486.5,-7.27095e-14,-7.96584e-13,0,0
4602.14,-59486.5,0,-2.33717e-13,0,0
4602.14,-59486.5,0,7.45592e-13,0,0
4602.14,-59486.5,0,1.19456e-13,0,0
4602.14,-59486.5,2.18472e-14,-1.56152e-13,0,0
4602.14,-59486.5,2.24252e-14,1.00639e-12,0,0
4602.14,-59486.5,0,1.1724e-12,0,0
4602.14,-59486.5,0,8.48104e-13,0,0
4602.14,-59486.5,5.13733e-14,9.14731e-13,0,0
4602.14,-59486.5,-2.21273e-14,4.57176e-13,0,0
4602.14,-59486.5,-1.38908e-14,3.76761e-13,0,0
4602.14,-59486.5,0,-3.00075e-13,0,0
4602.14,-59486.5,0,-5.34482e-13,0,0
4602.14,-59486.5,-2.18472e-14,-1.00938e-12,0,0
4602.14,-59486.5,0,8.78963e-13,0,0
4602.14,-59486.5,-3.28975e-15,-1.59795e-13,0,0
4602.14,-59486.5,-3.6297e-14,-2.29136e-13,0,0
4602.14,-59486.5,0,-1.83133e-13,0,0
4602.14,-59486.5,9.43209e-15,3.26253e-13,0,0
4602.14,-59486.5,1.84779e-14,-4.99262e-14,0,0
4602.14,-59486.5,-9.00882e-15,-4.20792e-13,0,0
4602.14,-59486.5,-2.04807e-15,8.28425e-13,0,0
4602.14,-59486.5,0,9.15743e-13,0,0
4602.14,-59486.5,-1.77117e-14,1.1837e-12,0,0
4602.14,-59486.5,4.1578e-14,1.32893e-12,0,0
4602.14,-59486.5,1.71905e-14,-1.10319e-13,0,0
4602.14,-59486.5,0,2.37476e-13,0,0
4602.14,-59486.5,-2.18472e-14,8.4613e-14,0,0
4602.14,-59486.5,-3.55034e-14,2.82057e-13,0,0
4602.14,-59486.5,-1.77117e-14,2.54443e-13,0,0
4602.14,-59486.5,-1.8743e-14,7.81776e-14,0,0
4602.14,-59486.5,0,1.93941e-13,0,0
4602.14,-59486.4,-2.54249e-15,4.79677e-13,0,0
4602.14,-59486.4,-2.01305e-15,5.80643e-13,0,0
4602.14,-59486.4,9.26169e-15,5.25087e-13,0,0
4602.14,-59486.4,3.98325e-14,9.49591e-13,0,0
4602.14,-59486.4,1.8743e-14,3.41032e-13,0,0
4602.14,-59486.4,7.62313e-14,3.00743e-13,0,0
4602.14,-59486.4,1.89034e-14,6.53382e-13,0,0
4602.14,-59486.4,0,1.65291e-12,0,0
4602.14,-59486.4,-2.72073e-15,5.39936e-13,0,0
4602.14,-59486.4,1.877e-14,2.67052e-13,0,0
4602.14,-59486.4,1.79854e-14,8.74377e-13,0,0
4602.14,-59486.4,-3.67855e-14,3.40942e-13,0,0
4602.14,-59486.4,-3.6768e-14,1.1407e-12,0,0
4602.14,-59486.4,-7.10185e-16,-4.75692e-13,0,0
4602.14,-59486.4,-8.79981e-15,7.38382e-13,0,0
4602.14,-59486.4,3.22162e-16,-6.57218e-13,0,0
4602.14,-59486.4,-7.14184e-14,4.93437e-13,0,0
4602.14,-59486.4,0,6.647e-13,0,0
4602.14,-59486.4,0,1.75342e-12,0,0
4602.14,-59486.4,1.78132e-14,6.71384e-13,0,0
4602.14,-59486.4,0,1.04072e-12,0,0
4602.14,-59486.4,-3.76657e-14,-7.79372e-13,0,0
4602.14,-59486.4,3.4507e-16,1.80596e-13,0,0
4602.14,-59486.4,1.38908e-14,-5.06367e-14,0,0
4602.14,-59486.4,8.45751e-14,-1.43677e-15,0,0
4602.14,-59486.4,0,7.55137e-13,0,0
4602.14,-59486.4,6.88288e-16,8.85177e-13,0,0
4602.14,-59486.4,0,4.81491e-14,0,0
4602.14,-59486.4,2.15849e-14,1.10779e-12,0,0
4602.14,-59486.4,0,-1.78315e-13,0,0
4602.14,-59486.4,-3.12633e-14,4.02394e-13,0,0
4602.14,-59486.4,0,6.95114e-13,0,0
4602.14,-59486.4,-2.30777e-14,-1.63104e-13,0,0
4602.14,-59486.4,1.8743e-14,2.46496e-13,0,0
4602.14,-59486.4,-6.83711e-15,4.37708e-13,0,0
4602.14,-59486.4,0,9.8859e-13,0,0
4602.14,-59486.4,0,1.21113e-12,0,0
4602.14,-59486.4,-1.78132e-14,2.79625e-14,0,0
4602.14,-59486.4,6.32321e-15,8.11965e-13,0,0
4602.14,-59486.4,1.84249e-14,4.68874e-13,0,0
4602.14,-59486.4,1.84529e-14,2.30248e-13,0,0
4602.14,-59486.4,-2.42108e-14,1.34546e-12,0,0
4602.14,-59486.4,1.78132e-14,5.04628e-13,0,0
4602.14,-59486.4,0,-8.74322e-13,0,0
4602.14,-59486.4,1.66422e-14,1.06166e-12,0,0
4602.14,-59486.4,0,8.90361e-13,0,0
4602.14,-59486.4,1.88001e-14,1.40012e-12,0,0
4602.14,-59486.4,0,-7.33288e-14,0,0
4602.14,-59486.4,3.81655e-14,1.31355e-12,0,0
4602.14,-59486.4,0,3.93887e-13,0,0
4602.14,-59486.4,-1.84249e-14,6.20217e-13,0,0
4602.14,-59486.4,0,-4.39772e-13,0,0
4602.14,-59486.4,0,-1.49831e-13,0,0
4602.14,-59486.4,2.27417e-14,-1.7548e-13,0,0
4602.14,-59486.4,4.02721e-14,3.13262e-13,0,0
4602.14,-59486.4,0,2.78331e-13,0,0
4602.14,-59486.4,0,-7.72917e-14,0,0
4602.14,-59486.4,0,8.68345e-14,0,0
4602.14,-59486.4,0,-7.27616e-13,0,0
4602.14,-59486.4,0,1.05725e-13,0,0
4602.14,-59486.3,2.50444e-14,2.69345e-15,0,0
4602.14,-59486.3,-1.54238e-14,1.04655e-12,0,0
4602.14,-59486.3,7.61199e-14,-5.73819e-13,0,0
4602.14,-59486.3,3.71959e-14,2.57395e-13,0,0
4602.14,-59486.3,-1.45299e-14,6.75346e-13,0,0
4602.14,-59486.3,-1.85015e-14,1.71688e-13,0,0
4602.14,-59486.3,0,-9.5794e-13,0,0
4602.14,-59486.3,-1.78132e-14,1.05622e-12,0,0
4602.14,-59486.3,-2.15849e-14,-5.21618e-13,0,0
4602.14,-59486.3,0,4.88572e-13,0,0
4602.14,-59486.3,-7.2034e-15,9.97871e-14,0,0
4602.14,-59486.3,-7.8363e-14,6.9753e-14,0,0
4602.14,-59486.3,1.88642e-14,3.1078e-14,0,0
4602.14,-59486.3,2.34342e-14,-1.14333e-13,0,0
4602.14,-59486.3,1.86445e-14,4.9829e-13,0,0
4602.14,-59486.3,8.10027e-15,-3.27692e-13,0,0
4602.14,-59486.3,0,1.05365e-12,0,0
4602.14,-59486.3,0,1.24233e-12,0,0
4602.14,-59486.3,0,5.8524e-13,0,0
4602.14,-59486.3,0,7.69234e-13,0,0
4602.14,-59486.3,0,-5.04883e-13,0,0
4602.14,-59486.3,0,1.53748e-13,0,0
4602.14,-59486.3,0,4.55554e-13,0,0
4602.14,-59486.3,1.84529e-14,-2.53878e-13,0,0
4602.14,-59486.3,1.877e-14,-5.74669e-14,0,0
4602.14,-59486.3,-3.71949e-14,2.66842e-13,0,0
4602.14,-59486.3,3.69028e-14,-4.7246e-14,0,0
4602.14,-59486.3,0,9.25559e-13,0,0
4602.14,-59486.3,-1.38908e-14,6.41282e-13,0,0
4602.14,-59486.3,-9.40005e-15,3.76798e-13,0,0
4602.14,-59486.3,-1.54238e-14,2.93672e-13,0,0
4602.14,-59486.3,0,1.12703e-12,0,0
4602.14,-59486.3,-2.24252e-14,-2.07841e-13,0,0
4602.14,-59486.3,3.71959e-14,2.72072e-13,0,0
4602.14,-59486.3,5.90803e-15,1.24652e-12,0,0
4602.14,-59486.3,0,-3.71869e-13,0,0
4602.14,-59486.3,0,3.31987e-13,0,0
4602.14,-59486.3,7.74204e-15,5.52364e-13,0,0
4602.14,-59486.3,0,6.07108e-13,0,0
4602.14,-59486.3,0,1.70586e-12,0,0
4602.14,-59486.3,-2.27417e-14,-4.99797e-13,0,0
4602.14,-59486.3,0,5.41509e-13,0,0
4602.14,-59486.3,-3.71679e-14,6.78311e-13,0,0
4602.14,-59486.3,0,9.08463e-14,0,0
4602.14,-59486.3,1.77117e-14,7.10144e-13,0,0
4602.14,-59486.3,1.84249e-14,4.05112e-13,0,0
4602.14,-59486.3,1.877e-14,1.89834e-13,0,0
4602.14,-59486.3,1.35553e-14,7.35582e-13,0,0
4602.14,-59486.3,0,3.95673e-13,0,0
4602.14,-59486.3,0,6.04535e-13,0,0
4602.14,-59486.3,0,1.01511e-12,0,0
4602.14,-59486.3,0,-2.19669e-13,0,0
4602.14,-59486.3,-1.84249e-14,4.25671e-13,0,0
4602.14,-59486.3,0,5.77521e-13,0,0
4602.14,-59486.3,0,1.62122e-13,0,0
4602.14,-59486.3,2.15849e-14,1.1736e-12,0,0
4602.14,-59486.3,-1.75996e-14,2.61198e-13,0,0
4602.14,-59486.3,0,1.5205e-12,0,0
4602.14,-59486.3,0,2.41355e-13,0,0
4602.14,-59486.3,-4.5998e-15,-3.95957e-13,0,0
4602.14,-59486.3,1.88322e-14,5.57388e-13,0,0
4602.14,-59486.3,2.55347e-14,7.43537e-13,0,0
4602.14,-59486.3,9.22646e-15,1.69436e-12,0,0
4602.14,-59486.3,0,1.07609e-12,0,0
4602.14,-59486.3,3.15415e-14,1.33433e-13,0,0
4602.14,-59486.3,3.45308e-14,8.48665e-13,0,0
4602.14,-59486.3,-2.27417e-14,2.18917e-13,0,0
4602.14,-59486.3,0,3.19338e-13,0,0
4602.14,-59486.3,0,-6.19241e-14,0,0
4602.14,-59486.3,-9.81155e-14,-5.44529e-13,0,0
4602.14,-59486.3,0,-6.55745e-13,0,0
4602.14,-59486.3,-1.88021e-14,8.18621e-13,0,0
4602.14,-59486.3,-1.79854e-14,3.89548e-13,0,0
4602.14,-59486.3,0,6.86176e-13,0,0
4602.14,-59486.3,0,8.24126e-14,0,0
4602.14,-59486.2,-1.77117e-14,-8.13758e-13,0,0
4602.14,-59486.2,-8.35107e-14,-3.31519e-13,0,0
4602.14,-59486.2,-3.63834e-15,1.71247e-12,0,0
4602.14,-59486.2,0,8.54042e-13,0,0
4602.14,-59486.2,0,-2.6134e-13,0,0
4602.14,-59486.2,0,4.11428e-13,0,0
4602.14,-59486.2,1.08118e-14,-1.61823e-13,0,0
4602.14,-59486.2,0,1.90004e-13,0,0
4602.14,-59486.2,1.88001e-14,-2.01761e-13,0,0
4602.14,-59486.2,0,1.09008e-12,0,0
4602.14,-59486.2,0,4.88391e-13,0,0
4602.14,-59486.2,9.22646e-15,-5.91936e-13,0,0
4602.14,-59486.2,0,1.14413e-12,0,0
4602.14,-59486.2,2.42405e-14,6.5152e-13,0,0
4602.14,-59486.2,2.21273e-14,7.79129e-14,0,0
4602.14,-59486.2,1.75996e-14,8.53231e-13,0,0
4602.14,-59486.2,0,-4.85048e-13,0,0
4602.14,-59486.2,1.877e-14,1.27432e-12,0,0
4602.14,-59486.2,2.38118e-14,-1.19332e-13,0,0
4602.14,-59486.2,-8.01301e-14,1.19459e-12,0,0
4602.14,-59486.2,-1.88322e-14,5.01958e-13,0,0
4602.14,-59486.2,0,2.89983e-13,0,0
4602.14,-59486.2,1.79854e-14,7.6031e-13,0,0
4602.14,-59486.2,1.75996e-14,-6.06499e-13,0,0
4602.14,-59486.2,0,4.90864e-13,0,0
4602.14,-59486.2,-1.8743e-14,3.75056e-13,0,0
4602.14,-59486.2,1.75996e-14,1.10566e-12,0,0
4602.14,-59486.2,0,4.80115e-13,0,0
4602.14,-59486.2,-2.2248e-14,4.75029e-13,0,0
4602.14,-59486.2,0,1.35573e-13,0,0
4602.14,-59486.2,0,9.78618e-13,0,0
4602.14,-59486.2,0,-5.82062e-14,0,0
4602.14,-59486.2,-6.3974e-16,5.48418e-13,0,0
4602.14,-59486.2,1.84249e-14,7.79742e-13,0,0
4602.14,-59486.2,-6.75066e-14,7.10963e-13,0,0
4602.14,-59486.2,0,7.46833e-13,0,0
4602.14,-59486.2,0,5.46881e-13,0,0
4602.14,-59486.2,-2.27417e-14,6.62807e-13,0,0
4602.14,-59486.2,4.07894e-14,4.30828e-13,0,0
4602.14,-59486.2,3.47571e-14,-3.40131e-13,0,0
4602.14,-59486.2,-1.84529e-14,9.18301e-13,0,0
4602.14,-59486.2,2.46304e-14,7.06215e-13,0,0
4602.14,-59486.2,0,5.08589e-13,0,0
4602.14,-59486.2,-9.35456e-14,3.01596e-13,0,0
4602.14,-59486.2,0,7.42629e-13,0,0
4602.14,-59486.2,1.51352e-14,2.37738e-13,0,0
4602.14,-59486.2,1.79038e-14,2.3922e-13,0,0
4602.14,-59486.2,0,3.21774e-13,0,0
4602.14,-59486.2,0,8.98554e-13,0,0
4602.14,-59486.2,0,1.14294e-12,0,0
4602.14,-59486.2,0,1.71276e-12,0,0
4602.14,-59486.2,-1.75996e-14,2.51626e-13,0,0
4602.14,-59486.2,1.82934e-13,4.61129e-13,0,0
4602.14,-59486.2,0,-2.26142e-13,0,0
4602.14,-59486.2,-3.90773e-15,7.06242e-13,0,0
4602.14,-59486.2,1.75996e-14,2.93391e-13,0,0
4602.14,-59486.2,-3.21575e-14,5.33124e-13,0,0
4602.14,-59486.2,1.84529e-14,-2.63622e-13,0,0
4602.14,-59486.2,-1.56986e-14,2.77384e-13,0,0
4602.14,-59486.2,-9.22646e-15,5.41685e-13,0,0
4602.14,-59486.2,0,-3.3025e-13,0,0
4602.14,-59486.2,0,2.66078e-13,0,0
4602.14,-59486.2,9.58131e-14,7.78848e-13,0,0
4602.14,-59486.2,-3.17031e-14,2.99705e-13,0,0
4602.14,-59486.2,2.81591e-14,9.95383e-13,0,0
4602.14,-59486.2,-1.84529e-14,7.86331e-13,0,0
4602.14,-59486.2,-1.89033e-14,9.47504e-13,0,0
4602.14,-59486.2,1.77117e-14,1.60091e-12,0,0
4602.14,-59486.2,-1.75996e-14,-4.62712e-13,0,0
4602.14,-59486.2,8.99268e-15,1.76128e-13,0,0
4602.14,-59486.2,3.07537e-14,2.52431e-13,0,0
4602.14,-59486.2,5.92673e-15,5.26241e-14,0,0
4602.14,-59486.2,0,7.90447e-13,0,0
4602.14,-59486.2,-1.48393e-14,4.88145e-13,0,0
4602.14,-59486.2,1.88642e-14,1.00486e-12,0,0
4602.14,-59486.2,2.32758e-14,9.73999e-14,0,0
