0,0,9.46008e+07,-8.14618e+07,0,0
0,0,9.48214e+07,-8.17818e+07,0,0
0,0,9.50622e+07,-8.16452e+07,0,0
0,-5.25766e-39,9.53228e+07,-8.16049e+07,0,0
0,-2.19972e-32,9.55923e+07,-8.16981e+07,0,0
0,-1.01465e-28,9.58913e+07,-8.18278e+07,0,0
0,-9.88285e-26,9.63256e+07,-8.19417e+07,0,0
0,-1.83928e-23,9.69793e+07,-8.20327e+07,0,0
0,-7.53735e-22,9.77523e+07,-8.21041e+07,0,0
0,-1.08969e-20,9.8473e+07,-8.21597e+07,0,0
0,-5.59699e-20,9.90531e+07,-8.22048e+07,0,0
0,1.26155e-18,9.94712e+07,-8.22523e+07,0,0
0,1.15276e-17,9.97303e+07,-8.23276e+07,0,0
0,-1.00221e-16,9.98526e+07,-8.2465e+07,0,0
0,-3.722e-16,9.98776e+07,-8.26856e+07,0,0
0,-1.32881e-15,9.98473e+07,-8.29772e+07,0,0
0,-4.79742e-13,9.97944e+07,-8.33057e+07,0,0
0,-4.70589e-12,9.97401e+07,-8.36414e+07,0,0
0,-3.82035e-11,9.96997e+07,-8.39681e+07,0,0
0,-1.54087e-10,9.96873e+07,-8.42775e+07,0,0
0,-4.10654e-10,9.9715e+07,-8.45617e+07,0,0
0,-1.02127e-09,9.97864e+07,-8.4811e+07,0,0
0,-2.76495e-09,9.98917e+07,-8.50168e+07,0,0
0,-7.99515e-09,1.00014e+08,-8.51762e+07,0,0
0,-2.26858e-08,1.00137e+08,-8.52944e+07,0,0
0,-6.09222e-08,1.00256e+08,-8.53845e+07,0,0
0,-1.55346e-07,1.00367e+08,-8.54643e+07,0,0
0,-3.77516e-07,1.00471e+08,-8.55516e+07,0,0
0,-8.78216e-07,1.00568e+08,-8.56606e+07,0,0
0,-1.96205e-06,1.00655e+08,-8.57973e+07,0,0
0,-4.2236e-06,1.00731e+08,-8.59597e+07,0,0
0,-8.78765e-06,1.00791e+08,-8.61406e+07,0,0
0,-1.77193e-05,1.00834e+08,-8.63319e+07,0,0
0,-3.47068e-05,1.00861e+08,-8.65277e+07,0,0
0,-6.61684e-05,1.00876e+08,-8.67252e+07,0,0
0,-0.000123,1.00885e+08,-8.69233e+07,0,0
0,-0.000223274,1.00892e+08,-8.71222e+07,0,0
0,-0.000396308,1.009e+08,-8.73217e+07,0,0
0,-0.000688685,1.00909e+08,-8.75214e+07,0,0
0,-0.00117295,1.00919e+08,-8.77202e+07,0,0
0,-0.00195993,1.00928e+08,-8.79165e+07,0,0
0,-0.00321587,1.00936e+08,-8.81094e+07,0,0
0,-0.00518571,1.00943e+08,-8.82984e+07,0,0
0,-0.00822446,1.00949e+08,-8.8484e+07,0,0
0,-0.0128387,1.00955e+08,-8.86672e+07,0,0
0,-0.0197412,1.00962e+08,-8.88488e+07,0,0
0,-0.0299222,1.0097e+08,-8.90294e+07,0,0
0,-0.0447403,1.00981e+08,-8.92094e+07,0,0
0,-0.0660383,1.00993e+08,-8.93891e+07,0,0
0,-0.0962869,1.01007e+08,-8.95688e+07,0,0
0,-0.138762,1.01021e+08,-8.97494e+07,0,0
0,-0.19776,1.01035e+08,-8.99314e+07,0,0
0,-0.278858,1.01046e+08,-9.01156e+07,0,0
0,-0.389221,1.01052e+08,-9.03023e+07,0,0
0,-0.537967,1.01052e+08,-9.04915e+07,0,0
0,-0.736581,1.01045e+08,-9.0683e+07,0,0
0,-0.999399,1.01032e+08,-9.08765e+07,0,0
0,-1.34415,1.01013e+08,-9.10714e+07,0,0
0,-1.79255,1.00992e+08,-9.12672e+07,0,0
0,-2.37103,1.00971e+08,-9.14629e+07,0,0
0,-3.11147,1.0095e+08,-9.16576e+07,0,0
0,-4.05211,1.00931e+08,-9.18506e+07,0,0
0,-5.23854,1.00914e+08,-9.20411e+07,0,0
0,-6.72475,1.00899e+08,-9.22288e+07,0,0
0,-8.57437,1.00886e+08,-9.2414e+07,0,0
0,-10.8618,1.00874e+08,-9.25973e+07,0,0
0,-13.6737,1.00863e+08,-9.27793e+07,0,0
0,-17.1102,1.00852e+08,-9.29608e+07,0,0
0,-21.286,1.0084e+08,-9.31422e+07,0,0
0,-26.3324,1.00825e+08,-9.33238e+07,0,0
0,-32.3984,1.00808e+08,-9.35056e+07,0,0
0,-39.6521,1.00788e+08,-9.36875e+07,0,0
0,-48.2826,1.00764e+08,-9.38694e+07,0,0
0,-58.501,1.00739e+08,-9.40512e+07,0,0
0,-70.5421,1.00711e+08,-9.42329e+07,0,0
0,-84.666,1.00682e+08,-9.44144e+07,0,0
0,-101.159,1.00652e+08,-9.45956e+07,0,0
0,-120.337,1.0062e+08,-9.47765e+07,0,0
0,-142.543,1.00589e+08,-9.4957e+07,0,0
0,-168.154,1.00557e+08,-9.5137e+07,0,0
0,-197.576,1.00524e+08,-9.53161e+07,0,0
0,-231.252,1.00492e+08,-9.54943e+07,0,0
0,-269.659,1.0046e+08,-9.5671e+07,0,0
0,-313.308,1.00428e+08,-9.58462e+07,0,0
0,-362.75,1.00397e+08,-9.60195e+07,0,0
0,-418.572,1.00367e+08,-9.61907e+07,0,0
0,-481.397,1.00337e+08,-9.63599e+07,0,0
0,-551.887,1.00307e+08,-9.6527e+07,0,0
0,-630.742,1.00278e+08,-9.66923e+07,0,0
0,-718.698,1.00248e+08,-9.68561e+07,0,0
0,-816.526,1.00218e+08,-9.70186e+07,0,0
0,-925.035,1.00186e+08,-9.71804e+07,0,0
0,-1045.07,1.00153e+08,-9.7342e+07,0,0
0,-1177.5,1.00118e+08,-9.75036e+07,0,0
0,-1323.25,1.00081e+08,-9.76658e+07,0,0
0,-1483.25,1.00042e+08,-9.78287e+07,0,0
0,-1658.49,1.00002e+08,-9.79922e+07,0,0
0,-1849.98,9.99597e+07,-9.81563e+07,0,0
0,-2058.75,9.99168e+07,-9.83205e+07,0,0
0,-2285.9,9.98731e+07,-9.84843e+07,0,0
0,-2532.53,9.98294e+07,-9.86474e+07,0,0
0,-2799.79,9.97858e+07,-9.88091e+07,0,0
0,-3088.84,9.97428e+07,-9.89691e+07,0,0
0,-3400.88,9.97006e+07,-9.9127e+07,0,0
0,-3737.12,9.96593e+07,-9.92827e+07,0,0
0,-4098.8,9.96187e+07,-9.9436e+07,0,0
0,-4487.19,9.95788e+07,-9.9587e+07,0,0
0,-4903.54,9.95392e+07,-9.97361e+07,0,0
0,-5349.14,9.94996e+07,-9.98834e+07,0,0
0,-5825.29,9.94597e+07,-1.00029e+08,0,0
0,-6333.28,9.94194e+07,-1.00175e+08,0,0
0,-6874.43,9.93782e+07,-1.00319e+08,0,0
0,-7450.06,9.93362e+07,-1.00464e+08,0,0
0,-8061.49,9.92931e+07,-1.00608e+08,0,0
0,-8710.07,9.9249e+07,-1.00753e+08,0,0
0,-9397.15,9.92039e+07,-1.00897e+08,0,0
0,-10124.1,9.91579e+07,-1.01042e+08,0,0
0,-10892.3,9.91112e+07,-1.01187e+08,0,0
0,-11703.1,9.90639e+07,-1.01331e+08,0,0
0,-12557.9,9.90161e+07,-1.01475e+08,0,0
0,-13458.1,9.89681e+07,-1.01618e+08,0,0
0,-14405.1,9.89199e+07,-1.0176e+08,0,0
0,-15400.3,9.88715e+07,-1.01901e+08,0,0
0,-16445,9.8823e+07,-1.02041e+08,0,0
0,-17540.7,9.87745e+07,-1.02179e+08,0,0
0,-18688.5,9.87258e+07,-1.02317e+08,0,0
0,-19890,9.86771e+07,-1.02453e+08,0,0
0,-21146.4,9.86284e+07,-1.02588e+08,0,0
0,-22459,9.85796e+07,-1.02721e+08,0,0
0,-23829.2,9.85308e+07,-1.02854e+08,0,0
0,-25258.2,9.84821e+07,-1.02985e+08,0,0
0,-26747.3,9.84334e+07,-1.03116e+08,0,0
0,-28297.9,9.83849e+07,-1.03245e+08,0,0
0,-29911.1,9.83365e+07,-1.03374e+08,0,0
0,-31588.3,9.82881e+07,-1.03502e+08,0,0
0,-33330.8,9.82397e+07,-1.03629e+08,0,0
0,-35139.9,9.81912e+07,-1.03756e+08,0,0
0,-37016.7,9.81425e+07,-1.03882e+08,0,0
0,-38962.7,9.80934e+07,-1.04007e+08,0,0
0,-40978.9,9.80438e+07,-1.04132e+08,0,0
0,-43066.6,9.79936e+07,-1.04257e+08,0,0
0,-45227.1,9.79427e+07,-1.04381e+08,0,0
0,-47461.5,9.78909e+07,-1.04505e+08,0,0
0,-49770.9,9.78384e+07,-1.04629e+08,0,0
0,-52156.5,9.77852e+07,-1.04752e+08,0,0
0,-54619.4,9.77313e+07,-1.04875e+08,0,0
0,-57160.7,9.7677e+07,-1.04997e+08,0,0
0,-59781.4,9.76225e+07,-1.05119e+08,0,0
0,-62482.6,9.7568e+07,-1.0524e+08,0,0
0,-65265.3,9.75136e+07,-1.05361e+08,0,0
0,-68130.7,9.74596e+07,-1.0548e+08,0,0
0,-71079.7,9.74061e+07,-1.05597e+08,0,0
0,-74113.3,9.73533e+07,-1.05714e+08,0,0
0,-77232.6,9.73011e+07,-1.05829e+08,0,0
0,-80438.6,9.72495e+07,-1.05943e+08,0,0
0,-83732.3,9.71985e+07,-1.06055e+08,0,0
0,-87114.6,9.71478e+07,-1.06166e+08,0,0
0,-90586.6,9.70972e+07,-1.06277e+08,0,0
0,-94149.2,9.70466e+07,-1.06386e+08,0,0
0,-97803.2,9.69957e+07,-1.06495e+08,0,0
0,-101550,9.69443e+07,-1.06604e+08,0,0
0,-105389,9.68922e+07,-1.06713e+08,0,0
0,-109323,9.68392e+07,-1.06821e+08,0,0
0,-113351,9.67853e+07,-1.0693e+08,0,0
0,-117476,9.67306e+07,-1.07039e+08,0,0
0,-121696,9.66751e+07,-1.07148e+08,0,0
0,-126014,9.66188e+07,-1.07257e+08,0,0
0,-130430,9.65621e+07,-1.07365e+08,0,0
0,-134944,9.65052e+07,-1.07474e+08,0,0
0,-139558,9.64482e+07,-1.07581e+08,0,0
0,-144272,9.63914e+07,-1.07688e+08,0,0
0,-149087,9.63351e+07,-1.07794e+08,0,0
0,-154003,9.62793e+07,-1.07898e+08,0,0
0,-159022,9.62242e+07,-1.08001e+08,0,0
0,-164144,9.61699e+07,-1.08103e+08,0,0
0,-169369,9.61164e+07,-1.08203e+08,0,0
0,-174698,9.60635e+07,-1.08302e+08,0,0
0,-180133,9.60112e+07,-1.084e+08,0,0
0,-185672,9.59593e+07,-1.08496e+08,0,0
0,-191318,9.59075e+07,-1.08592e+08,0,0
0,-197070,9.58557e+07,-1.08687e+08,0,0
0,-202929,9.58037e+07,-1.08781e+08,0,0
0,-208895,9.57511e+07,-1.08876e+08,0,0
0,-214969,9.5698e+07,-1.0897e+08,0,0
0,-221152,9.56442e+07,-1.09064e+08,0,0
0,-227443,9.55895e+07,-1.09159e+08,0,0
0,-233844,9.55341e+07,-1.09254e+08,0,0
0,-240354,9.54779e+07,-1.09349e+08,0,0
0,-246974,9.5421e+07,-1.09444e+08,0,0
0,-253704,9.53638e+07,-1.09539e+08,0,0
0,-260546,9.53062e+07,-1.09634e+08,0,0
0,-267498,9.52487e+07,-1.09728e+08,0,0
0,-274561,9.51913e+07,-1.09821e+08,0,0
0,-281736,9.51344e+07,-1.09913e+08,0,0
0,-289024,9.5078e+07,-1.10004e+08,0,0
0,-296423,9.50224e+07,-1.10094e+08,0,0
0,-303934,9.49676e+07,-1.10182e+08,0,0
0,-311558,9.49137e+07,-1.10269e+08,0,0
0,-319295,9.48605e+07,-1.10355e+08,0,0
0,-327144,9.48081e+07,-1.10439e+08,0,0
0,-335107,9.47562e+07,-1.10522e+08,0,0
0,-343182,9.47047e+07,-1.10604e+08,0,0
0,-351370,9.46533e+07,-1.10685e+08,0,0
0,-359671,9.46018e+07,-1.10766e+08,0,0
0,-368085,9.45501e+07,-1.10847e+08,0,0
0,-376612,9.44978e+07,-1.10928e+08,0,0
0,-385252,9.44449e+07,-1.11008e+08,0,0
0,-394004,9.43912e+07,-1.11089e+08,0,0
0,-402869,9.43368e+07,-1.11171e+08,0,0
0,-411847,9.42817e+07,-1.11252e+08,0,0
0,-420937,9.42259e+07,-1.11334e+08,0,0
0,-430138,9.41696e+07,-1.11415e+08,0,0
0,-439452,9.4113e+07,-1.11496e+08,0,0
0,-448877,9.40564e+07,-1.11577e+08,0,0
0,-458414,9.39999e+07,-1.11657e+08,0,0
0,-468061,9.39437e+07,-1.11736e+08,0,0
0,-477819,9.38882e+07,-1.11814e+08,0,0
0,-487687,9.38335e+07,-1.11891e+08,0,0
0,-497664,9.37796e+07,-1.11966e+08,0,0
0,-507750,9.37266e+07,-1.1204e+08,0,0
0,-517944,9.36746e+07,-1.12112e+08,0,0
0,-528246,9.36235e+07,-1.12184e+08,0,0
0,-538655,9.3573e+07,-1.12253e+08,0,0
0,-549171,9.35232e+07,-1.12322e+08,0,0
0,-559792,9.34737e+07,-1.1239e+08,0,0
0,-570518,9.34243e+07,-1.12457e+08,0,0
0,-581348,9.33749e+07,-1.12524e+08,0,0
0,-592282,9.33252e+07,-1.12591e+08,0,0
0,-603318,9.3275e+07,-1.12658e+08,0,0
0,-614455,9.32243e+07,-1.12724e+08,0,0
0,-625692,9.31728e+07,-1.12791e+08,0,0
0,-637029,9.31208e+07,-1.12859e+08,0,0
0,-648464,9.30681e+07,-1.12926e+08,0,0
0,-659996,9.30149e+07,-1.12993e+08,0,0
0,-671624,9.29614e+07,-1.13061e+08,0,0
0,-683347,9.29077e+07,-1.13128e+08,0,0
0,-695163,9.28541e+07,-1.13194e+08,0,0
0,-707071,9.28008e+07,-1.1326e+08,0,0
0,-719069,9.27481e+07,-1.13324e+08,0,0
0,-731156,9.26961e+07,-1.13388e+08,0,0
0,-743331,9.2645e+07,-1.1345e+08,0,0
0,-755592,9.25949e+07,-1.13511e+08,0,0
0,-767937,9.25458e+07,-1.1357e+08,0,0
0,-780364,9.24978e+07,-1.13628e+08,0,0
0,-792873,9.24507e+07,-1.13685e+08,0,0
0,-805461,9.24044e+07,-1.13741e+08,0,0
0,-818125,9.23588e+07,-1.13795e+08,0,0
0,-830866,9.23136e+07,-1.13849e+08,0,0
0,-843679,9.22687e+07,-1.13902e+08,0,0
0,-856564,9.22238e+07,-1.13954e+08,0,0
0,-869518,9.21786e+07,-1.14007e+08,0,0
0,-882540,9.21331e+07,-1.14059e+08,0,0
0,-895626,9.20872e+07,-1.14112e+08,0,0
0,-908776,9.20407e+07,-1.14164e+08,0,0
0,-921985,9.19936e+07,-1.14217e+08,0,0
0,-935253,9.19461e+07,-1.1427e+08,0,0
0,-948576,9.18983e+07,-1.14323e+08,0,0
0,-961953,9.18503e+07,-1.14376e+08,0,0
0,-975380,9.18022e+07,-1.14429e+08,0,0
0,-988855,9.17544e+07,-1.14481e+08,0,0
0,-1.00238e+06,9.17071e+07,-1.14532e+08,0,0
0,-1.01594e+06,9.16605e+07,-1.14582e+08,0,0
0,-1.02954e+06,9.16148e+07,-1.14631e+08,0,0
0,-1.04318e+06,9.15701e+07,-1.14679e+08,0,0
0,-1.05686e+06,9.15265e+07,-1.14726e+08,0,0
0,-1.07056e+06,9.1484e+07,-1.14771e+08,0,0
0,-1.0843e+06,9.14427e+07,-1.14814e+08,0,0
0,-1.09806e+06,9.14024e+07,-1.14856e+08,0,0
0,-1.11184e+06,9.13631e+07,-1.14897e+08,0,0
0,-1.12564e+06,9.13244e+07,-1.14937e+08,0,0
0,-1.13946e+06,9.12863e+07,-1.14977e+08,0,0
0,-1.15329e+06,9.12485e+07,-1.15015e+08,0,0
0,-1.16713e+06,9.12108e+07,-1.15054e+08,0,0
0,-1.18097e+06,9.1173e+07,-1.15092e+08,0,0
0,-1.19482e+06,9.11349e+07,-1.1513e+08,0,0
0,-1.20867e+06,9.10966e+07,-1.15168e+08,0,0
0,-1.22251e+06,9.10578e+07,-1.15207e+08,0,0
0,-1.23634e+06,9.10186e+07,-1.15245e+08,0,0
0,-1.25017e+06,9.09792e+07,-1.15284e+08,0,0
0,-1.26398e+06,9.09396e+07,-1.15323e+08,0,0
0,-1.27776e+06,9.08999e+07,-1.15361e+08,0,0
0,-1.29153e+06,9.08604e+07,-1.154e+08,0,0
0,-1.30527e+06,9.08214e+07,-1.15437e+08,0,0
0,-1.31898e+06,9.07829e+07,-1.15474e+08,0,0
0,-1.33266e+06,9.07453e+07,-1.1551e+08,0,0
0,-1.3463e+06,9.07087e+07,-1.15544e+08,0,0
0,-1.35989e+06,9.06731e+07,-1.15578e+08,0,0
0,-1.37344e+06,9.06388e+07,-1.15609e+08,0,0
0,-1.38694e+06,9.06057e+07,-1.1564e+08,0,0
0,-1.40039e+06,9.05737e+07,-1.15669e+08,0,0
0,-1.41378e+06,9.05429e+07,-1.15697e+08,0,0
0,-1.4271e+06,9.05129e+07,-1.15724e+08,0,0
0,-1.44036e+06,9.04838e+07,-1.1575e+08,0,0
0,-1.45355e+06,9.04552e+07,-1.15775e+08,0,0
0,-1.46666e+06,9.0427e+07,-1.158e+08,0,0
0,-1.47969e+06,9.03989e+07,-1.15824e+08,0,0
0,-1.49264e+06,9.03709e+07,-1.15848e+08,0,0
0,-1.5055e+06,9.03427e+07,-1.15872e+08,0,0
0,-1.51826e+06,9.03144e+07,-1.15897e+08,0,0
0,-1.53093e+06,9.02858e+07,-1.15921e+08,0,0
0,-1.5435e+06,9.0257e+07,-1.15946e+08,0,0
0,-1.55596e+06,9.0228e+07,-1.1597e+08,0,0
0,-1.5683e+06,9.01991e+07,-1.15994e+08,0,0
0,-1.58054e+06,9.01703e+07,-1.16018e+08,0,0
0,-1.59265e+06,9.01418e+07,-1.16042e+08,0,0
0,-1.60463e+06,9.01139e+07,-1.16065e+08,0,0
0,-1.61649e+06,9.00868e+07,-1.16087e+08,0,0
0,-1.6282e+06,9.00605e+07,-1.16108e+08,0,0
0,-1.63978e+06,9.00352e+07,-1.16128e+08,0,0
0,-1.65121e+06,9.00111e+07,-1.16147e+08,0,0
0,-1.66249e+06,8.99882e+07,-1.16164e+08,0,0
0,-1.67362e+06,8.99664e+07,-1.1618e+08,0,0
0,-1.68459e+06,8.99458e+07,-1.16195e+08,0,0
0,-1.69538e+06,8.99263e+07,-1.16209e+08,0,0
0,-1.70601e+06,8.99076e+07,-1.16222e+08,0,0
0,-1.71646e+06,8.98897e+07,-1.16234e+08,0,0
0,-1.72673e+06,8.98724e+07,-1.16245e+08,0,0
0,-1.73681e+06,8.98554e+07,-1.16255e+08,0,0
0,-1.7467e+06,8.98387e+07,-1.16266e+08,0,0
0,-1.75639e+06,8.98221e+07,-1.16276e+08,0,0
0,-1.76587e+06,8.98055e+07,-1.16286e+08,0,0
0,-1.77515e+06,8.97888e+07,-1.16296e+08,0,0
0,-1.78421e+06,8.97721e+07,-1.16306e+08,0,0
0,-1.79304e+06,8.97553e+07,-1.16316e+08,0,0
0,-1.80165e+06,8.97385e+07,-1.16326e+08,0,0
0,-1.81003e+06,8.97219e+07,-1.16336e+08,0,0
0,-1.81816e+06,8.97056e+07,-1.16345e+08,0,0
0,-1.82605e+06,8.96897e+07,-1.16353e+08,0,0
0,-1.83368e+06,8.96745e+07,-1.16361e+08,0,0
0,-1.84106e+06,8.966e+07,-1.16369e+08,0,0
0,-1.84816e+06,8.96464e+07,-1.16375e+08,0,0
0,-1.855e+06,8.96338e+07,-1.1638e+08,0,0
0,-1.86155e+06,8.96223e+07,-1.16384e+08,0,0
0,-1.86782e+06,8.96119e+07,-1.16386e+08,0,0
0,-1.8738e+06,8.96026e+07,-1.16388e+08,0,0
0,-1.87947e+06,8.95943e+07,-1.16388e+08,0,0
0,-1.88483e+06,8.9587e+07,-1.16388e+08,0,0
0,-1.88988e+06,8.95805e+07,-1.16386e+08,0,0
0,-1.8946e+06,8.95747e+07,-1.16384e+08,0,0
0,-1.89899e+06,8.95694e+07,-1.16381e+08,0,0
0,-1.90304e+06,8.95645e+07,-1.16377e+08,0,0
0,-1.90673e+06,8.956e+07,-1.16373e+08,0,0
0,-1.91007e+06,8.95555e+07,-1.16369e+08,0,0
0,-1.91305e+06,8.95512e+07,-1.16365e+08,0,0
0,-1.91564e+06,8.9547e+07,-1.1636e+08,0,0
0,-1.91785e+06,8.95428e+07,-1.16356e+08,0,0
0,-1.91967e+06,8.95387e+07,-1.16351e+08,0,0
0,-1.92108e+06,8.95348e+07,-1.16346e+08,0,0
0,-1.92207e+06,8.95311e+07,-1.16341e+08,0,0
0,-1.92264e+06,8.95279e+07,-1.16335e+08,0,0
0,-1.92277e+06,8.95251e+07,-1.16328e+08,0,0
0,-1.92246e+06,8.95229e+07,-1.16321e+08,0,0
0,-1.92169e+06,8.95215e+07,-1.16313e+08,0,0
0,-1.92044e+06,8.9521e+07,-1.16304e+08,0,0
0,-1.91871e+06,8.95214e+07,-1.16294e+08,0,0
0,-1.91649e+06,8.95227e+07,-1.16284e+08,0,0
0,-1.91377e+06,8.9525e+07,-1.16272e+08,0,0
0,-1.91052e+06,8.95283e+07,-1.16259e+08,0,0
0,-1.90673e+06,8.95325e+07,-1.16245e+08,0,0
0,-1.9024e+06,8.95375e+07,-1.1623e+08,0,0
0,-1.89751e+06,8.95433e+07,-1.16214e+08,0,0
0,-1.89205e+06,8.95496e+07,-1.16198e+08,0,0
0,-1.88599e+06,8.95565e+07,-1.16181e+08,0,0
0,-1.87933e+06,8.95638e+07,-1.16164e+08,0,0
0,-1.87204e+06,8.95714e+07,-1.16146e+08,0,0
0,-1.86412e+06,8.95793e+07,-1.16128e+08,0,0
0,-1.85555e+06,8.95873e+07,-1.1611e+08,0,0
0,-1.8463e+06,8.95955e+07,-1.16092e+08,0,0
0,-1.83637e+06,8.96038e+07,-1.16073e+08,0,0
0,-1.82574e+06,8.96124e+07,-1.16054e+08,0,0
0,-1.81438e+06,8.96212e+07,-1.16035e+08,0,0
0,-1.80228e+06,8.96304e+07,-1.16016e+08,0,0
0,-1.78942e+06,8.96401e+07,-1.15996e+08,0,0
0,-1.77579e+06,8.96502e+07,-1.15976e+08,0,0
0,-1.76136e+06,8.9661e+07,-1.15955e+08,0,0
0,-1.74611e+06,8.96725e+07,-1.15933e+08,0,0
0,-1.73004e+06,8.96848e+07,-1.1591e+08,0,0
0,-1.7131e+06,8.96979e+07,-1.15887e+08,0,0
0,-1.69529e+06,8.97119e+07,-1.15862e+08,0,0
0,-1.67659e+06,8.97267e+07,-1.15837e+08,0,0
0,-1.65697e+06,8.97423e+07,-1.15811e+08,0,0
0,-1.63641e+06,8.97588e+07,-1.15785e+08,0,0
0,-1.6149e+06,8.97759e+07,-1.15757e+08,0,0
0,-1.59242e+06,8.97937e+07,-1.15729e+08,0,0
0,-1.56893e+06,8.9812e+07,-1.157e+08,0,0
0,-1.54443e+06,8.98308e+07,-1.15671e+08,0,0
0,-1.5189e+06,8.98501e+07,-1.15642e+08,0,0
0,-1.4923e+06,8.98696e+07,-1.15612e+08,0,0
0,-1.46462e+06,8.98895e+07,-1.15582e+08,0,0
0,-1.43585e+06,8.99096e+07,-1.15552e+08,0,0
0,-1.40596e+06,8.993e+07,-1.15522e+08,0,0
0,-1.37494e+06,8.99507e+07,-1.15491e+08,0,0
0,-1.34275e+06,8.99717e+07,-1.1546e+08,0,0
0,-1.3094e+06,8.99931e+07,-1.15429e+08,0,0
0,-1.27485e+06,9.00149e+07,-1.15397e+08,0,0
0,-1.2391e+06,9.00372e+07,-1.15365e+08,0,0
0,-1.20211e+06,9.00601e+07,-1.15333e+08,0,0
0,-1.16389e+06,9.00836e+07,-1.153e+08,0,0
0,-1.12442e+06,9.01077e+07,-1.15266e+08,0,0
0,-1.08367e+06,9.01326e+07,-1.15232e+08,0,0
0,-1.04164e+06,9.01582e+07,-1.15197e+08,0,0
0,-998317,9.01846e+07,-1.15161e+08,0,0
0,-953688,9.02117e+07,-1.15125e+08,0,0
0,-907744,9.02395e+07,-1.15089e+08,0,0
0,-860476,9.02679e+07,-1.15052e+08,0,0
0,-811877,9.0297e+07,-1.15014e+08,0,0
0,-761942,9.03266e+07,-1.14976e+08,0,0
0,-710667,9.03568e+07,-1.14938e+08,0,0
0,-658047,9.03874e+07,-1.14899e+08,0,0
0,-604083,9.04184e+07,-1.1486e+08,0,0
0,-548774,9.04499e+07,-1.14821e+08,0,0
0,-492123,9.04817e+07,-1.14782e+08,0,0
0,-434134,9.05139e+07,-1.14743e+08,0,0
0,-374811,9.05465e+07,-1.14704e+08,0,0
0,-314163,9.05795e+07,-1.14664e+08,0,0
0,-252199,9.06129e+07,-1.14624e+08,0,0
0,-188930,9.06468e+07,-1.14585e+08,0,0
0,-124368,9.06812e+07,-1.14544e+08,0,0
0,-58529.9,9.07161e+07,-1.14504e+08,0,0
0,8568.96,9.07516e+07,-1.14464e+08,0,0
0,76909.4,9.07877e+07,-1.14423e+08,0,0
0,146471,9.08244e+07,-1.14382e+08,0,0
0,217230,9.08618e+07,-1.14341e+08,0,0
0,289163,9.08998e+07,-1.14299e+08,0,0
0,362243,9.09384e+07,-1.14257e+08,0,0
0,436442,9.09776e+07,-1.14216e+08,0,0
0,511729,9.10174e+07,-1.14174e+08,0,0
0,588072,9.10579e+07,-1.14131e+08,0,0
0,665438,9.10988e+07,-1.14089e+08,0,0
0,743792,9.11403e+07,-1.14047e+08,0,0
0,823096,9.11824e+07,-1.14005e+08,0,0
0,903311,9.12249e+07,-1.13962e+08,0,0
0,984398,9.12679e+07,-1.1392e+08,0,0
0,1.06631e+06,9.13113e+07,-1.13878e+08,0,0
0,1.14902e+06,9.13553e+07,-1.13836e+08,0,0
0,1.23246e+06,9.13997e+07,-1.13794e+08,0,0
0,1.3166e+06,9.14446e+07,-1.13752e+08,0,0
0,1.40139e+06,9.14899e+07,-1.13711e+08,0,0
0,1.48678e+06,9.15358e+07,-1.13669e+08,0,0
0,1.57273e+06,9.15822e+07,-1.13628e+08,0,0
0,1.65917e+06,9.1629e+07,-1.13587e+08,0,0
0,1.74607e+06,9.16764e+07,-1.13546e+08,0,0
0,1.83337e+06,9.17244e+07,-1.13505e+08,0,0
0,1.92102e+06,9.17728e+07,-1.13465e+08,0,0
0,2.00896e+06,9.18218e+07,-1.13424e+08,0,0
0,2.09714e+06,9.18714e+07,-1.13384e+08,0,0
0,2.18551e+06,9.19214e+07,-1.13344e+08,0,0
0,2.27401e+06,9.1972e+07,-1.13304e+08,0,0
0,2.3626e+06,9.20231e+07,-1.13264e+08,0,0
0,2.4512e+06,9.20747e+07,-1.13225e+08,0,0
0,2.53978e+06,9.21269e+07,-1.13186e+08,0,0
0,2.62826e+06,9.21795e+07,-1.13147e+08,0,0
0,2.7166e+06,9.22326e+07,-1.13109e+08,0,0
0,2.80475e+06,9.22862e+07,-1.13071e+08,0,0
0,2.89264e+06,9.23403e+07,-1.13033e+08,0,0
0,2.98021e+06,9.23949e+07,-1.12996e+08,0,0
0,3.06742e+06,9.24499e+07,-1.12959e+08,0,0
0,3.1542e+06,9.25054e+07,-1.12922e+08,0,0
0,3.2405e+06,9.25612e+07,-1.12886e+08,0,0
0,3.32625e+06,9.26176e+07,-1.1285e+08,0,0
0,3.41141e+06,9.26743e+07,-1.12815e+08,0,0
0,3.49591e+06,9.27314e+07,-1.1278e+08,0,0
0,3.57969e+06,9.27889e+07,-1.12745e+08,0,0
0,3.66269e+06,9.28467e+07,-1.12711e+08,0,0
0,3.74485e+06,9.29049e+07,-1.12677e+08,0,0
0,3.8261e+06,9.29634e+07,-1.12644e+08,0,0
0,3.90639e+06,9.30222e+07,-1.12611e+08,0,0
0,3.98564e+06,9.30813e+07,-1.12579e+08,0,0
0,4.06378e+06,9.31406e+07,-1.12547e+08,0,0
0,4.14075e+06,9.32001e+07,-1.12516e+08,0,0
0,4.21647e+06,9.32599e+07,-1.12485e+08,0,0
0,4.29088e+06,9.33197e+07,-1.12455e+08,0,0
0,4.36388e+06,9.33798e+07,-1.12425e+08,0,0
0,4.43542e+06,9.34399e+07,-1.12395e+08,0,0
0,4.50539e+06,9.35001e+07,-1.12366e+08,0,0
0,4.57374e+06,9.35603e+07,-1.12338e+08,0,0
0,4.64037e+06,9.36205e+07,-1.1231e+08,0,0
0,4.7052e+06,9.36806e+07,-1.12282e+08,0,0
0,4.76814e+06,9.37405e+07,-1.12255e+08,0,0
0,4.82911e+06,9.38003e+07,-1.12229e+08,0,0
0,4.88803e+06,9.38597e+07,-1.12202e+08,0,0
0,4.9448e+06,9.39189e+07,-1.12177e+08,0,0
0,4.99935e+06,9.39776e+07,-1.12151e+08,0,0
0,5.05159e+06,9.40358e+07,-1.12127e+08,0,0
0,5.10144e+06,9.40934e+07,-1.12103e+08,0,0
0,5.14881e+06,9.41504e+07,-1.12079e+08,0,0
0,5.19364e+06,9.42066e+07,-1.12056e+08,0,0
0,5.23586e+06,9.4262e+07,-1.12033e+08,0,0
0,5.27538e+06,9.43166e+07,-1.12011e+08,0,0
0,5.31216e+06,9.43702e+07,-1.11989e+08,0,0
0,5.34612e+06,9.44228e+07,-1.11968e+08,0,0
0,5.37723e+06,9.44743e+07,-1.11948e+08,0,0
0,5.40544e+06,9.45247e+07,-1.11928e+08,0,0
0,5.4307e+06,9.4574e+07,-1.11908e+08,0,0
0,5.453e+06,9.4622e+07,-1.11889e+08,0,0
0,5.47229e+06,9.46688e+07,-1.1187e+08,0,0
0,5.48858e+06,9.47143e+07,-1.11852e+08,0,0
0,5.50184e+06,9.47585e+07,-1.11834e+08,0,0
0,5.51209e+06,9.48013e+07,-1.11817e+08,0,0
0,5.51933e+06,9.48428e+07,-1.118e+08,0,0
0,5.52358e+06,9.48828e+07,-1.11784e+08,0,0
0,5.52486e+06,9.49215e+07,-1.11768e+08,0,0
0,5.5232e+06,9.49587e+07,-1.11752e+08,0,0
0,5.51865e+06,9.49944e+07,-1.11737e+08,0,0
0,5.51124e+06,9.50287e+07,-1.11722e+08,0,0
0,5.50103e+06,9.50616e+07,-1.11708e+08,0,0
0,5.48808e+06,9.5093e+07,-1.11694e+08,0,0
0,5.47245e+06,9.51229e+07,-1.1168e+08,0,0
0,5.45421e+06,9.51514e+07,-1.11667e+08,0,0
0,5.43343e+06,9.51784e+07,-1.11655e+08,0,0
0,5.41018e+06,9.5204e+07,-1.11642e+08,0,0
0,5.38456e+06,9.52283e+07,-1.11631e+08,0,0
0,5.35664e+06,9.52511e+07,-1.11619e+08,0,0
0,5.32651e+06,9.52727e+07,-1.11608e+08,0,0
0,5.29425e+06,9.52929e+07,-1.11598e+08,0,0
0,5.25996e+06,9.53119e+07,-1.11588e+08,0,0
0,5.22373e+06,9.53297e+07,-1.11578e+08,0,0
0,5.18564e+06,9.53464e+07,-1.11569e+08,0,0
0,5.1458e+06,9.53619e+07,-1.1156e+08,0,0
0,5.10428e+06,9.53764e+07,-1.11551e+08,0,0
0,5.06119e+06,9.53898e+07,-1.11543e+08,0,0
0,5.01661e+06,9.54023e+07,-1.11535e+08,0,0
0,4.97063e+06,9.54138e+07,-1.11527e+08,0,0
0,4.92334e+06,9.54244e+07,-1.1152e+08,0,0
0,4.87482e+06,9.54342e+07,-1.11513e+08,0,0
0,4.82517e+06,9.54432e+07,-1.11506e+08,0,0
0,4.77447e+06,9.54514e+07,-1.115e+08,0,0
0,4.72279e+06,9.54589e+07,-1.11493e+08,0,0
0,4.67022e+06,9.54657e+07,-1.11488e+08,0,0
0,4.61684e+06,9.54718e+07,-1.11482e+08,0,0
0,4.56271e+06,9.54772e+07,-1.11477e+08,0,0
0,4.50791e+06,9.54821e+07,-1.11472e+08,0,0
0,4.45252e+06,9.54864e+07,-1.11467e+08,0,0
0,4.39659e+06,9.54901e+07,-1.11463e+08,0,0
0,4.3402e+06,9.54933e+07,-1.11459e+08,0,0
0,4.2834e+06,9.54961e+07,-1.11455e+08,0,0
0,4.22627e+06,9.54983e+07,-1.11452e+08,0,0
0,4.16885e+06,9.55002e+07,-1.11449e+08,0,0
0,4.1112e+06,9.55017e+07,-1.11446e+08,0,0
0,4.05338e+06,9.55028e+07,-1.11443e+08,0,0
0,3.99543e+06,9.55036e+07,-1.11441e+08,0,0
0,3.93741e+06,9.55041e+07,-1.11439e+08,0,0
0,3.87936e+06,9.55044e+07,-1.11437e+08,0,0
0,3.82133e+06,9.55044e+07,-1.11435e+08,0,0
0,3.76335e+06,9.55042e+07,-1.11434e+08,0,0
0,3.70547e+06,9.55038e+07,-1.11433e+08,0,0
0,3.64774e+06,9.55033e+07,-1.11432e+08,0,0
0,3.59017e+06,9.55026e+07,-1.11431e+08,0,0
0,3.53281e+06,9.55018e+07,-1.1143e+08,0,0
0,3.47569e+06,9.55008e+07,-1.1143e+08,0,0
0,3.41885e+06,9.54998e+07,-1.11429e+08,0,0
0,3.3623e+06,9.54986e+07,-1.11429e+08,0,0
0,3.30608e+06,9.54974e+07,-1.11429e+08,0,0
0,3.25022e+06,9.54961e+07,-1.1143e+08,0,0
0,3.19474e+06,9.54947e+07,-1.1143e+08,0,0
0,3.13966e+06,9.54933e+07,-1.11431e+08,0,0
0,3.08501e+06,9.54918e+07,-1.11432e+08,0,0
0,3.0308e+06,9.54902e+07,-1.11433e+08,0,0
0,2.97706e+06,9.54887e+07,-1.11434e+08,0,0
0,2.9238e+06,9.54871e+07,-1.11435e+08,0,0
0,2.87104e+06,9.54854e+07,-1.11437e+08,0,0
0,2.81879e+06,9.54838e+07,-1.11438e+08,0,0
0,2.76708e+06,9.54822e+07,-1.1144e+08,0,0
0,2.71591e+06,9.54805e+07,-1.11442e+08,0,0
0,2.66531e+06,9.54789e+07,-1.11444e+08,0,0
0,2.61527e+06,9.54774e+07,-1.11447e+08,0,0
0,2.56581e+06,9.54758e+07,-1.11449e+08,0,0
0,2.51695e+06,9.54743e+07,-1.11451e+08,0,0
0,2.46868e+06,9.54729e+07,-1.11454e+08,0,0
0,2.42103e+06,9.54715e+07,-1.11457e+08,0,0
0,2.37399e+06,9.54702e+07,-1.11459e+08,0,0
0,2.32757e+06,9.5469e+07,-1.11462e+08,0,0
0,2.28179e+06,9.54678e+07,-1.11465e+08,0,0
0,2.23665e+06,9.54667e+07,-1.11468e+08,0,0
0,2.19214e+06,9.54657e+07,-1.11471e+08,0,0
0,2.14828e+06,9.54647e+07,-1.11475e+08,0,0
0,2.10507e+06,9.54638e+07,-1.11478e+08,0,0
0,2.06252e+06,9.5463e+07,-1.11481e+08,0,0
0,2.02062e+06,9.54622e+07,-1.11485e+08,0,0
0,1.97938e+06,9.54614e+07,-1.11489e+08,0,0
0,1.93879e+06,9.54607e+07,-1.11492e+08,0,0
0,1.89887e+06,9.54601e+07,-1.11496e+08,0,0
0,1.85961e+06,9.54595e+07,-1.115e+08,0,0
0,1.82101e+06,9.5459e+07,-1.11504e+08,0,0
0,1.78307e+06,9.54586e+07,-1.11508e+08,0,0
0,1.74579e+06,9.54582e+07,-1.11512e+08,0,0
0,1.70916e+06,9.54578e+07,-1.11516e+08,0,0
0,1.6732e+06,9.54576e+07,-1.1152e+08,0,0
0,1.63789e+06,9.54574e+07,-1.11524e+08,0,0
0,1.60323e+06,9.54573e+07,-1.11529e+08,0,0
0,1.56922e+06,9.54573e+07,-1.11533e+08,0,0
0,1.53585e+06,9.54574e+07,-1.11537e+08,0,0
0,1.50313e+06,9.54575e+07,-1.11542e+08,0,0
0,1.47105e+06,9.54577e+07,-1.11546e+08,0,0
0,1.4396e+06,9.5458e+07,-1.11551e+08,0,0
0,1.40878e+06,9.54584e+07,-1.11555e+08,0,0
0,1.37858e+06,9.54589e+07,-1.11559e+08,0,0
0,1.349e+06,9.54594e+07,-1.11564e+08,0,0
0,1.32004e+06,9.546e+07,-1.11568e+08,0,0
0,1.29169e+06,9.54606e+07,-1.11573e+08,0,0
0,1.26393e+06,9.54613e+07,-1.11578e+08,0,0
0,1.23678e+06,9.54621e+07,-1.11582e+08,0,0
0,1.21021e+06,9.54629e+07,-1.11587e+08,0,0
0,1.18422e+06,9.54638e+07,-1.11591e+08,0,0
0,1.15882e+06,9.54647e+07,-1.11596e+08,0,0
0,1.13398e+06,9.54657e+07,-1.11601e+08,0,0
0,1.1097e+06,9.54667e+07,-1.11605e+08,0,0
0,1.08597e+06,9.54678e+07,-1.1161e+08,0,0
0,1.0628e+06,9.54689e+07,-1.11615e+08,0,0
0,1.04016e+06,9.54701e+07,-1.1162e+08,0,0
0,1.01805e+06,9.54713e+07,-1.11624e+08,0,0
0,996469,9.54726e+07,-1.11629e+08,0,0
0,975401,9.5474e+07,-1.11634e+08,0,0
0,954840,9.54754e+07,-1.11638e+08,0,0
0,934778,9.54768e+07,-1.11643e+08,0,0
0,915207,9.54784e+07,-1.11648e+08,0,0
0,896117,9.548e+07,-1.11652e+08,0,0
0,877502,9.54816e+07,-1.11657e+08,0,0
0,859351,9.54833e+07,-1.11662e+08,0,0
0,841658,9.5485e+07,-1.11666e+08,0,0
0,824412,9.54868e+07,-1.11671e+08,0,0
0,807607,9.54887e+07,-1.11675e+08,0,0
0,791232,9.54906e+07,-1.1168e+08,0,0
0,775280,9.54925e+07,-1.11685e+08,0,0
0,759741,9.54944e+07,-1.11689e+08,0,0
0,744608,9.54964e+07,-1.11694e+08,0,0
0,729872,9.54984e+07,-1.11698e+08,0,0
0,715524,9.55005e+07,-1.11703e+08,0,0
0,701556,9.55025e+07,-1.11707e+08,0,0
0,687959,9.55046e+07,-1.11712e+08,0,0
0,674724,9.55068e+07,-1.11716e+08,0,0
0,661845,9.55089e+07,-1.11721e+08,0,0
0,649312,9.55111e+07,-1.11725e+08,0,0
0,637117,9.55134e+07,-1.1173e+08,0,0
0,625252,9.55156e+07,-1.11734e+08,0,0
0,613709,9.55179e+07,-1.11738e+08,0,0
0,602480,9.55203e+07,-1.11743e+08,0,0
0,591558,9.55226e+07,-1.11747e+08,0,0
0,580933,9.55251e+07,-1.11751e+08,0,0
0,570600,9.55275e+07,-1.11756e+08,0,0
0,560549,9.553e+07,-1.1176e+08,0,0
0,550775,9.55325e+07,-1.11764e+08,0,0
0,541268,9.5535e+07,-1.11768e+08,0,0
0,532023,9.55376e+07,-1.11772e+08,0,0
0,523032,9.55402e+07,-1.11777e+08,0,0
0,514287,9.55428e+07,-1.11781e+08,0,0
0,505783,9.55454e+07,-1.11785e+08,0,0
0,497512,9.55481e+07,-1.11789e+08,0,0
0,489467,9.55507e+07,-1.11793e+08,0,0
0,481643,9.55534e+07,-1.11797e+08,0,0
0,474032,9.55561e+07,-1.11801e+08,0,0
0,466628,9.55588e+07,-1.11805e+08,0,0
0,459426,9.55615e+07,-1.11809e+08,0,0
0,452419,9.55642e+07,-1.11813e+08,0,0
0,445601,9.55669e+07,-1.11817e+08,0,0
0,438967,9.55697e+07,-1.11821e+08,0,0
0,432511,9.55725e+07,-1.11825e+08,0,0
0,426227,9.55752e+07,-1.11828e+08,0,0
0,420111,9.55781e+07,-1.11832e+08,0,0
0,414156,9.55809e+07,-1.11836e+08,0,0
0,408357,9.55837e+07,-1.1184e+08,0,0
0,402711,9.55866e+07,-1.11843e+08,0,0
0,397211,9.55895e+07,-1.11847e+08,0,0
0,391854,9.55924e+07,-1.11851e+08,0,0
0,386633,9.55953e+07,-1.11855e+08,0,0
0,381546,9.55982e+07,-1.11858e+08,0,0
0,376588,9.56012e+07,-1.11862e+08,0,0
0,371754,9.56041e+07,-1.11865e+08,0,0
0,367040,9.56071e+07,-1.11869e+08,0,0
0,362442,9.561e+07,-1.11872e+08,0,0
0,357957,9.5613e+07,-1.11876e+08,0,0
0,353580,9.56159e+07,-1.11879e+08,0,0
0,349309,9.56189e+07,-1.11883e+08,0,0
0,345139,9.56218e+07,-1.11886e+08,0,0
0,341066,9.56248e+07,-1.1189e+08,0,0
0,337089,9.56278e+07,-1.11893e+08,0,0
0,333202,9.56307e+07,-1.11897e+08,0,0
0,329405,9.56337e+07,-1.119e+08,0,0
0,325692,9.56367e+07,-1.11903e+08,0,0
0,322062,9.56396e+07,-1.11907e+08,0,0
0,318511,9.56426e+07,-1.1191e+08,0,0
0,315037,9.56456e+07,-1.11913e+08,0,0
0,311637,9.56486e+07,-1.11917e+08,0,0
0,308310,9.56516e+07,-1.1192e+08,0,0
0,305051,9.56546e+07,-1.11923e+08,0,0
0,301859,9.56577e+07,-1.11926e+08,0,0
0,298732,9.56607e+07,-1.11929e+08,0,0
0,295667,9.56637e+07,-1.11933e+08,0,0
0,292662,9.56667e+07,-1.11936e+08,0,0
0,289716,9.56697e+07,-1.11939e+08,0,0
0,286826,9.56727e+07,-1.11942e+08,0,0
0,283991,9.56758e+07,-1.11945e+08,0,0
0,281208,9.56788e+07,-1.11948e+08,0,0
0,278476,9.56818e+07,-1.11951e+08,0,0
0,275794,9.56847e+07,-1.11954e+08,0,0
0,273159,9.56877e+07,-1.11957e+08,0,0
0,270570,9.56907e+07,-1.1196e+08,0,0
0,268026,9.56937e+07,-1.11963e+08,0,0
0,265525,9.56966e+07,-1.11966e+08,0,0
0,263067,9.56996e+07,-1.11969e+08,0,0
0,260648,9.57025e+07,-1.11972e+08,0,0
0,258270,9.57055e+07,-1.11975e+08,0,0
0,255929,9.57084e+07,-1.11978e+08,0,0
0,253626,9.57113e+07,-1.11981e+08,0,0
0,251359,9.57143e+07,-1.11984e+08,0,0
0,249126,9.57172e+07,-1.11986e+08,0,0
0,246928,9.57201e+07,-1.11989e+08,0,0
0,244763,9.57231e+07,-1.11992e+08,0,0
0,242630,9.5726e+07,-1.11995e+08,0,0
0,240528,9.57289e+07,-1.11997e+08,0,0
0,238457,9.57318e+07,-1.12e+08,0,0
0,236416,9.57347e+07,-1.12003e+08,0,0
0,234404,9.57376e+07,-1.12006e+08,0,0
0,232420,9.57405e+07,-1.12008e+08,0,0
0,230463,9.57433e+07,-1.12011e+08,0,0
0,228534,9.57462e+07,-1.12014e+08,0,0
0,226631,9.5749e+07,-1.12016e+08,0,0
0,224754,9.57518e+07,-1.12019e+08,0,0
0,222903,9.57546e+07,-1.12021e+08,0,0
0,221076,9.57574e+07,-1.12024e+08,0,0
0,219273,9.57602e+07,-1.12027e+08,0,0
0,217495,9.5763e+07,-1.12029e+08,0,0
0,215739,9.57657e+07,-1.12032e+08,0,0
0,214007,9.57685e+07,-1.12034e+08,0,0
0,212297,9.57712e+07,-1.12037e+08,0,0
0,210610,9.57739e+07,-1.12039e+08,0,0
0,208944,9.57766e+07,-1.12042e+08,0,0
0,207300,9.57793e+07,-1.12044e+08,0,0
0,205677,9.5782e+07,-1.12047e+08,0,0
0,204076,9.57847e+07,-1.12049e+08,0,0
0,202494,9.57874e+07,-1.12051e+08,0,0
0,200934,9.579e+07,-1.12054e+08,0,0
0,199393,9.57927e+07,-1.12056e+08,0,0
0,197872,9.57953e+07,-1.12058e+08,0,0
0,196371,9.57979e+07,-1.12061e+08,0,0
0,194889,9.58005e+07,-1.12063e+08,0,0
0,193427,9.58031e+07,-1.12065e+08,0,0
0,191983,9.58057e+07,-1.12068e+08,0,0
0,190559,9.58082e+07,-1.1207e+08,0,0
0,189153,9.58107e+07,-1.12072e+08,0,0
0,187765,9.58133e+07,-1.12074e+08,0,0
0,186396,9.58157e+07,-1.12077e+08,0,0
0,185046,9.58182e+07,-1.12079e+08,0,0
0,183713,9.58207e+07,-1.12081e+08,0,0
0,182398,9.58231e+07,-1.12083e+08,0,0
0,181101,9.58255e+07,-1.12085e+08,0,0
0,179822,9.58279e+07,-1.12087e+08,0,0
0,178560,9.58303e+07,-1.12089e+08,0,0
0,177316,9.58327e+07,-1.12092e+08,0,0
0,176089,9.5835e+07,-1.12094e+08,0,0
0,174880,9.58374e+07,-1.12096e+08,0,0
0,173687,9.58397e+07,-1.12098e+08,0,0
0,172512,9.5842e+07,-1.121e+08,0,0
0,171354,9.58443e+07,-1.12102e+08,0,0
0,170212,9.58466e+07,-1.12104e+08,0,0
0,169087,9.58488e+07,-1.12106e+08,0,0
0,167979,9.58511e+07,-1.12108e+08,0,0
0,166888,9.58533e+07,-1.1211e+08,0,0
0,165813,9.58555e+07,-1.12111e+08,0,0
0,164754,9.58577e+07,-1.12113e+08,0,0
0,163712,9.58598e+07,-1.12115e+08,0,0
0,162686,9.5862e+07,-1.12117e+08,0,0
0,161676,9.58641e+07,-1.12119e+08,0,0
0,160682,9.58662e+07,-1.12121e+08,0,0
0,159704,9.58683e+07,-1.12123e+08,0,0
0,158743,9.58703e+07,-1.12124e+08,0,0
0,157796,9.58723e+07,-1.12126e+08,0,0
0,156866,9.58744e+07,-1.12128e+08,0,0
0,155952,9.58763e+07,-1.1213e+08,0,0
0,155052,9.58783e+07,-1.12131e+08,0,0
0,154169,9.58803e+07,-1.12133e+08,0,0
0,153301,9.58822e+07,-1.12135e+08,0,0
0,152448,9.58841e+07,-1.12136e+08,0,0
0,151610,9.58861e+07,-1.12138e+08,0,0
0,150788,9.58879e+07,-1.1214e+08,0,0
0,149980,9.58898e+07,-1.12141e+08,0,0
0,149187,9.58917e+07,-1.12143e+08,0,0
0,148410,9.58935e+07,-1.12144e+08,0,0
0,147647,9.58953e+07,-1.12146e+08,0,0
0,146898,9.58971e+07,-1.12148e+08,0,0
0,146164,9.58989e+07,-1.12149e+08,0,0
0,145445,9.59006e+07,-1.12151e+08,0,0
0,144740,9.59024e+07,-1.12152e+08,0,0
0,144049,9.59041e+07,-1.12154e+08,0,0
0,143372,9.59058e+07,-1.12155e+08,0,0
0,142709,9.59074e+07,-1.12156e+08,0,0
0,142061,9.59091e+07,-1.12158e+08,0,0
0,141425,9.59107e+07,-1.12159e+08,0,0
0,140804,9.59123e+07,-1.12161e+08,0,0
0,140196,9.59139e+07,-1.12162e+08,0,0
0,139601,9.59155e+07,-1.12163e+08,0,0
0,139020,9.5917e+07,-1.12165e+08,0,0
0,138452,9.59185e+07,-1.12166e+08,0,0
0,137897,9.59201e+07,-1.12167e+08,0,0
0,137355,9.59215e+07,-1.12169e+08,0,0
0,136825,9.5923e+07,-1.1217e+08,0,0
0,136309,9.59245e+07,-1.12171e+08,0,0
0,135804,9.59259e+07,-1.12173e+08,0,0
0,135313,9.59273e+07,-1.12174e+08,0,0
0,134833,9.59287e+07,-1.12175e+08,0,0
0,134365,9.59301e+07,-1.12176e+08,0,0
0,133910,9.59315e+07,-1.12177e+08,0,0
0,133466,9.59328e+07,-1.12179e+08,0,0
0,133034,9.59342e+07,-1.1218e+08,0,0
0,132613,9.59355e+07,-1.12181e+08,0,0
0,132204,9.59368e+07,-1.12182e+08,0,0
0,131806,9.5938e+07,-1.12183e+08,0,0
0,131420,9.59393e+07,-1.12184e+08,0,0
0,131044,9.59405e+07,-1.12185e+08,0,0
0,130679,9.59417e+07,-1.12186e+08,0,0
0,130324,9.59429e+07,-1.12187e+08,0,0
0,129980,9.59441e+07,-1.12188e+08,0,0
0,129646,9.59453e+07,-1.12189e+08,0,0
0,129323,9.59464e+07,-1.1219e+08,0,0
0,129009,9.59475e+07,-1.12191e+08,0,0
0,128706,9.59487e+07,-1.12192e+08,0,0
0,128412,9.59497e+07,-1.12193e+08,0,0
0,128128,9.59508e+07,-1.12194e+08,0,0
0,127853,9.59519e+07,-1.12195e+08,0,0
0,127587,9.59529e+07,-1.12196e+08,0,0
0,127330,9.5954e+07,-1.12197e+08,0,0
0,127083,9.5955e+07,-1.12198e+08,0,0
0,126844,9.5956e+07,-1.12199e+08,0,0
0,126613,9.59569e+07,-1.122e+08,0,0
0,126391,9.59579e+07,-1.122e+08,0,0
0,126178,9.59589e+07,-1.12201e+08,0,0
0,125972,9.59598e+07,-1.12202e+08,0,0
0,125775,9.59607e+07,-1.12203e+08,0,0
0,125585,9.59616e+07,-1.12204e+08,0,0
0,125403,9.59625e+07,-1.12204e+08,0,0
0,125228,9.59634e+07,-1.12205e+08,0,0
0,125061,9.59642e+07,-1.12206e+08,0,0
0,124901,9.59651e+07,-1.12207e+08,0,0
0,124748,9.59659e+07,-1.12207e+08,0,0
0,124601,9.59667e+07,-1.12208e+08,0,0
0,124462,9.59675e+07,-1.12209e+08,0,0
0,124329,9.59683e+07,-1.1221e+08,0,0
0,124202,9.5969e+07,-1.1221e+08,0,0
0,124082,9.59698e+07,-1.12211e+08,0,0
0,123968,9.59705e+07,-1.12212e+08,0,0
0,123859,9.59713e+07,-1.12212e+08,0,0
0,123757,9.5972e+07,-1.12213e+08,0,0
0,123660,9.59727e+07,-1.12213e+08,0,0
0,123569,9.59734e+07,-1.12214e+08,0,0
0,123483,9.5974e+07,-1.12215e+08,0,0
0,123402,9.59747e+07,-1.12215e+08,0,0
0,123326,9.59754e+07,-1.12216e+08,0,0
0,123255,9.5976e+07,-1.12216e+08,0,0
0,123189,9.59766e+07,-1.12217e+08,0,0
0,123128,9.59772e+07,-1.12217e+08,0,0
0,123071,9.59778e+07,-1.12218e+08,0,0
0,123019,9.59784e+07,-1.12219e+08,0,0
0,122971,9.5979e+07,-1.12219e+08,0,0
0,122927,9.59796e+07,-1.1222e+08,0,0
0,122887,9.59801e+07,-1.1222e+08,0,0
0,122850,9.59807e+07,-1.12221e+08,0,0
0,122818,9.59812e+07,-1.12221e+08,0,0
0,122789,9.59817e+07,-1.12221e+08,0,0
0,122764,9.59823e+07,-1.12222e+08,0,0
0,122742,9.59828e+07,-1.12222e+08,0,0
0,122723,9.59832e+07,-1.12223e+08,0,0
0,122707,9.59837e+07,-1.12223e+08,0,0
0,122695,9.59842e+07,-1.12224e+08,0,0
0,122685,9.59847e+07,-1.12224e+08,0,0
0,122678,9.59851e+07,-1.12225e+08,0,0
0,122674,9.59855e+07,-1.12225e+08,0,0
0,122672,9.5986e+07,-1.12225e+08,0,0
0,122673,9.59864e+07,-1.12226e+08,0,0
0,122676,9.59868e+07,-1.12226e+08,0,0
0,122681,9.59872e+07,-1.12226e+08,0,0
0,122689,9.59876e+07,-1.12227e+08,0,0
0,122698,9.5988e+07,-1.12227e+08,0,0
0,122710,9.59884e+07,-1.12227e+08,0,0
0,122723,9.59888e+07,-1.12228e+08,0,0
0,122739,9.59891e+07,-1.12228e+08,0,0
0,122756,9.59895e+07,-1.12228e+08,0,0
0,122774,9.59898e+07,-1.12229e+08,0,0
0,122794,9.59902e+07,-1.12229e+08,0,0
0,122816,9.59905e+07,-1.12229e+08,0,0
0,122839,9.59908e+07,-1.1223e+08,0,0
0,122863,9.59911e+07,-1.1223e+08,0,0
0,122889,9.59914e+07,-1.1223e+08,0,0
0,122915,9.59917e+07,-1.1223e+08,0,0
0,122943,9.5992e+07,-1.12231e+08,0,0
0,122972,9.59923e+07,-1.12231e+08,0,0
0,123001,9.59926e+07,-1.12231e+08,0,0
0,123032,9.59929e+07,-1.12232e+08,0,0
0,123063,9.59931e+07,-1.12232e+08,0,0
0,123095,9.59934e+07,-1.12232e+08,0,0
0,123128,9.59937e+07,-1.12232e+08,0,0
0,123161,9.59939e+07,-1.12232e+08,0,0
0,123195,9.59941e+07,-1.12233e+08,0,0
0,123230,9.59944e+07,-1.12233e+08,0,0
0,123265,9.59946e+07,-1.12233e+08,0,0
0,123300,9.59948e+07,-1.12233e+08,0,0
0,123336,9.59951e+07,-1.12234e+08,0,0
0,123372,9.59953e+07,-1.12234e+08,0,0
0,123408,9.59955e+07,-1.12234e+08,0,0
0,123445,9.59957e+07,-1.12234e+08,0,0
0,123481,9.59959e+07,-1.12234e+08,0,0
0,123518,9.59961e+07,-1.12234e+08,0,0
0,123555,9.59963e+07,-1.12235e+08,0,0
0,123592,9.59965e+07,-1.12235e+08,0,0
0,123629,9.59966e+07,-1.12235e+08,0,0
0,123666,9.59968e+07,-1.12235e+08,0,0
0,123703,9.5997e+07,-1.12235e+08,0,0
0,123740,9.59971e+07,-1.12235e+08,0,0
0,123777,9.59973e+07,-1.12236e+08,0,0
0,123814,9.59975e+07,-1.12236e+08,0,0
0,123850,9.59976e+07,-1.12236e+08,0,0
0,123887,9.59977e+07,-1.12236e+08,0,0
0,123923,9.59979e+07,-1.12236e+08,0,0
0,123959,9.5998e+07,-1.12236e+08,0,0
0,123994,9.59982e+07,-1.12236e+08,0,0
0,124030,9.59983e+07,-1.12237e+08,0,0
0,124065,9.59984e+07,-1.12237e+08,0,0
0,124100,9.59985e+07,-1.12237e+08,0,0
0,124134,9.59987e+07,-1.12237e+08,0,0
0,124168,9.59988e+07,-1.12237e+08,0,0
0,124202,9.59989e+07,-1.12237e+08,0,0
0,124235,9.5999e+07,-1.12237e+08,0,0
0,124268,9.59991e+07,-1.12237e+08,0,0
0,124301,9.59992e+07,-1.12237e+08,0,0
0,124333,9.59993e+07,-1.12238e+08,0,0
0,124365,9.59994e+07,-1.12238e+08,0,0
0,124396,9.59995e+07,-1.12238e+08,0,0
0,124427,9.59996e+07,-1.12238e+08,0,0
0,124458,9.59997e+07,-1.12238e+08,0,0
0,124488,9.59998e+07,-1.12238e+08,0,0
0,124517,9.59999e+07,-1.12238e+08,0,0
0,124546,9.6e+07,-1.12238e+08,0,0
0,124575,9.6e+07,-1.12238e+08,0,0
0,124603,9.60001e+07,-1.12238e+08,0,0
0,124631,9.60002e+07,-1.12238e+08,0,0
0,124658,9.60002e+07,-1.12238e+08,0,0
0,124685,9.60003e+07,-1.12239e+08,0,0
0,124711,9.60004e+07,-1.12239e+08,0,0
0,124736,9.60004e+07,-1.12239e+08,0,0
0,124762,9.60005e+07,-1.12239e+08,0,0
0,124786,9.60006e+07,-1.12239e+08,0,0
0,124811,9.60006e+07,-1.12239e+08,0,0
0,124834,9.60007e+07,-1.12239e+08,0,0
0,124858,9.60007e+07,-1.12239e+08,0,0
0,124880,9.60008e+07,-1.12239e+08,0,0
0,124903,9.60008e+07,-1.12239e+08,0,0
0,124925,9.60009e+07,-1.12239e+08,0,0
0,124946,9.60009e+07,-1.12239e+08,0,0
0,124967,9.6001e+07,-1.12239e+08,0,0
0,124987,9.6001e+07,-1.12239e+08,0,0
0,125007,9.6001e+07,-1.12239e+08,0,0
0,125027,9.60011e+07,-1.12239e+08,0,0
0,125046,9.60011e+07,-1.12239e+08,0,0
0,125064,9.60012e+07,-1.12239e+08,0,0
0,125082,9.60012e+07,-1.12239e+08,0,0
0,125100,9.60012e+07,-1.12239e+08,0,0
0,125117,9.60013e+07,-1.1224e+08,0,0
0,125134,9.60013e+07,-1.1224e+08,0,0
0,125150,9.60013e+07,-1.1224e+08,0,0
0,125166,9.60013e+07,-1.1224e+08,0,0
0,125182,9.60014e+07,-1.1224e+08,0,0
0,125197,9.60014e+07,-1.1224e+08,0,0
0,125212,9.60014e+07,-1.1224e+08,0,0
0,125226,9.60014e+07,-1.1224e+08,0,0
0,125240,9.60014e+07,-1.1224e+08,0,0
0,125253,9.60015e+07,-1.1224e+08,0,0
0,125267,9.60015e+07,-1.1224e+08,0,0
0,125279,9.60015e+07,-1.1224e+08,0,0
0,125292,9.60015e+07,-1.1224e+08,0,0
0,125304,9.60015e+07,-1.1224e+08,0,0
0,125316,9.60015e+07,-1.1224e+08,0,0
0,125327,9.60016e+07,-1.1224e+08,0,0
0,125338,9.60016e+07,-1.1224e+08,0,0
0,125349,9.60016e+07,-1.1224e+08,0,0
0,125359,9.60016e+07,-1.1224e+08,0,0
0,125369,9.60016e+07,-1.1224e+08,0,0
0,125379,9.60016e+07,-1.1224e+08,0,0
0,125389,9.60016e+07,-1.1224e+08,0,0
0,125398,9.60016e+07,-1.1224e+08,0,0
0,125407,9.60016e+07,-1.1224e+08,0,0
0,125416,9.60016e+07,-1.1224e+08,0,0
0,125424,9.60016e+07,-1.1224e+08,0,0
0,125432,9.60016e+07,-1.1224e+08,0,0
0,125440,9.60016e+07,-1.1224e+08,0,0
0,125447,9.60016e+07,-1.1224e+08,0,0
0,125455,9.60016e+07,-1.1224e+08,0,0
0,125462,9.60016e+07,-1.1224e+08,0,0
0,125469,9.60016e+07,-1.1224e+08,0,0
0,125475,9.60016e+07,-1.1224e+08,0,0
0,125482,9.60016e+07,-1.1224e+08,0,0
0,125488,9.60016e+07,-1.1224e+08,0,0
0,125494,9.60016e+07,-1.1224e+08,0,0
0,125500,9.60016e+07,-1.1224e+08,0,0
0,125506,9.60016e+07,-1.1224e+08,0,0
0,125511,9.60016e+07,-1.1224e+08,0,0
0,125516,9.60016e+07,-1.1224e+08,0,0
0,125521,9.60016e+07,-1.1224e+08,0,0
0,125526,9.60016e+07,-1.1224e+08,0,0
0,125531,9.60016e+07,-1.1224e+08,0,0
0,125535,9.60016e+07,-1.1224e+08,0,0
0,125540,9.60016e+07,-1.1224e+08,0,0
0,125544,9.60015e+07,-1.1224e+08,0,0
0,125548,9.60015e+07,-1.1224e+08,0,0
0,125552,9.60015e+07,-1.1224e+08,0,0
0,125556,9.60015e+07,-1.1224e+08,0,0
0,125560,9.60015e+07,-1.1224e+08,0,0
0,125563,9.60015e+07,-1.1224e+08,0,0
0,125567,9.60015e+07,-1.1224e+08,0,0
0,125570,9.60015e+07,-1.1224e+08,0,0
0,125573,9.60015e+07,-1.1224e+08,0,0
0,125576,9.60014e+07,-1.1224e+08,0,0
0,125579,9.60014e+07,-1.1224e+08,0,0
0,125582,9.60014e+07,-1.1224e+08,0,0
0,125585,9.60014e+07,-1.1224e+08,0,0
0,125588,9.60014e+07,-1.1224e+08,0,0
0,125590,9.60014e+07,-1.1224e+08,0,0
0,125593,9.60014e+07,-1.1224e+08,0,0
0,125595,9.60013e+07,-1.1224e+08,0,0
0,125597,9.60013e+07,-1.1224e+08,0,0
0,125600,9.60013e+07,-1.1224e+08,0,0
0,125602,9.60013e+07,-1.1224e+08,0,0
0,125604,9.60013e+07,-1.1224e+08,0,0
0,125606,9.60013e+07,-1.1224e+08,0,0
0,125608,9.60012e+07,-1.1224e+08,0,0
0,125610,9.60012e+07,-1.1224e+08,0,0
0,125612,9.60012e+07,-1.1224e+08,0,0
0,125614,9.60012e+07,-1.1224e+08,0,0
0,125615,9.60012e+07,-1.1224e+08,0,0
0,125617,9.60012e+07,-1.1224e+08,0,0
0,125619,9.60011e+07,-1.1224e+08,0,0
0,125620,9.60011e+07,-1.1224e+08,0,0
0,125622,9.60011e+07,-1.1224e+08,0,0
0,125623,9.60011e+07,-1.1224e+08,0,0
0,125625,9.60011e+07,-1.1224e+08,0,0
0,125626,9.6001e+07,-1.1224e+08,0,0
0,125627,9.6001e+07,-1.1224e+08,0,0
0,125629,9.6001e+07,-1.1224e+08,0,0
0,125630,9.6001e+07,-1.1224e+08,0,0
0,125631,9.6001e+07,-1.1224e+08,0,0
0,125632,9.60009e+07,-1.1224e+08,0,0
0,125634,9.60009e+07,-1.1224e+08,0,0
0,125635,9.60009e+07,-1.1224e+08,0,0
0,125636,9.60009e+07,-1.1224e+08,0,0
0,125637,9.60009e+07,-1.1224e+08,0,0
0,125638,9.60009e+07,-1.1224e+08,0,0
0,125639,9.60008e+07,-1.1224e+08,0,0
0,125640,9.60008e+07,-1.1224e+08,0,0
0,125641,9.60008e+07,-1.1224e+08,0,0
0,125642,9.60008e+07,-1.1224e+08,0,0
0,125643,9.60008e+07,-1.1224e+08,0,0
0,125644,9.60007e+07,-1.1224e+08,0,0
0,125645,9.60007e+07,-1.1224e+08,0,0
0,125645,9.60007e+07,-1.1224e+08,0,0
0,125646,9.60007e+07,-1.1224e+08,0,0
0,125647,9.60007e+07,-1.1224e+08,0,0
0,125648,9.60006e+07,-1.1224e+08,0,0
0,125649,9.60006e+07,-1.1224e+08,0,0
0,125649,9.60006e+07,-1.1224e+08,0,0
0,125650,9.60006e+07,-1.1224e+08,0,0
0,125651,9.60006e+07,-1.1224e+08,0,0
0,125651,9.60005e+07,-1.1224e+08,0,0
0,125652,9.60005e+07,-1.1224e+08,0,0
0,125653,9.60005e+07,-1.1224e+08,0,0
0,125653,9.60005e+07,-1.1224e+08,0,0
0,125654,9.60005e+07,-1.1224e+08,0,0
0,125655,9.60004e+07,-1.1224e+08,0,0
0,125655,9.60004e+07,-1.1224e+08,0,0
0,125656,9.60004e+07,-1.1224e+08,0,0
0,125656,9.60004e+07,-1.1224e+08,0,0
0,125657,9.60004e+07,-1.1224e+08,0,0
0,125657,9.60003e+07,-1.1224e+08,0,0
0,125658,9.60003e+07,-1.1224e+08,0,0
0,125658,9.60003e+07,-1.1224e+08,0,0
0,125659,9.60003e+07,-1.12239e+08,0,0
0,125659,9.60003e+07,-1.12239e+08,0,0
0,125659,9.60002e+07,-1.12239e+08,0,0
0,125660,9.60002e+07,-1.12239e+08,0,0
0,125660,9.60002e+07,-1.12239e+08,0,0
0,125660,9.60002e+07,-1.12239e+08,0,0
0,125661,9.60002e+07,-1.12239e+08,0,0
0,125661,9.60002e+07,-1.12239e+08,0,0
0,125661,9.60001e+07,-1.12239e+08,0,0
0,125662,9.60001e+07,-1.12239e+08,0,0
0,125662,9.60001e+07,-1.12239e+08,0,0
0,125662,9.60001e+07,-1.12239e+08,0,0
0,125662,9.60001e+07,-1.12239e+08,0,0
0,125663,9.6e+07,-1.12239e+08,0,0
0,125663,9.6e+07,-1.12239e+08,0,0
0,125663,9.6e+07,-1.12239e+08,0,0
0,125663,9.6e+07,-1.12239e+08,0,0
0,125663,9.6e+07,-1.12239e+08,0,0
0,125663,9.6e+07,-1.12239e+08,0,0
0,125664,9.59999e+07,-1.12239e+08,0,0
0,125664,9.59999e+07,-1.12239e+08,0,0
0,125664,9.59999e+07,-1.12239e+08,0,0
0,125664,9.59999e+07,-1.12239e+08,0,0
0,125664,9.59999e+07,-1.12239e+08,0,0
0,125664,9.59999e+07,-1.12239e+08,0,0
0,125664,9.59998e+07,-1.12239e+08,0,0
0,125664,9.59998e+07,-1.12239e+08,0,0
0,125664,9.59998e+07,-1.12239e+08,0,0
0,125664,9.59998e+07,-1.12239e+08,0,0
0,125664,9.59998e+07,-1.12239e+08,0,0
0,125664,9.59998e+07,-1.12239e+08,0,0
0,125664,9.59998e+07,-1.12239e+08,0,0
0,125664,9.59997e+07,-1.12239e+08,0,0
0,125663,9.59997e+07,-1.12239e+08,0,0
0,125663,9.59997e+07,-1.12239e+08,0,0
0,125663,9.59997e+07,-1.12239e+08,0,0
0,125663,9.59997e+07,-1.12239e+08,0,0
0,125663,9.59997e+07,-1.12239e+08,0,0
0,125663,9.59997e+07,-1.12239e+08,0,0
0,125662,9.59997e+07,-1.12239e+08,0,0
0,125662,9.59996e+07,-1.12239e+08,0,0
0,125662,9.59996e+07,-1.12239e+08,0,0
0,125662,9.59996e+07,-1.12239e+08,0,0
0,125662,9.59996e+07,-1.12239e+08,0,0
0,125661,9.59996e+07,-1.12239e+08,0,0
0,125661,9.59996e+07,-1.12239e+08,0,0
0,125661,9.59996e+07,-1.12239e+08,0,0
0,125661,9.59996e+07,-1.12239e+08,0,0
0,125660,9.59995e+07,-1.12239e+08,0,0
0,125660,9.59995e+07,-1.12239e+08,0,0
0,125660,9.59995e+07,-1.12239e+08,0,0
0,125659,9.59995e+07,-1.12239e+08,0,0
0,125659,9.59995e+07,-1.12239e+08,0,0
0,125659,9.59995e+07,-1.12239e+08,0,0
0,125659,9.59995e+07,-1.12239e+08,0,0
0,125658,9.59995e+07,-1.12239e+08,0,0
0,125658,9.59995e+07,-1.12239e+08,0,0
0,125658,9.59995e+07,-1.12239e+08,0,0
0,125657,9.59995e+07,-1.12239e+08,0,0
0,125657,9.59994e+07,-1.12239e+08,0,0
0,125657,9.59994e+07,-1.12239e+08,0,0
0,125656,9.59994e+07,-1.12239e+08,0,0
0,125656,9.59994e+07,-1.12239e+08,0,0
0,125655,9.59994e+07,-1.12239e+08,0,0
0,125655,9.59994e+07,-1.12239e+08,0,0
0,125655,9.59994e+07,-1.12239e+08,0,0
0,125654,9.59994e+07,-1.12239e+08,0,0
0,125654,9.59994e+07,-1.12239e+08,0,0
0,125654,9.59994e+07,-1.12239e+08,0,0
0,125653,9.59994e+07,-1.12239e+08,0,0
0,125653,9.59994e+07,-1.12239e+08,0,0
0,125653,9.59994e+07,-1.12239e+08,0,0
0,125652,9.59993e+07,-1.12239e+08,0,0
0,125652,9.59993e+07,-1.12239e+08,0,0
0,125651,9.59993e+07,-1.12239e+08,0,0
0,125651,9.59993e+07,-1.12239e+08,0,0
0,125651,9.59993e+07,-1.12239e+08,0,0
0,125650,9.59993e+07,-1.12239e+08,0,0
0,125650,9.59993e+07,-1.12239e+08,0,0
0,125650,9.59993e+07,-1.12239e+08,0,0
0,125649,9.59993e+07,-1.12239e+08,0,0
0,125649,9.59993e+07,-1.12239e+08,0,0
0,125649,9.59993e+07,-1.12239e+08,0,0
0,125648,9.59993e+07,-1.12239e+08,0,0
0,125648,9.59993e+07,-1.12239e+08,0,0
0,125648,9.59993e+07,-1.12239e+08,0,0
0,125647,9.59993e+07,-1.12239e+08,0,0
0,125647,9.59993e+07,-1.12239e+08,0,0
0,125647,9.59993e+07,-1.12239e+08,0,0
0,125646,9.59993e+07,-1.12239e+08,0,0
0,125646,9.59993e+07,-1.12239e+08,0,0
0,125646,9.59993e+07,-1.12239e+08,0,0
0,125646,9.59993e+07,-1.12239e+08,0,0
0,125645,9.59993e+07,-1.12239e+08,0,0
0,125645,9.59993e+07,-1.12239e+08,0,0
0,125645,9.59993e+07,-1.12239e+08,0,0
0,125645,9.59993e+07,-1.12239e+08,0,0
0,125644,9.59993e+07,-1.12239e+08,0,0
0,125644,9.59993e+07,-1.12239e+08,0,0
0,125644,9.59993e+07,-1.12239e+08,0,0
0,125644,9.59993e+07,-1.12239e+08,0,0
0,125643,9.59993e+07,-1.12239e+08,0,0
0,125643,9.59993e+07,-1.12239e+08,0,0
0,125643,9.59993e+07,-1.12239e+08,0,0
0,125643,9.59993e+07,-1.12239e+08,0,0
0,125643,9.59993e+07,-1.12239e+08,0,0
0,125643,9.59993e+07,-1.12239e+08,0,0
0,125642,9.59993e+07,-1.12239e+08,0,0
0,125642,9.59993e+07,-1.12239e+08,0,0
0,125642,9.59993e+07,-1.12239e+08,0,0
0,125642,9.59993e+07,-1.12239e+08,0,0
0,125642,9.59993e+07,-1.12239e+08,0,0
0,125642,9.59993e+07,-1.12239e+08,0,0
0,125642,9.59993e+07,-1.12239e+08,0,0
0,125642,9.59993e+07,-1.12239e+08,0,0
0,125642,9.59993e+07,-1.12239e+08,0,0
0,125641,9.59993e+07,-1.12239e+08,0,0
0,125641,9.59993e+07,-1.12239e+08,0,0
0,125641,9.59993e+07,-1.12239e+08,0,0
0,125641,9.59993e+07,-1.12239e+08,0,0
0,125641,9.59993e+07,-1.12239e+08,0,0
0,125641,9.59993e+07,-1.12239e+08,0,0
0,125641,9.59993e+07,-1.12239e+08,0,0
0,125641,9.59993e+07,-1.12239e+08,0,0
0,125641,9.59993e+07,-1.12239e+08,0,0
0,125641,9.59993e+07,-1.12239e+08,0,0
0,125641,9.59993e+07,-1.12239e+08,0,0
0,125641,9.59993e+07,-1.12239e+08,0,0
0,125641,9.59993e+07,-1.12239e+08,0,0
0,125641,9.59993e+07,-1.12239e+08,0,0
0,125641,9.59993e+07,-1.12239e+08,0,0
0,125641,9.59993e+07,-1.12239e+08,0,0
0,125642,9.59993e+07,-1.12239e+08,0,0
0,125642,9.59994e+07,-1.12239e+08,0,0
0,125642,9.59994e+07,-1.12239e+08,0,0
0,125642,9.59994e+07,-1.12239e+08,0,0
0,125642,9.59994e+07,-1.12239e+08,0,0
0,125642,9.59994e+07,-1.12239e+08,0,0
0,125642,9.59994e+07,-1.12239e+08,0,0
0,125642,9.59994e+07,-1.12239e+08,0,0
0,125642,9.59994e+07,-1.12239e+08,0,0
0,125642,9.59994e+07,-1.12239e+08,0,0
0,125643,9.59994e+07,-1.12239e+08,0,0
0,125643,9.59994e+07,-1.12239e+08,0,0
0,125643,9.59994e+07,-1.12239e+08,0,0
0,125643,9.59994e+07,-1.12239e+08,0,0
0,125643,9.59994e+07,-1.12239e+08,0,0
0,125643,9.59994e+07,-1.12239e+08,0,0
0,125643,9.59994e+07,-1.12239e+08,0,0
0,125644,9.59994e+07,-1.12239e+08,0,0
0,125644,9.59994e+07,-1.12239e+08,0,0
0,125644,9.59994e+07,-1.12239e+08,0,0
0,125644,9.59995e+07,-1.12239e+08,0,0
0,125644,9.59995e+07,-1.12239e+08,0,0
0,125645,9.59995e+07,-1.12239e+08,0,0
0,125645,9.59995e+07,-1.12239e+08,0,0
0,125645,9.59995e+07,-1.12239e+08,0,0
0,125645,9.59995e+07,-1.12239e+08,0,0
0,125645,9.59995e+07,-1.12239e+08,0,0
0,125646,9.59995e+07,-1.12239e+08,0,0
0,125646,9.59995e+07,-1.12239e+08,0,0
0,125646,9.59995e+07,-1.12239e+08,0,0
0,125646,9.59995e+07,-1.12239e+08,0,0
0,125647,9.59995e+07,-1.12239e+08,0,0
0,125647,9.59995e+07,-1.12239e+08,0,0
0,125647,9.59995e+07,-1.12239e+08,0,0
0,125647,9.59995e+07,-1.12239e+08,0,0
0,125648,9.59996e+07,-1.12239e+08,0,0
0,125648,9.59996e+07,-1.12239e+08,0,0
0,125648,9.59996e+07,-1.12239e+08,0,0
0,125648,9.59996e+07,-1.12239e+08,0,0
0,125648,9.59996e+07,-1.12239e+08,0,0
0,125649,9.59996e+07,-1.12239e+08,0,0
0,125649,9.59996e+07,-1.12239e+08,0,0
0,125649,9.59996e+07,-1.12239e+08,0,0
0,125649,9.59996e+07,-1.12239e+08,0,0
0,125650,9.59996e+07,-1.12239e+08,0,0
0,125650,9.59996e+07,-1.12239e+08,0,0
0,125650,9.59996e+07,-1.12239e+08,0,0
0,125650,9.59996e+07,-1.12239e+08,0,0
0,125651,9.59996e+07,-1.12239e+08,0,0
0,125651,9.59997e+07,-1.12239e+08,0,0
0,125651,9.59997e+07,-1.12239e+08,0,0
0,125651,9.59997e+07,-1.12239e+08,0,0
0,125652,9.59997e+07,-1.12239e+08,0,0
0,125652,9.59997e+07,-1.12239e+08,0,0
0,125652,9.59997e+07,-1.12239e+08,0,0
0,125652,9.59997e+07,-1.12239e+08,0,0
0,125653,9.59997e+07,-1.12239e+08,0,0
0,125653,9.59997e+07,-1.12239e+08,0,0
0,125653,9.59997e+07,-1.12239e+08,0,0
0,125653,9.59997e+07,-1.12239e+08,0,0
0,125654,9.59997e+07,-1.12239e+08,0,0
0,125654,9.59997e+07,-1.12239e+08,0,0
0,125654,9.59998e+07,-1.12239e+08,0,0
0,125654,9.59998e+07,-1.12239e+08,0,0
0,125655,9.59998e+07,-1.12239e+08,0,0
0,125655,9.59998e+07,-1.12239e+08,0,0
0,125655,9.59998e+07,-1.12239e+08,0,0
0,125655,9.59998e+07,-1.12239e+08,0,0
0,125656,9.59998e+07,-1.12239e+08,0,0
0,125656,9.59998e+07,-1.12239e+08,0,0
0,125656,9.59998e+07,-1.12239e+08,0,0
0,125656,9.59998e+07,-1.12239e+08,0,0
0,125656,9.59998e+07,-1.12239e+08,0,0
0,125657,9.59998e+07,-1.12239e+08,0,0
0,125657,9.59998e+07,-1.12239e+08,0,0
0,125657,9.59998e+07,-1.12239e+08,0,0
0,125657,9.59999e+07,-1.12239e+08,0,0
0,125657,9.59999e+07,-1.12239e+08,0,0
0,125658,9.59999e+07,-1.12239e+08,0,0
0,125658,9.59999e+07,-1.12239e+08,0,0
0,125658,9.59999e+07,-1.12239e+08,0,0
0,125658,9.59999e+07,-1.12239e+08,0,0
0,125658,9.59999e+07,-1.12239e+08,0,0
0,125659,9.59999e+07,-1.12239e+08,0,0
0,125659,9.59999e+07,-1.12239e+08,0,0
0,125659,9.59999e+07,-1.12239e+08,0,0
0,125659,9.59999e+07,-1.12239e+08,0,0
0,125659,9.59999e+07,-1.12239e+08,0,0
0,125659,9.59999e+07,-1.12239e+08,0,0
0,125660,9.59999e+07,-1.12239e+08,0,0
0,125660,9.59999e+07,-1.12239e+08,0,0
0,125660,9.6e+07,-1.12239e+08,0,0
0,125660,9.6e+07,-1.12239e+08,0,0
0,125660,9.6e+07,-1.12239e+08,0,0
0,125660,9.6e+07,-1.12239e+08,0,0
0,125661,9.6e+07,-1.12239e+08,0,0
0,125661,9.6e+07,-1.12239e+08,0,0
0,125661,9.6e+07,-1.12239e+08,0,0
0,125661,9.6e+07,-1.12239e+08,0,0
0,125661,9.6e+07,-1.12239e+08,0,0
0,125661,9.6e+07,-1.12239e+08,0,0
0,125661,9.6e+07,-1.12239e+08,0,0
0,125662,9.6e+07,-1.12239e+08,0,0
0,125662,9.6e+07,-1.12239e+08,0,0
0,125662,9.6e+07,-1.12239e+08,0,0
0,125662,9.6e+07,-1.12239e+08,0,0
0,125662,9.6e+07,-1.12239e+08,0,0
0,125662,9.6e+07,-1.12239e+08,0,0
0,125662,9.60001e+07,-1.12239e+08,0,0
0,125662,9.60001e+07,-1.12239e+08,0,0
0,125663,9.60001e+07,-1.12239e+08,0,0
0,125663,9.60001e+07,-1.12239e+08,0,0
0,125663,9.60001e+07,-1.12239e+08,0,0
0,125663,9.60001e+07,-1.12239e+08,0,0
0,125663,9.60001e+07,-1.12239e+08,0,0
0,125663,9.60001e+07,-1.12239e+08,0,0
0,125663,9.60001e+07,-1.12239e+08,0,0
0,125663,9.60001e+07,-1.12239e+08,0,0
0,125663,9.60001e+07,-1.12239e+08,0,0
0,125663,9.60001e+07,-1.12239e+08,0,0
0,125664,9.60001e+07,-1.12239e+08,0,0
0,125664,9.60001e+07,-1.12239e+08,0,0
0,125664,9.60001e+07,-1.12239e+08,0,0
0,125664,9.60001e+07,-1.12239e+08,0,0
0,125664,9.60001e+07,-1.12239e+08,0,0
0,125664,9.60001e+07,-1.12239e+08,0,0
0,125664,9.60001e+07,-1.12239e+08,0,0
0,125664,9.60001e+07,-1.12239e+08,0,0
0,125664,9.60001e+07,-1.12239e+08,0,0
0,125664,9.60002e+07,-1.12239e+08,0,0
0,125664,9.60002e+07,-1.12239e+08,0,0
0,125664,9.60002e+07,-1.12239e+08,0,0
0,125665,9.60002e+07,-1.12239e+08,0,0
0,125665,9.60002e+07,-1.12239e+08,0,0
0,125665,9.60002e+07,-1.12239e+08,0,0
0,125665,9.60002e+07,-1.12239e+08,0,0
0,125665,9.60002e+07,-1.12239e+08,0,0
0,125665,9.60002e+07,-1.12239e+08,0,0
0,125665,9.60002e+07,-1.12239e+08,0,0
0,125665,9.60002e+07,-1.12239e+08,0,0
0,125665,9.60002e+07,-1.12239e+08,0,0
0,125665,9.60002e+07,-1.12239e+08,0,0
0,125665,9.60002e+07,-1.12239e+08,0,0
0,125665,9.60002e+07,-1.12239e+08,0,0
0,125665,9.60002e+07,-1.12239e+08,0,0
0,125665,9.60002e+07,-1.12239e+08,0,0
0,125665,9.60002e+07,-1.12239e+08,0,0
0,125665,9.60002e+07,-1.12239e+08,0,0
0,125666,9.60002e+07,-1.12239e+08,0,0
0,125666,9.60002e+07,-1.12239e+08,0,0
0,125666,9.60002e+07,-1.12239e+08,0,0
0,125666,9.60002e+07,-1.12239e+08,0,0
0,125666,9.60002e+07,-1.12239e+08,0,0
0,125666,9.60002e+07,-1.12239e+08,0,0
0,125666,9.60002e+07,-1.12239e+08,0,0
0,125666,9.60002e+07,-1.12239e+08,0,0
0,125666,9.60002e+07,-1.12239e+08,0,0
0,125666,9.60002e+07,-1.12239e+08,0,0
0,125666,9.60002e+07,-1.12239e+08,0,0
0,125666,9.60002e+07,-1.12239e+08,0,0
0,125666,9.60002e+07,-1.12239e+08,0,0
0,125666,9.60002e+07,-1.12239e+08,0,0
0,125666,9.60002e+07,-1.12239e+08,0,0
0,125666,9.60002e+07,-1.12239e+08,0,0
0,125666,9.60003e+07,-1.12239e+08,0,0
0,125666,9.60003e+07,-1.12239e+08,0,0
0,125666,9.60003e+07,-1.12239e+08,0,0
0,125666,9.60003e+07,-1.12239e+08,0,0
0,125667,9.60003e+07,-1.12239e+08,0,0
0,125667,9.60003e+07,-1.12239e+08,0,0
0,125667,9.60003e+07,-1.12239e+08,0,0
0,125667,9.60003e+07,-1.12239e+08,0,0
0,125667,9.60003e+07,-1.12239e+08,0,0
0,125667,9.60003e+07,-1.12239e+08,0,0
0,125667,9.60003e+07,-1.12239e+08,0,0
0,125667,9.60003e+07,-1.12239e+08,0,0
0,125667,9.60003e+07,-1.12239e+08,0,0
0,125667,9.60003e+07,-1.12239e+08,0,0
0,125667,9.60003e+07,-1.12239e+08,0,0
0,125667,9.60003e+07,-1.12239e+08,0,0
0,125667,9.60003e+07,-1.12239e+08,0,0
0,125667,9.60003e+07,-1.12239e+08,0,0
0,125667,9.60003e+07,-1.12239e+08,0,0
0,125667,9.60003e+07,-1.12239e+08,0,0
0,125667,9.60003e+07,-1.12239e+08,0,0
0,125667,9.60003e+07,-1.12239e+08,0,0
0,125667,9.60003e+07,-1.12239e+08,0,0
0,125667,9.60003e+07,-1.12239e+08,0,0
0,125667,9.60003e+07,-1.12239e+08,0,0
0,125667,9.60003e+07,-1.12239e+08,0,0
0,125667,9.60003e+07,-1.12239e+08,0,0
0,125667,9.60003e+07,-1.12239e+08,0,0
0,125667,9.60003e+07,-1.12239e+08,0,0
0,125667,9.60003e+07,-1.12239e+08,0,0
0,125667,9.60003e+07,-1.12239e+08,0,0
0,125667,9.60003e+07,-1.12239e+08,0,0
0,125667,9.60003e+07,-1.12239e+08,0,0
0,125668,9.60003e+07,-1.12239e+08,0,0
0,125668,9.60003e+07,-1.12239e+08,0,0
0,125668,9.60003e+07,-1.12239e+08,0,0
0,125668,9.60003e+07,-1.12239e+08,0,0
0,125668,9.60003e+07,-1.12239e+08,0,0
0,125668,9.60003e+07,-1.12239e+08,0,0
0,125668,9.60003e+07,-1.12239e+08,0,0
0,125668,9.60003e+07,-1.12239e+08,0,0
0,125668,9.60003e+07,-1.12239e+08,0,0
0,125668,9.60003e+07,-1.12239e+08,0,0
0,125668,9.60003e+07,-1.12239e+08,0,0
0,125668,9.60003e+07,-1.12239e+08,0,0
0,125668,9.60003e+07,-1.12239e+08,0,0
0,125668,9.60003e+07,-1.12239e+08,0,0
0,125668,9.60003e+07,-1.12239e+08,0,0
0,125668,9.60003e+07,-1.12239e+08,0,0
0,125668,9.60002e+07,-1.12239e+08,0,0
0,125668,9.60002e+07,-1.12239e+08,0,0
0,125668,9.60002e+07,-1.12239e+08,0,0
0,125668,9.60002e+07,-1.12239e+08,0,0
0,125668,9.60002e+07,-1.12239e+08,0,0
0,125668,9.60002e+07,-1.12239e+08,0,0
0,125668,9.60002e+07,-1.12239e+08,0,0
0,125668,9.60002e+07,-1.12239e+08,0,0
0,125668,9.60002e+07,-1.12239e+08,0,0
0,125668,9.60002e+07,-1.12239e+08,0,0
0,125668,9.60002e+07,-1.12239e+08,0,0
0,125668,9.60002e+07,-1.12239e+08,0,0
0,125668,9.60002e+07,-1.12239e+08,0,0
0,125668,9.60002e+07,-1.12239e+08,0,0
0,125668,9.60002e+07,-1.12239e+08,0,0
0,125668,9.60002e+07,-1.12239e+08,0,0
0,125668,9.60002e+07,-1.12239e+08,0,0
0,125668,9.60002e+07,-1.12239e+08,0,0
0,125668,9.60002e+07,-1.12239e+08,0,0
0,125668,9.60002e+07,-1.12239e+08,0,0
0,125668,9.60002e+07,-1.12239e+08,0,0
0,125667,9.60002e+07,-1.12239e+08,0,0
0,125667,9.60002e+07,-1.12239e+08,0,0
0,125667,9.60002e+07,-1.12239e+08,0,0
0,125667,9.60002e+07,-1.12239e+08,0,0
0,125667,9.60002e+07,-1.12239e+08,0,0
0,125667,9.60002e+07,-1.12239e+08,0,0
0,125667,9.60002e+07,-1.12239e+08,0,0
0,125667,9.60002e+07,-1.12239e+08,0,0
0,125667,9.60002e+07,-1.12239e+08,0,0
0,125667,9.60002e+07,-1.12239e+08,0,0
0,125667,9.60002e+07,-1.12239e+08,0,0
0,125667,9.60002e+07,-1.12239e+08,0,0
0,125667,9.60002e+07,-1.12239e+08,0,0
0,125667,9.60002e+07,-1.12239e+08,0,0
0,125667,9.60002e+07,-1.12239e+08,0,0
0,125667,9.60002e+07,-1.12239e+08,0,0
0,125667,9.60002e+07,-1.12239e+08,0,0
0,125667,9.60002e+07,-1.12239e+08,0,0
0,125667,9.60002e+07,-1.12239e+08,0,0
0,125667,9.60002e+07,-1.12239e+08,0,0
0,125667,9.60002e+07,-1.12239e+08,0,0
0,125667,9.60002e+07,-1.12239e+08,0,0
0,125667,9.60002e+07,-1.12239e+08,0,0
0,125667,9.60002e+07,-1.12239e+08,0,0
0,125667,9.60002e+07,-1.12239e+08,0,0
0,125667,9.60002e+07,-1.12239e+08,0,0
0,125666,9.60002e+07,-1.12239e+08,0,0
0,125666,9.60002e+07,-1.12239e+08,0,0
0,125666,9.60001e+07,-1.12239e+08,0,0
0,125666,9.60001e+07,-1.12239e+08,0,0
0,125666,9.60001e+07,-1.12239e+08,0,0
0,125666,9.60001e+07,-1.12239e+08,0,0
0,125666,9.60001e+07,-1.12239e+08,0,0
0,125666,9.60001e+07,-1.12239e+08,0,0
0,125666,9.60001e+07,-1.12239e+08,0,0
0,125666,9.60001e+07,-1.12239e+08,0,0
0,125666,9.60001e+07,-1.12239e+08,0,0
0,125666,9.60001e+07,-1.12239e+08,0,0
0,125666,9.60001e+07,-1.12239e+08,0,0
0,125666,9.60001e+07,-1.12239e+08,0,0
0,125666,9.60001e+07,-1.12239e+08,0,0
0,125666,9.60001e+07,-1.12239e+08,0,0
0,125666,9.60001e+07,-1.12239e+08,0,0
0,125665,9.60001e+07,-1.12239e+08,0,0
0,125665,9.60001e+07,-1.12239e+08,0,0
0,125665,9.60001e+07,-1.12239e+08,0,0
0,125665,9.60001e+07,-1.12239e+08,0,0
0,125665,9.60001e+07,-1.12239e+08,0,0
0,125665,9.60001e+07,-1.12239e+08,0,0
0,125665,9.60001e+07,-1.12239e+08,0,0
0,125665,9.60001e+07,-1.12239e+08,0,0
0,125665,9.60001e+07,-1.12239e+08,0,0
0,125665,9.60001e+07,-1.12239e+08,0,0
0,125665,9.60001e+07,-1.12239e+08,0,0
0,125665,9.60001e+07,-1.12239e+08,0,0
0,125665,9.60001e+07,-1.12239e+08,0,0
0,125665,9.60001e+07,-1.12239e+08,0,0
0,125665,9.60001e+07,-1.12239e+08,0,0
0,125664,9.60001e+07,-1.12239e+08,0,0
0,125664,9.60001e+07,-1.12239e+08,0,0
0,125664,9.60001e+07,-1.12239e+08,0,0
0,125664,9.60001e+07,-1.12239e+08,0,0
0,125664,9.60001e+07,-1.12239e+08,0,0
0,125664,9.60001e+07,-1.12239e+08,0,0
0,125664,9.60001e+07,-1.12239e+08,0,0
0,125664,9.60001e+07,-1.12239e+08,0,0
0,125664,9.60001e+07,-1.12239e+08,0,0
0,125664,9.60001e+07,-1.12239e+08,0,0
0,125664,9.60001e+07,-1.12239e+08,0,0
0,125664,9.6e+07,-1.12239e+08,0,0
0,125664,9.6e+07,-1.12239e+08,0,0
0,125664,9.6e+07,-1.12239e+08,0,0
0,125664,9.6e+07,-1.12239e+08,0,0
0,125663,9.6e+07,-1.12239e+08,0,0
0,125663,9.6e+07,-1.12239e+08,0,0
0,125663,9.6e+07,-1.12239e+08,0,0
0,125663,9.6e+07,-1.12239e+08,0,0
0,125663,9.6e+07,-1.12239e+08,0,0
0,125663,9.6e+07,-1.12239e+08,0,0
0,125663,9.6e+07,-1.12239e+08,0,0
0,125663,9.6e+07,-1.12239e+08,0,0
0,125663,9.6e+07,-1.12239e+08,0,0
0,125663,9.6e+07,-1.12239e+08,0,0
0,125663,9.6e+07,-1.12239e+08,0,0
0,125663,9.6e+07,-1.12239e+08,0,0
0,125663,9.6e+07,-1.12239e+08,0,0
0,125663,9.6e+07,-1.12239e+08,0,0
0,125663,9.6e+07,-1.12239e+08,0,0
0,125663,9.6e+07,-1.12239e+08,0,0
0,125662,9.6e+07,-1.12239e+08,0,0
0,125662,9.6e+07,-1.12239e+08,0,0
0,125662,9.6e+07,-1.12239e+08,0,0
0,125662,9.6e+07,-1.12239e+08,0,0
0,125662,9.6e+07,-1.12239e+08,0,0
0,125662,9.6e+07,-1.12239e+08,0,0
0,125662,9.6e+07,-1.12239e+08,0,0
0,125662,9.6e+07,-1.12239e+08,0,0
0,125662,9.6e+07,-1.12239e+08,0,0
0,125662,9.6e+07,-1.12239e+08,0,0
0,125662,9.6e+07,-1.12239e+08,0,0
0,125662,9.6e+07,-1.12239e+08,0,0
0,125662,9.6e+07,-1.12239e+08,0,0
0,125662,9.6e+07,-1.12239e+08,0,0
0,125662,9.6e+07,-1.12239e+08,0,0
0,125662,9.6e+07,-1.12239e+08,0,0
0,125662,9.6e+07,-1.12239e+08,0,0
0,125662,9.6e+07,-1.12239e+08,0,0
0,125662,9.6e+07,-1.12239e+08,0,0
0,125661,9.6e+07,-1.12239e+08,0,0
0,125661,9.6e+07,-1.12239e+08,0,0
0,125661,9.6e+07,-1.12239e+08,0,0
0,125661,9.6e+07,-1.12239e+08,0,0
0,125661,9.6e+07,-1.12239e+08,0,0
0,125661,9.6e+07,-1.12239e+08,0,0
0,125661,9.6e+07,-1.12239e+08,0,0
0,125661,9.6e+07,-1.12239e+08,0,0
0,125661,9.6e+07,-1.12239e+08,0,0
0,125661,9.6e+07,-1.12239e+08,0,0
0,125661,9.6e+07,-1.12239e+08,0,0
0,125661,9.6e+07,-1.12239e+08,0,0
0,125661,9.6e+07,-1.12239e+08,0,0
0,125661,9.6e+07,-1.12239e+08,0,0
0,125661,9.6e+07,-1.12239e+08,0,0
0,125661,9.6e+07,-1.12239e+08,0,0
0,125661,9.6e+07,-1.12239e+08,0,0
0,125661,9.6e+07,-1.12239e+08,0,0
0,125661,9.6e+07,-1.12239e+08,0,0
0,125661,9.59999e+07,-1.12239e+08,0,0
0,125661,9.59999e+07,-1.12239e+08,0,0
0,125661,9.59999e+07,-1.12239e+08,0,0
0,125661,9.59999e+07,-1.12239e+08,0,0
0,125661,9.59999e+07,-1.12239e+08,0,0
0,125661,9.59999e+07,-1.12239e+08,0,0
0,125661,9.59999e+07,-1.12239e+08,0,0
0,125661,9.59999e+07,-1.12239e+08,0,0
0,125661,9.59999e+07,-1.12239e+08,0,0
0,125661,9.59999e+07,-1.12239e+08,0,0
0,125661,9.59999e+07,-1.12239e+08,0,0
0,125660,9.59999e+07,-1.12239e+08,0,0
0,125660,9.59999e+07,-1.12239e+08,0,0
0,125660,9.59999e+07,-1.12239e+08,0,0
0,125660,9.59999e+07,-1.12239e+08,0,0
0,125660,9.59999e+07,-1.12239e+08,0,0
0,125660,9.59999e+07,-1.12239e+08,0,0
0,125660,9.59999e+07,-1.12239e+08,0,0
0,125660,9.59999e+07,-1.12239e+08,0,0
0,125660,9.59999e+07,-1.12239e+08,0,0
0,125660,9.59999e+07,-1.12239e+08,0,0
0,125660,9.59999e+07,-1.12239e+08,0,0
0,125660,9.59999e+07,-1.12239e+08,0,0
0,125660,9.59999e+07,-1.12239e+08,0,0
0,125660,9.59999e+07,-1.12239e+08,0,0
0,125660,9.59999e+07,-1.12239e+08,0,0
0,125660,9.59999e+07,-1.12239e+08,0,0
0,125660,9.59999e+07,-1.12239e+08,0,0
0,125660,9.59999e+07,-1.12239e+08,0,0
0,125660,9.59999e+07,-1.12239e+08,0,0
0,125660,9.59999e+07,-1.12239e+08,0,0
0,125660,9.59999e+07,-1.12239e+08,0,0
0,125660,9.59999e+07,-1.12239e+08,0,0
0,125660,9.59999e+07,-1.12239e+08,0,0
0,125660,9.59999e+07,-1.12239e+08,0,0
0,125660,9.59999e+07,-1.12239e+08,0,0
0,125660,9.59999e+07,-1.12239e+08,0,0
0,125660,9.59999e+07,-1.12239e+08,0,0
0,125660,9.59999e+07,-1.12239e+08,0,0
0,125660,9.59999e+07,-1.12239e+08,0,0
0,125660,9.59999e+07,-1.12239e+08,0,0
0,125660,9.59999e+07,-1.12239e+08,0,0
0,125660,9.59999e+07,-1.12239e+08,0,0
0,125660,9.59999e+07,-1.12239e+08,0,0
0,125660,9.59999e+07,-1.12239e+08,0,0
0,125660,9.59999e+07,-1.12239e+08,0,0
0,125660,9.59999e+07,-1.12239e+08,0,0
0,125660,9.59999e+07,-1.12239e+08,0,0
0,125660,9.59999e+07,-1.12239e+08,0,0
0,125660,9.59999e+07,-1.12239e+08,0,0
0,125660,9.59999e+07,-1.12239e+08,0,0
0,125660,9.59999e+07,-1.12239e+08,0,0
0,125660,9.59999e+07,-1.12239e+08,0,0
0,125660,9.59999e+07,-1.12239e+08,0,0
0,125660,9.59999e+07,-1.12239e+08,0,0
0,125660,9.59999e+07,-1.12239e+08,0,0
0,125660,9.59999e+07,-1.12239e+08,0,0
0,125660,9.59999e+07,-1.12239e+08,0,0
0,125660,9.59999e+07,-1.12239e+08,0,0
0,125660,9.59999e+07,-1.12239e+08,0,0
0,125660,9.59999e+07,-1.12239e+08,0,0
0,125660,9.59999e+07,-1.12239e+08,0,0
0,125660,9.59999e+07,-1.12239e+08,0,0
0,125660,9.59999e+07,-1.12239e+08,0,0
0,125660,9.59999e+07,-1.12239e+08,0,0
0,125660,9.59999e+07,-1.12239e+08,0,0
0,125660,9.59999e+07,-1.12239e+08,0,0
0,125660,9.59999e+07,-1.12239e+08,0,0
0,125660,9.59999e+07,-1.12239e+08,0,0
0,125660,9.59999e+07,-1.12239e+08,0,0
0,125660,9.59999e+07,-1.12239e+08,0,0
0,125660,9.59999e+07,-1.12239e+08,0,0
0,125660,9.59999e+07,-1.12239e+08,0,0
0,125660,9.59999e+07,-1.12239e+08,0,0
0,125660,9.59999e+07,-1.12239e+08,0,0
0,125660,9.59999e+07,-1.12239e+08,0,0
0,125660,9.59999e+07,-1.12239e+08,0,0
0,125660,9.59999e+07,-1.12239e+08,0,0
0,125660,9.59999e+07,-1.12239e+08,0,0
0,125660,9.59999e+07,-1.12239e+08,0,0
0,125660,9.59999e+07,-1.12239e+08,0,0
0,125660,9.59999e+07,-1.12239e+08,0,0
0,125660,9.59999e+07,-1.12239e+08,0,0
0,125660,9.59999e+07,-1.12239e+08,0,0
0,125660,9.59999e+07,-1.12239e+08,0,0
0,125660,9.59999e+07,-1.12239e+08,0,0
0,125660,9.59999e+07,-1.12239e+08,0,0
0,125660,9.59999e+07,-1.12239e+08,0,0
0,125660,9.59999e+07,-1.12239e+08,0,0
0,125660,9.59999e+07,-1.12239e+08,0,0
0,125660,9.59999e+07,-1.12239e+08,0,0
0,125660,9.59999e+07,-1.12239e+08,0,0
0,125660,9.59999e+07,-1.12239e+08,0,0
0,125660,9.59999e+07,-1.12239e+08,0,0
0,125660,9.59999e+07,-1.12239e+08,0,0
0,125660,9.59999e+07,-1.12239e+08,0,0
0,125660,9.6e+07,-1.12239e+08,0,0
0,125660,9.6e+07,-1.12239e+08,0,0
0,125660,9.6e+07,-1.12239e+08,0,0
0,125660,9.6e+07,-1.12239e+08,0,0
0,125660,9.6e+07,-1.12239e+08,0,0
0,125660,9.6e+07,-1.12239e+08,0,0
0,125660,9.6e+07,-1.12239e+08,0,0
0,125660,9.6e+07,-1.12239e+08,0,0
0,125660,9.6e+07,-1.12239e+08,0,0
0,125661,9.6e+07,-1.12239e+08,0,0
0,125661,9.6e+07,-1.12239e+08,0,0
0,125661,9.6e+07,-1.12239e+08,0,0
0,125661,9.6e+07,-1.12239e+08,0,0
0,125661,9.6e+07,-1.12239e+08,0,0
0,125661,9.6e+07,-1.12239e+08,0,0
0,125661,9.6e+07,-1.12239e+08,0,0
0,125661,9.6e+07,-1.12239e+08,0,0
0,125661,9.6e+07,-1.12239e+08,0,0
0,125661,9.6e+07,-1.12239e+08,0,0
0,125661,9.6e+07,-1.12239e+08,0,0
0,125661,9.6e+07,-1.12239e+08,0,0
0,125661,9.6e+07,-1.12239e+08,0,0
0,125661,9.6e+07,-1.12239e+08,0,0
0,125661,9.6e+07,-1.12239e+08,0,0
0,125661,9.6e+07,-1.12239e+08,0,0
0,125661,9.6e+07,-1.12239e+08,0,0
0,125661,9.6e+07,-1.12239e+08,0,0
0,125661,9.6e+07,-1.12239e+08,0,0
0,125661,9.6e+07,-1.12239e+08,0,0
0,125661,9.6e+07,-1.12239e+08,0,0
0,125661,9.6e+07,-1.12239e+08,0,0
0,125661,9.6e+07,-1.12239e+08,0,0
0,125661,9.6e+07,-1.12239e+08,0,0
0,125661,9.6e+07,-1.12239e+08,0,0
0,125661,9.6e+07,-1.12239e+08,0,0
0,125661,9.6e+07,-1.12239e+08,0,0
0,125661,9.6e+07,-1.12239e+08,0,0
0,125661,9.6e+07,-1.12239e+08,0,0
0,125661,9.6e+07,-1.12239e+08,0,0
0,125661,9.6e+07,-1.12239e+08,0,0
0,125661,9.6e+07,-1.12239e+08,0,0
0,125661,9.6e+07,-1.12239e+08,0,0
0,125661,9.6e+07,-1.12239e+08,0,0
0,125661,9.6e+07,-1.12239e+08,0,0
0,125661,9.6e+07,-1.12239e+08,0,0
0,125661,9.6e+07,-1.12239e+08,0,0
0,125661,9.6e+07,-1.12239e+08,0,0
0,125661,9.6e+07,-1.12239e+08,0,0
0,125661,9.6e+07,-1.12239e+08,0,0
0,125661,9.6e+07,-1.12239e+08,0,0
0,125661,9.6e+07,-1.12239e+08,0,0
0,125661,9.6e+07,-1.12239e+08,0,0
0,125661,9.6e+07,-1.12239e+08,0,0
0,125661,9.6e+07,-1.12239e+08,0,0
0,125661,9.6e+07,-1.12239e+08,0,0
0,125661,9.6e+07,-1.12239e+08,0,0
0,125661,9.6e+07,-1.12239e+08,0,0
0,125661,9.6e+07,-1.12239e+08,0,0
0,125661,9.6e+07,-1.12239e+08,0,0
0,125661,9.6e+07,-1.12239e+08,0,0
0,125661,9.6e+07,-1.12239e+08,0,0
0,125661,9.6e+07,-1.12239e+08,0,0
0,125661,9.6e+07,-1.12239e+08,0,0
0,125661,9.6e+07,-1.12239e+08,0,0
0,125662,9.6e+07,-1.12239e+08,0,0
0,125662,9.6e+07,-1.12239e+08,0,0
0,125662,9.6e+07,-1.12239e+08,0,0
0,125662,9.6e+07,-1.12239e+08,0,0
0,125662,9.6e+07,-1.12239e+08,0,0
0,125662,9.6e+07,-1.12239e+08,0,0
0,125662,9.6e+07,-1.12239e+08,0,0
0,125662,9.6e+07,-1.12239e+08,0,0
0,125662,9.6e+07,-1.12239e+08,0,0
0,125662,9.6e+07,-1.12239e+08,0,0
0,125662,9.6e+07,-1.12239e+08,0,0
0,125662,9.6e+07,-1.12239e+08,0,0
0,125662,9.6e+07,-1.12239e+08,0,0
0,125662,9.6e+07,-1.12239e+08,0,0
0,125662,9.6e+07,-1.12239e+08,0,0
0,125662,9.6e+07,-1.12239e+08,0,0
0,125662,9.6e+07,-1.12239e+08,0,0
0,125662,9.6e+07,-1.12239e+08,0,0
0,125662,9.6e+07,-1.12239e+08,0,0
0,125662,9.6e+07,-1.12239e+08,0,0
0,125662,9.6e+07,-1.12239e+08,0,0
0,125662,9.6e+07,-1.12239e+08,0,0
0,125662,9.6e+07,-1.12239e+08,0,0
0,125662,9.6e+07,-1.12239e+08,0,0
0,125662,9.6e+07,-1.12239e+08,0,0
0,125662,9.6e+07,-1.12239e+08,0,0
0,125662,9.6e+07,-1.12239e+08,0,0
0,125662,9.6e+07,-1.12239e+08,0,0
0,125662,9.6e+07,-1.12239e+08,0,0
0,125662,9.6e+07,-1.12239e+08,0,0
0,125662,9.6e+07,-1.12239e+08,0,0
0,125662,9.6e+07,-1.12239e+08,0,0
0,125662,9.6e+07,-1.12239e+08,0,0
0,125662,9.6e+07,-1.12239e+08,0,0
0,125662,9.6e+07,-1.12239e+08,0,0
0,125662,9.6e+07,-1.12239e+08,0,0
0,125662,9.6e+07,-1.12239e+08,0,0
0,125662,9.6e+07,-1.12239e+08,0,0
0,125662,9.6e+07,-1.12239e+08,0,0
0,125662,9.6e+07,-1.12239e+08,0,0
0,125662,9.6e+07,-1.12239e+08,0,0
0,125662,9.6e+07,-1.12239e+08,0,0
0,125662,9.6e+07,-1.12239e+08,0,0
0,125662,9.6e+07,-1.12239e+08,0,0
0,125662,9.6e+07,-1.12239e+08,0,0
0,125662,9.6e+07,-1.12239e+08,0,0
0,125662,9.6e+07,-1.12239e+08,0,0
0,125662,9.6e+07,-1.12239e+08,0,0
0,125662,9.6e+07,-1.12239e+08,0,0
0,125662,9.6e+07,-1.12239e+08,0,0
0,125662,9.6e+07,-1.12239e+08,0,0
0,125662,9.6e+07,-1.12239e+08,0,0
0,125662,9.6e+07,-1.12239e+08,0,0
0,125662,9.6e+07,-1.12239e+08,0,0
0,125662,9.6e+07,-1.12239e+08,0,0
0,125662,9.6e+07,-1.12239e+08,0,0
0,125662,9.6e+07,-1.12239e+08,0,0
0,125662,9.6e+07,-1.12239e+08,0,0
0,125662,9.6e+07,-1.12239e+08,0,0
0,125662,9.6e+07,-1.12239e+08,0,0
0,125662,9.6e+07,-1.12239e+08,0,0
0,125663,9.6e+07,-1.12239e+08,0,0
0,125663,9.6e+07,-1.12239e+08,0,0
0,125663,9.6e+07,-1.12239e+08,0,0
0,125663,9.6e+07,-1.12239e+08,0,0
0,125663,9.6e+07,-1.12239e+08,0,0
0,125663,9.6e+07,-1.12239e+08,0,0
0,125663,9.6e+07,-1.12239e+08,0,0
0,125663,9.6e+07,-1.12239e+08,0,0
0,125663,9.6e+07,-1.12239e+08,0,0
0,125663,9.6e+07,-1.12239e+08,0,0
0,125663,9.6e+07,-1.12239e+08,0,0
0,125663,9.6e+07,-1.12239e+08,0,0
0,125663,9.6e+07,-1.12239e+08,0,0
0,125663,9.6e+07,-1.12239e+08,0,0
0,125663,9.6e+07,-1.12239e+08,0,0
0,125663,9.6e+07,-1.12239e+08,0,0
0,125663,9.6e+07,-1.12239e+08,0,0
0,125663,9.6e+07,-1.12239e+08,0,0
0,125663,9.6e+07,-1.12239e+08,0,0
0,125663,9.6e+07,-1.12239e+08,0,0
0,125663,9.6e+07,-1.12239e+08,0,0
0,125663,9.6e+07,-1.12239e+08,0,0
0,125663,9.6e+07,-1.12239e+08,0,0
0,125663,9.6e+07,-1.12239e+08,0,0
0,125663,9.6e+07,-1.12239e+08,0,0
0,125663,9.6e+07,-1.12239e+08,0,0
0,125663,9.6e+07,-1.12239e+08,0,0
0,125663,9.6e+07,-1.12239e+08,0,0
0,125663,9.6e+07,-1.12239e+08,0,0
0,125663,9.6e+07,-1.12239e+08,0,0
0,125663,9.6e+07,-1.12239e+08,0,0
0,125663,9.6e+07,-1.12239e+08,0,0
0,125663,9.6e+07,-1.12239e+08,0,0
0,125663,9.6e+07,-1.12239e+08,0,0
0,125663,9.6e+07,-1.12239e+08,0,0
0,125663,9.6e+07,-1.12239e+08,0,0
0,125663,9.6e+07,-1.12239e+08,0,0
0,125663,9.6e+07,-1.12239e+08,0,0
0,125663,9.6e+07,-1.12239e+08,0,0
0,125663,9.6e+07,-1.12239e+08,0,0
0,125663,9.6e+07,-1.12239e+08,0,0
0,125663,9.6e+07,-1.12239e+08,0,0
0,125663,9.6e+07,-1.12239e+08,0,0
0,125663,9.6e+07,-1.12239e+08,0,0
0,125663,9.6e+07,-1.12239e+08,0,0
0,125663,9.6e+07,-1.12239e+08,0,0
0,125663,9.6e+07,-1.12239e+08,0,0
0,125663,9.6e+07,-1.12239e+08,0,0
0,125663,9.6e+07,-1.12239e+08,0,0
0,125663,9.6e+07,-1.12239e+08,0,0
0,125663,9.6e+07,-1.12239e+08,0,0
0,125663,9.6e+07,-1.12239e+08,0,0
0,125663,9.6e+07,-1.12239e+08,0,0
0,125663,9.6e+07,-1.12239e+08,0,0
0,125663,9.6e+07,-1.12239e+08,0,0
0,125663,9.6e+07,-1.12239e+08,0,0
0,125663,9.6e+07,-1.12239e+08,0,0
0,125663,9.6e+07,-1.12239e+08,0,0
0,125663,9.6e+07,-1.12239e+08,0,0
0,125663,9.6e+07,-1.12239e+08,0,0
0,125663,9.6e+07,-1.12239e+08,0,0
0,125663,9.6e+07,-1.12239e+08,0,0
0,125663,9.6e+07,-1.12239e+08,0,0
0,125663,9.6e+07,-1.12239e+08,0,0
0,125663,9.6e+07,-1.12239e+08,0,0
0,125663,9.6e+07,-1.12239e+08,0,0
0,125663,9.6e+07,-1.12239e+08,0,0
0,125663,9.6e+07,-1.12239e+08,0,0
0,125663,9.6e+07,-1.12239e+08,0,0
0,125663,9.6e+07,-1.12239e+08,0,0
0,125663,9.6e+07,-1.12239e+08,0,0
0,125663,9.6e+07,-1.12239e+08,0,0
0,125663,9.6e+07,-1.12239e+08,0,0
0,125663,9.6e+07,-1.12239e+08,0,0
0,125663,9.6e+07,-1.12239e+08,0,0
0,125663,9.6e+07,-1.12239e+08,0,0
0,125663,9.6e+07,-1.12239e+08,0,0
0,125663,9.6e+07,-1.12239e+08,0,0
0,125663,9.6e+07,-1.12239e+08,0,0
0,125663,9.6e+07,-1.12239e+08,0,0
0,125663,9.6e+07,-1.12239e+08,0,0
0,125663,9.6e+07,-1.12239e+08,0,0
0,125663,9.6e+07,-1.12239e+08,0,0
0,125663,9.6e+07,-1.12239e+08,0,0
0,125663,9.6e+07,-1.12239e+08,0,0
0,125663,9.6e+07,-1.12239e+08,0,0
0,125663,9.6e+07,-1.12239e+08,0,0
0,125663,9.6e+07,-1.12239e+08,0,0
0,125663,9.6e+07,-1.12239e+08,0,0
0,125663,9.6e+07,-1.12239e+08,0,0
0,125663,9.6e+07,-1.12239e+08,0,0
0,125663,9.6e+07,-1.12239e+08,0,0
0,125663,9.6e+07,-1.12239e+08,0,0
0,125663,9.6e+07,-1.12239e+08,0,0
0,125663,9.6e+07,-1.12239e+08,0,0
0,125663,9.6e+07,-1.12239e+08,0,0
0,125663,9.6e+07,-1.12239e+08,0,0
0,125663,9.6e+07,-1.12239e+08,0,0
0,125663,9.6e+07,-1.12239e+08,0,0
0,125663,9.6e+07,-1.12239e+08,0,0
0,125663,9.6e+07,-1.12239e+08,0,0
0,125663,9.6e+07,-1.12239e+08,0,0
0,125663,9.6e+07,-1.12239e+08,0,0
0,125663,9.6e+07,-1.12239e+08,0,0
0,125663,9.6e+07,-1.12239e+08,0,0
0,125663,9.6e+07,-1.12239e+08,0,0
0,125663,9.6e+07,-1.12239e+08,0,0
0,125663,9.6e+07,-1.12239e+08,0,0
0,125663,9.6e+07,-1.12239e+08,0,0
0,125663,9.6e+07,-1.12239e+08,0,0
0,125663,9.6e+07,-1.12239e+08,0,0
0,125663,9.6e+07,-1.12239e+08,0,0
0,125663,9.6e+07,-1.12239e+08,0,0
0,125663,9.6e+07,-1.12239e+08,0,0
0,125663,9.6e+07,-1.12239e+08,0,0
0,125663,9.6e+07,-1.12239e+08,0,0
0,125663,9.6e+07,-1.12239e+08,0,0
0,125663,9.6e+07,-1.12239e+08,0,0
0,125663,9.6e+07,-1.12239e+08,0,0
0,125663,9.6e+07,-1.12239e+08,0,0
0,125662,9.6e+07,-1.12239e+08,0,0
0,125662,9.6e+07,-1.12239e+08,0,0
0,125662,9.6e+07,-1.12239e+08,0,0
0,125662,9.6e+07,-1.12239e+08,0,0
0,125662,9.6e+07,-1.12239e+08,0,0
0,125662,9.6e+07,-1.12239e+08,0,0
0,125662,9.6e+07,-1.12239e+08,0,0
0,125662,9.6e+07,-1.12239e+08,0,0
0,125662,9.6e+07,-1.12239e+08,0,0
0,125662,9.6e+07,-1.12239e+08,0,0
0,125662,9.6e+07,-1.12239e+08,0,0
0,125662,9.6e+07,-1.12239e+08,0,0
0,125662,9.6e+07,-1.12239e+08,0,0
0,125662,9.6e+07,-1.12239e+08,0,0
0,125662,9.6e+07,-1.12239e+08,0,0
0,125662,9.6e+07,-1.12239e+08,0,0
0,125662,9.6e+07,-1.12239e+08,0,0
0,125662,9.6e+07,-1.12239e+08,0,0
0,125662,9.6e+07,-1.12239e+08,0,0
0,125662,9.6e+07,-1.12239e+08,0,0
0,125662,9.6e+07,-1.12239e+08,0,0
0,125662,9.6e+07,-1.12239e+08,0,0
0,125662,9.6e+07,-1.12239e+08,0,0
0,125662,9.6e+07,-1.12239e+08,0,0
0,125662,9.6e+07,-1.12239e+08,0,0
0,125662,9.6e+07,-1.12239e+08,0,0
0,125662,9.6e+07,-1.12239e+08,0,0
0,125662,9.6e+07,-1.12239e+08,0,0
0,125662,9.6e+07,-1.12239e+08,0,0
0,125662,9.6e+07,-1.12239e+08,0,0
0,125662,9.6e+07,-1.12239e+08,0,0
0,125662,9.6e+07,-1.12239e+08,0,0
0,125662,9.6e+07,-1.12239e+08,0,0
0,125662,9.6e+07,-1.12239e+08,0,0
0,125662,9.6e+07,-1.12239e+08,0,0
0,125662,9.6e+07,-1.12239e+08,0,0
0,125662,9.6e+07,-1.12239e+08,0,0
0,125662,9.6e+07,-1.12239e+08,0,0
0,125662,9.6e+07,-1.12239e+08,0,0
0,125662,9.6e+07,-1.12239e+08,0,0
0,125662,9.6e+07,-1.12239e+08,0,0
0,125662,9.6e+07,-1.12239e+08,0,0
0,125662,9.6e+07,-1.12239e+08,0,0
0,125662,9.6e+07,-1.12239e+08,0,0
0,125662,9.6e+07,-1.12239e+08,0,0
0,125662,9.6e+07,-1.12239e+08,0,0
0,125662,9.6e+07,-1.12239e+08,0,0
0,125662,9.6e+07,-1.12239e+08,0,0
0,125662,9.6e+07,-1.12239e+08,0,0
0,125662,9.6e+07,-1.12239e+08,0,0
0,125662,9.6e+07,-1.12239e+08,0,0
0,125662,9.6e+07,-1.12239e+08,0,0
0,125662,9.6e+07,-1.12239e+08,0,0
0,125662,9.6e+07,-1.12239e+08,0,0
0,125662,9.6e+07,-1.12239e+08,0,0
0,125662,9.6e+07,-1.12239e+08,0,0
0,125662,9.6e+07,-1.12239e+08,0,0
0,125662,9.6e+07,-1.12239e+08,0,0
0,125662,9.6e+07,-1.12239e+08,0,0
0,125662,9.6e+07,-1.12239e+08,0,0
0,125662,9.6e+07,-1.12239e+08,0,0
0,125662,9.6e+07,-1.12239e+08,0,0
0,125662,9.6e+07,-1.12239e+08,0,0
0,125662,9.6e+07,-1.12239e+08,0,0
0,125662,9.6e+07,-1.12239e+08,0,0
0,125662,9.6e+07,-1.12239e+08,0,0
0,125662,9.6e+07,-1.12239e+08,0,0
0,125662,9.6e+07,-1.12239e+08,0,0
0,125662,9.6e+07,-1.12239e+08,0,0
0,125662,9.6e+07,-1.12239e+08,0,0
0,125662,9.6e+07,-1.12239e+08,0,0
0,125662,9.6e+07,-1.12239e+08,0,0
0,125662,9.6e+07,-1.12239e+08,0,0
0,125662,9.6e+07,-1.12239e+08,0,0
0,125662,9.6e+07,-1.12239e+08,0,0
0,125662,9.6e+07,-1.12239e+08,0,0
0,125662,9.6e+07,-1.12239e+08,0,0
0,125662,9.6e+07,-1.12239e+08,0,0
0,125662,9.6e+07,-1.12239e+08,0,0
0,125662,9.6e+07,-1.12239e+08,0,0
0,125662,9.6e+07,-1.12239e+08,0,0
0,125662,9.6e+07,-1.12239e+08,0,0
0,125662,9.6e+07,-1.12239e+08,0,0
0,125662,9.6e+07,-1.12239e+08,0,0
0,125662,9.6e+07,-1.12239e+08,0,0
0,125662,9.6e+07,-1.12239e+08,0,0
0,125662,9.6e+07,-1.12239e+08,0,0
0,125662,9.6e+07,-1.12239e+08,0,0
0,125662,9.6e+07,-1.12239e+08,0,0
0,125662,9.6e+07,-1.12239e+08,0,0
0,125662,9.6e+07,-1.12239e+08,0,0
0,125662,9.6e+07,-1.12239e+08,0,0
0,125662,9.6e+07,-1.12239e+08,0,0
0,125662,9.6e+07,-1.12239e+08,0,0
0,125662,9.6e+07,-1.12239e+08,0,0
0,125662,9.6e+07,-1.12239e+08,0,0
0,125662,9.6e+07,-1.12239e+08,0,0
0,125662,9.6e+07,-1.12239e+08,0,0
0,125662,9.6e+07,-1.12239e+08,0,0
0,125662,9.6e+07,-1.12239e+08,0,0
0,125662,9.6e+07,-1.12239e+08,0,0
0,125662,9.6e+07,-1.12239e+08,0,0
0,125662,9.6e+07,-1.12239e+08,0,0
0,125662,9.6e+07,-1.12239e+08,0,0
0,125662,9.6e+07,-1.12239e+08,0,0
0,125662,9.6e+07,-1.12239e+08,0,0
0,125662,9.6e+07,-1.12239e+08,0,0
0,125662,9.6e+07,-1.12239e+08,0,0
0,125662,9.6e+07,-1.12239e+08,0,0
0,125662,9.6e+07,-1.12239e+08,0,0
0,125662,9.6e+07,-1.12239e+08,0,0
0,125662,9.6e+07,-1.12239e+08,0,0
0,125662,9.6e+07,-1.12239e+08,0,0
0,125662,9.6e+07,-1.12239e+08,0,0
0,125662,9.6e+07,-1.12239e+08,0,0
0,125662,9.6e+07,-1.12239e+08,0,0
0,125662,9.6e+07,-1.12239e+08,0,0
0,125662,9.6e+07,-1.12239e+08,0,0
0,125662,9.6e+07,-1.12239e+08,0,0
0,125662,9.6e+07,-1.12239e+08,0,0
0,125662,9.6e+07,-1.12239e+08,0,0
0,125662,9.6e+07,-1.12239e+08,0,0
0,125662,9.6e+07,-1.12239e+08,0,0
0,125662,9.6e+07,-1.12239e+08,0,0
0,125662,9.6e+07,-1.12239e+08,0,0
0,125662,9.6e+07,-1.12239e+08,0,0
0,125662,9.6e+07,-1.12239e+08,0,0
0,125662,9.6e+07,-1.12239e+08,0,0
0,125662,9.6e+07,-1.12239e+08,0,0
0,125662,9.6e+07,-1.12239e+08,0,0
0,125662,9.6e+07,-1.12239e+08,0,0
0,125662,9.6e+07,-1.12239e+08,0,0
0,125662,9.6e+07,-1.12239e+08,0,0
0,125662,9.6e+07,-1.12239e+08,0,0
0,125662,9.6e+07,-1.12239e+08,0,0
0,125662,9.6e+07,-1.12239e+08,0,0
0,125662,9.6e+07,-1.12239e+08,0,0
0,125662,9.6e+07,-1.12239e+08,0,0
0,125662,9.6e+07,-1.12239e+08,0,0
0,125662,9.6e+07,-1.12239e+08,0,0
0,125662,9.6e+07,-1.12239e+08,0,0
0,125662,9.6e+07,-1.12239e+08,0,0
0,125662,9.6e+07,-1.12239e+08,0,0
0,125662,9.6e+07,-1.12239e+08,0,0
0,125662,9.6e+07,-1.12239e+08,0,0
0,125662,9.6e+07,-1.12239e+08,0,0
0,125662,9.6e+07,-1.12239e+08,0,0
0,125662,9.6e+07,-1.12239e+08,0,0
0,125662,9.6e+07,-1.12239e+08,0,0
0,125662,9.6e+07,-1.12239e+08,0,0
0,125662,9.6e+07,-1.12239e+08,0,0
0,125662,9.6e+07,-1.12239e+08,0,0
0,125662,9.6e+07,-1.12239e+08,0,0
0,125662,9.6e+07,-1.12239e+08,0,0
0,125662,9.6e+07,-1.12239e+08,0,0
0,125662,9.6e+07,-1.12239e+08,0,0
0,125662,9.6e+07,-1.12239e+08,0,0
0,125662,9.6e+07,-1.12239e+08,0,0
0,125662,9.6e+07,-1.12239e+08,0,0
0,125662,9.6e+07,-1.12239e+08,0,0
0,125662,9.6e+07,-1.12239e+08,0,0
0,125662,9.6e+07,-1.12239e+08,0,0
0,125662,9.6e+07,-1.12239e+08,0,0
0,125662,9.6e+07,-1.12239e+08,0,0
0,125662,9.6e+07,-1.12239e+08,0,0
0,125662,9.6e+07,-1.12239e+08,0,0
0,125662,9.6e+07,-1.12239e+08,0,0
0,125662,9.6e+07,-1.12239e+08,0,0
0,125662,9.6e+07,-1.12239e+08,0,0
0,125662,9.6e+07,-1.12239e+08,0,0
0,125662,9.6e+07,-1.12239e+08,0,0
0,125662,9.6e+07,-1.12239e+08,0,0
0,125662,9.6e+07,-1.12239e+08,0,0
0,125662,9.6e+07,-1.12239e+08,0,0
0,125662,9.6e+07,-1.12239e+08,0,0
0,125662,9.6e+07,-1.12239e+08,0,0
0,125662,9.6e+07,-1.12239e+08,0,0
0,125662,9.6e+07,-1.12239e+08,0,0
0,125662,9.6e+07,-1.12239e+08,0,0
0,125662,9.6e+07,-1.12239e+08,0,0
0,125662,9.6e+07,-1.12239e+08,0,0
0,125662,9.6e+07,-1.12239e+08,0,0
0,125662,9.6e+07,-1.12239e+08,0,0
0,125662,9.6e+07,-1.12239e+08,0,0
0,125662,9.6e+07,-1.12239e+08,0,0
0,125662,9.6e+07,-1.12239e+08,0,0
0,125662,9.6e+07,-1.12239e+08,0,0
0,125662,9.6e+07,-1.12239e+08,0,0
0,125662,9.6e+07,-1.12239e+08,0,0
0,125662,9.6e+07,-1.12239e+08,0,0
0,125662,9.6e+07,-1.12239e+08,0,0
0,125662,9.6e+07,-1.12239e+08,0,0
0,125662,9.6e+07,-1.12239e+08,0,0
0,125662,9.6e+07,-1.12239e+08,0,0
0,125662,9.6e+07,-1.12239e+08,0,0
0,125662,9.6e+07,-1.12239e+08,0,0
0,125662,9.6e+07,-1.12239e+08,0,0
0,125662,9.6e+07,-1.12239e+08,0,0
0,125662,9.6e+07,-1.12239e+08,0,0
0,125662,9.6e+07,-1.12239e+08,0,0
0,125662,9.6e+07,-1.12239e+08,0,0
0,125662,9.6e+07,-1.12239e+08,0,0
0,125662,9.6e+07,-1.12239e+08,0,0
0,125662,9.6e+07,-1.12239e+08,0,0
0,125662,9.6e+07,-1.12239e+08,0,0
0,125662,9.6e+07,-1.12239e+08,0,0
0,125662,9.6e+07,-1.12239e+08,0,0
0,125662,9.6e+07,-1.12239e+08,0,0
