297,20
-7.4987,0
-7.4987,0.07416
-7.4987,0.14832
-7.4987,0.22248
-7.4987,0.29664
-7.4987,0.3708
-7.4987,0.44496
-7.4987,0.51912
-7.4987,0.59328
-7.4987,0.66744
-7.4987,0.7416
-7.4987,0.81576
-7.4987,0.88992
-7.4987,0.96408
-7.4987,1.03824
-7.4987,1.1124
-7.4987,1.18656
-7.4987,1.26072
-7.4987,1.33488
-7.4987,1.40904
-7.42454,0
-7.42454,0.07416
-7.42454,0.14832
-7.42454,0.22248
-7.42454,0.29664
-7.42454,0.3708
-7.42454,0.44496
-7.42454,0.51912
-7.42454,0.59328
-7.42454,0.66744
-7.42454,0.7416
-7.42454,0.81576
-7.42454,0.88992
-7.42454,0.96408
-7.42454,1.03824
-7.42454,1.1124
-7.42454,1.18656
-7.42454,1.26072
-7.42454,1.33488
-7.42454,1.40904
-7.35038,0
-7.35038,0.07416
-7.35038,0.14832
-7.35038,0.22248
-7.35038,0.29664
-7.35038,0.3708
-7.35038,0.44496
-7.35038,0.51912
-7.35038,0.59328
-7.35038,0.66744
-7.35038,0.7416
-7.35038,0.81576
-7.35038,0.88992
-7.35038,0.96408
-7.35038,1.03824
-7.35038,1.1124
-7.35038,1.18656
-7.35038,1.26072
-7.35038,1.33488
-7.35038,1.40904
-7.27622,0
-7.27622,0.07416
-7.27622,0.14832
-7.27622,0.22248
-7.27622,0.29664
-7.27622,0.3708
-7.27622,0.44496
-7.27622,0.51912
-7.27622,0.59328
-7.27622,0.66744
-7.27622,0.7416
-7.27622,0.81576
-7.27622,0.88992
-7.27622,0.96408
-7.27622,1.03824
-7.27622,1.1124
-7.27622,1.18656
-7.27622,1.26072
-7.27622,1.33488
-7.27622,1.40904
-7.20206,0
-7.20206,0.07416
-7.20206,0.14832
-7.20206,0.22248
-7.20206,0.29664
-7.20206,0.3708
-7.20206,0.44496
-7.20206,0.51912
-7.20206,0.59328
-7.20206,0.66744
-7.20206,0.7416
-7.20206,0.81576
-7.20206,0.88992
-7.20206,0.96408
-7.20206,1.03824
-7.20206,1.1124
-7.20206,1.18656
-7.20206,1.26072
-7.20206,1.33488
-7.20206,1.40904
-7.1279,0
-7.1279,0.07416
-7.1279,0.14832
-7.1279,0.22248
-7.1279,0.29664
-7.1279,0.3708
-7.1279,0.44496
-7.1279,0.51912
-7.1279,0.59328
-7.1279,0.66744
-7.1279,0.7416
-7.1279,0.81576
-7.1279,0.88992
-7.1279,0.96408
-7.1279,1.03824
-7.1279,1.1124
-7.1279,1.18656
-7.1279,1.26072
-7.1279,1.33488
-7.1279,1.40904
-7.05374,0
-7.05374,0.07416
-7.05374,0.14832
-7.05374,0.22248
-7.05374,0.29664
-7.05374,0.3708
-7.05374,0.44496
-7.05374,0.51912
-7.05374,0.59328
-7.05374,0.66744
-7.05374,0.7416
-7.05374,0.81576
-7.05374,0.88992
-7.05374,0.96408
-7.05374,1.03824
-7.05374,1.1124
-7.05374,1.18656
-7.05374,1.26072
-7.05374,1.33488
-7.05374,1.40904
-6.97958,0
-6.97958,0.07416
-6.97958,0.14832
-6.97958,0.22248
-6.97958,0.29664
-6.97958,0.3708
-6.97958,0.44496
-6.97958,0.51912
-6.97958,0.59328
-6.97958,0.66744
-6.97958,0.7416
-6.97958,0.81576
-6.97958,0.88992
-6.97958,0.96408
-6.97958,1.03824
-6.97958,1.1124
-6.97958,1.18656
-6.97958,1.26072
-6.97958,1.33488
-6.97958,1.40904
-6.90542,0
-6.90542,0.07416
-6.90542,0.14832
-6.90542,0.22248
-6.90542,0.29664
-6.90542,0.3708
-6.90542,0.44496
-6.90542,0.51912
-6.90542,0.59328
-6.90542,0.66744
-6.90542,0.7416
-6.90542,0.81576
-6.90542,0.88992
-6.90542,0.96408
-6.90542,1.03824
-6.90542,1.1124
-6.90542,1.18656
-6.90542,1.26072
-6.90542,1.33488
-6.90542,1.40904
-6.83126,0
-6.83126,0.07416
-6.83126,0.14832
-6.83126,0.22248
-6.83126,0.29664
-6.83126,0.3708
-6.83126,0.44496
-6.83126,0.51912
-6.83126,0.59328
-6.83126,0.66744
-6.83126,0.7416
-6.83126,0.81576
-6.83126,0.88992
-6.83126,0.96408
-6.83126,1.03824
-6.83126,1.1124
-6.83126,1.18656
-6.83126,1.26072
-6.83126,1.33488
-6.83126,1.40904
-6.7571,0
-6.7571,0.07416
-6.7571,0.14832
-6.7571,0.22248
-6.7571,0.29664
-6.7571,0.3708
-6.7571,0.44496
-6.7571,0.51912
-6.7571,0.59328
-6.7571,0.66744
-6.7571,0.7416
-6.7571,0.81576
-6.7571,0.88992
-6.7571,0.96408
-6.7571,1.03824
-6.7571,1.1124
-6.7571,1.18656
-6.7571,1.26072
-6.7571,1.33488
-6.7571,1.40904
-6.68294,0
-6.68294,0.07416
-6.68294,0.14832
-6.68294,0.22248
-6.68294,0.29664
-6.68294,0.3708
-6.68294,0.44496
-6.68294,0.51912
-6.68294,0.59328
-6.68294,0.66744
-6.68294,0.7416
-6.68294,0.81576
-6.68294,0.88992
-6.68294,0.96408
-6.68294,1.03824
-6.68294,1.1124
-6.68294,1.18656
-6.68294,1.26072
-6.68294,1.33488
-6.68294,1.40904
-6.60878,0
-6.60878,0.07416
-6.60878,0.14832
-6.60878,0.22248
-6.60878,0.29664
-6.60878,0.3708
-6.60878,0.44496
-6.60878,0.51912
-6.60878,0.59328
-6.60878,0.66744
-6.60878,0.7416
-6.60878,0.81576
-6.60878,0.88992
-6.60878,0.96408
-6.60878,1.03824
-6.60878,1.1124
-6.60878,1.18656
-6.60878,1.26072
-6.60878,1.33488
-6.60878,1.40904
-6.53462,0
-6.53462,0.07416
-6.53462,0.14832
-6.53462,0.22248
-6.53462,0.29664
-6.53462,0.3708
-6.53462,0.44496
-6.53462,0.51912
-6.53462,0.59328
-6.53462,0.66744
-6.53462,0.7416
-6.53462,0.81576
-6.53462,0.88992
-6.53462,0.96408
-6.53462,1.03824
-6.53462,1.1124
-6.53462,1.18656
-6.53462,1.26072
-6.53462,1.33488
-6.53462,1.40904
-6.46046,0
-6.46046,0.07416
-6.46046,0.14832
-6.46046,0.22248
-6.46046,0.29664
-6.46046,0.3708
-6.46046,0.44496
-6.46046,0.51912
-6.46046,0.59328
-6.46046,0.66744
-6.46046,0.7416
-6.46046,0.81576
-6.46046,0.88992
-6.46046,0.96408
-6.46046,1.03824
-6.46046,1.1124
-6.46046,1.18656
-6.46046,1.26072
-6.46046,1.33488
-6.46046,1.40904
-6.3863,0
-6.3863,0.07416
-6.3863,0.14832
-6.3863,0.22248
-6.3863,0.29664
-6.3863,0.3708
-6.3863,0.44496
-6.3863,0.51912
-6.3863,0.59328
-6.3863,0.66744
-6.3863,0.7416
-6.3863,0.81576
-6.3863,0.88992
-6.3863,0.96408
-6.3863,1.03824
-6.3863,1.1124
-6.3863,1.18656
-6.3863,1.26072
-6.3863,1.33488
-6.3863,1.40904
-6.31214,0
-6.31214,0.07416
-6.31214,0.14832
-6.31214,0.22248
-6.31214,0.29664
-6.31214,0.3708
-6.31214,0.44496
-6.31214,0.51912
-6.31214,0.59328
-6.31214,0.66744
-6.31214,0.7416
-6.31214,0.81576
-6.31214,0.88992
-6.31214,0.96408
-6.31214,1.03824
-6.31214,1.1124
-6.31214,1.18656
-6.31214,1.26072
-6.31214,1.33488
-6.31214,1.40904
-6.23798,0
-6.23798,0.07416
-6.23798,0.14832
-6.23798,0.22248
-6.23798,0.29664
-6.23798,0.3708
-6.23798,0.44496
-6.23798,0.51912
-6.23798,0.59328
-6.23798,0.66744
-6.23798,0.7416
-6.23798,0.81576
-6.23798,0.88992
-6.23798,0.96408
-6.23798,1.03824
-6.23798,1.1124
-6.23798,1.18656
-6.23798,1.26072
-6.23798,1.33488
-6.23798,1.40904
-6.16382,0
-6.16382,0.07416
-6.16382,0.14832
-6.16382,0.22248
-6.16382,0.29664
-6.16382,0.3708
-6.16382,0.44496
-6.16382,0.51912
-6.16382,0.59328
-6.16382,0.66744
-6.16382,0.7416
-6.16382,0.81576
-6.16382,0.88992
-6.16382,0.96408
-6.16382,1.03824
-6.16382,1.1124
-6.16382,1.18656
-6.16382,1.26072
-6.16382,1.33488
-6.16382,1.40904
-6.08966,0
-6.08966,0.07416
-6.08966,0.14832
-6.08966,0.22248
-6.08966,0.29664
-6.08966,0.3708
-6.08966,0.44496
-6.08966,0.51912
-6.08966,0.59328
-6.08966,0.66744
-6.08966,0.7416
-6.08966,0.81576
-6.08966,0.88992
-6.08966,0.96408
-6.08966,1.03824
-6.08966,1.1124
-6.08966,1.18656
-6.08966,1.26072
-6.08966,1.33488
-6.08966,1.40904
-6.0155,0
-6.0155,0.07416
-6.0155,0.14832
-6.0155,0.22248
-6.0155,0.29664
-6.0155,0.3708
-6.0155,0.44496
-6.0155,0.51912
-6.0155,0.59328
-6.0155,0.66744
-6.0155,0.7416
-6.0155,0.81576
-6.0155,0.88992
-6.0155,0.96408
-6.0155,1.03824
-6.0155,1.1124
-6.0155,1.18656
-6.0155,1.26072
-6.0155,1.33488
-6.0155,1.40904
-5.94134,0
-5.94134,0.07416
-5.94134,0.14832
-5.94134,0.22248
-5.94134,0.29664
-5.94134,0.3708
-5.94134,0.44496
-5.94134,0.51912
-5.94134,0.59328
-5.94134,0.66744
-5.94134,0.7416
-5.94134,0.81576
-5.94134,0.88992
-5.94134,0.96408
-5.94134,1.03824
-5.94134,1.1124
-5.94134,1.18656
-5.94134,1.26072
-5.94134,1.33488
-5.94134,1.40904
-5.86718,0
-5.86718,0.07416
-5.86718,0.14832
-5.86718,0.22248
-5.86718,0.29664
-5.86718,0.3708
-5.86718,0.44496
-5.86718,0.51912
-5.86718,0.59328
-5.86718,0.66744
-5.86718,0.7416
-5.86718,0.81576
-5.86718,0.88992
-5.86718,0.96408
-5.86718,1.03824
-5.86718,1.1124
-5.86718,1.18656
-5.86718,1.26072
-5.86718,1.33488
-5.86718,1.40904
-5.79302,0
-5.79302,0.07416
-5.79302,0.14832
-5.79302,0.22248
-5.79302,0.29664
-5.79302,0.3708
-5.79302,0.44496
-5.79302,0.51912
-5.79302,0.59328
-5.79302,0.66744
-5.79302,0.7416
-5.79302,0.81576
-5.79302,0.88992
-5.79302,0.96408
-5.79302,1.03824
-5.79302,1.1124
-5.79302,1.18656
-5.79302,1.26072
-5.79302,1.33488
-5.79302,1.40904
-5.71886,0
-5.71886,0.07416
-5.71886,0.14832
-5.71886,0.22248
-5.71886,0.29664
-5.71886,0.3708
-5.71886,0.44496
-5.71886,0.51912
-5.71886,0.59328
-5.71886,0.66744
-5.71886,0.7416
-5.71886,0.81576
-5.71886,0.88992
-5.71886,0.96408
-5.71886,1.03824
-5.71886,1.1124
-5.71886,1.18656
-5.71886,1.26072
-5.71886,1.33488
-5.71886,1.40904
-5.6447,0
-5.6447,0.07416
-5.6447,0.14832
-5.6447,0.22248
-5.6447,0.29664
-5.6447,0.3708
-5.6447,0.44496
-5.6447,0.51912
-5.6447,0.59328
-5.6447,0.66744
-5.6447,0.7416
-5.6447,0.81576
-5.6447,0.88992
-5.6447,0.96408
-5.6447,1.03824
-5.6447,1.1124
-5.6447,1.18656
-5.6447,1.26072
-5.6447,1.33488
-5.6447,1.40904
-5.57054,0
-5.57054,0.07416
-5.57054,0.14832
-5.57054,0.22248
-5.57054,0.29664
-5.57054,0.3708
-5.57054,0.44496
-5.57054,0.51912
-5.57054,0.59328
-5.57054,0.66744
-5.57054,0.7416
-5.57054,0.81576
-5.57054,0.88992
-5.57054,0.96408
-5.57054,1.03824
-5.57054,1.1124
-5.57054,1.18656
-5.57054,1.26072
-5.57054,1.33488
-5.57054,1.40904
-5.49638,0
-5.49638,0.07416
-5.49638,0.14832
-5.49638,0.22248
-5.49638,0.29664
-5.49638,0.3708
-5.49638,0.44496
-5.49638,0.51912
-5.49638,0.59328
-5.49638,0.66744
-5.49638,0.7416
-5.49638,0.81576
-5.49638,0.88992
-5.49638,0.96408
-5.49638,1.03824
-5.49638,1.1124
-5.49638,1.18656
-5.49638,1.26072
-5.49638,1.33488
-5.49638,1.40904
-5.42222,0
-5.42222,0.07416
-5.42222,0.14832
-5.42222,0.22248
-5.42222,0.29664
-5.42222,0.3708
-5.42222,0.44496
-5.42222,0.51912
-5.42222,0.59328
-5.42222,0.66744
-5.42222,0.7416
-5.42222,0.81576
-5.42222,0.88992
-5.42222,0.96408
-5.42222,1.03824
-5.42222,1.1124
-5.42222,1.18656
-5.42222,1.26072
-5.42222,1.33488
-5.42222,1.40904
-5.34806,0
-5.34806,0.07416
-5.34806,0.14832
-5.34806,0.22248
-5.34806,0.29664
-5.34806,0.3708
-5.34806,0.44496
-5.34806,0.51912
-5.34806,0.59328
-5.34806,0.66744
-5.34806,0.7416
-5.34806,0.81576
-5.34806,0.88992
-5.34806,0.96408
-5.34806,1.03824
-5.34806,1.1124
-5.34806,1.18656
-5.34806,1.26072
-5.34806,1.33488
-5.34806,1.40904
-5.2739,0
-5.2739,0.07416
-5.2739,0.14832
-5.2739,0.22248
-5.2739,0.29664
-5.2739,0.3708
-5.2739,0.44496
-5.2739,0.51912
-5.2739,0.59328
-5.2739,0.66744
-5.2739,0.7416
-5.2739,0.81576
-5.2739,0.88992
-5.2739,0.96408
-5.2739,1.03824
-5.2739,1.1124
-5.2739,1.18656
-5.2739,1.26072
-5.2739,1.33488
-5.2739,1.40904
-5.19974,0
-5.19974,0.07416
-5.19974,0.14832
-5.19974,0.22248
-5.19974,0.29664
-5.19974,0.3708
-5.19974,0.44496
-5.19974,0.51912
-5.19974,0.59328
-5.19974,0.66744
-5.19974,0.7416
-5.19974,0.81576
-5.19974,0.88992
-5.19974,0.96408
-5.19974,1.03824
-5.19974,1.1124
-5.19974,1.18656
-5.19974,1.26072
-5.19974,1.33488
-5.19974,1.40904
-5.12558,0
-5.12558,0.07416
-5.12558,0.14832
-5.12558,0.22248
-5.12558,0.29664
-5.12558,0.3708
-5.12558,0.44496
-5.12558,0.51912
-5.12558,0.59328
-5.12558,0.66744
-5.12558,0.7416
-5.12558,0.81576
-5.12558,0.88992
-5.12558,0.96408
-5.12558,1.03824
-5.12558,1.1124
-5.12558,1.18656
-5.12558,1.26072
-5.12558,1.33488
-5.12558,1.40904
-5.05142,0
-5.05142,0.07416
-5.05142,0.14832
-5.05142,0.22248
-5.05142,0.29664
-5.05142,0.3708
-5.05142,0.44496
-5.05142,0.51912
-5.05142,0.59328
-5.05142,0.66744
-5.05142,0.7416
-5.05142,0.81576
-5.05142,0.88992
-5.05142,0.96408
-5.05142,1.03824
-5.05142,1.1124
-5.05142,1.18656
-5.05142,1.26072
-5.05142,1.33488
-5.05142,1.40904
-4.97726,0
-4.97726,0.07416
-4.97726,0.14832
-4.97726,0.22248
-4.97726,0.29664
-4.97726,0.3708
-4.97726,0.44496
-4.97726,0.51912
-4.97726,0.59328
-4.97726,0.66744
-4.97726,0.7416
-4.97726,0.81576
-4.97726,0.88992
-4.97726,0.96408
-4.97726,1.03824
-4.97726,1.1124
-4.97726,1.18656
-4.97726,1.26072
-4.97726,1.33488
-4.97726,1.40904
-4.9031,0
-4.9031,0.07416
-4.9031,0.14832
-4.9031,0.22248
-4.9031,0.29664
-4.9031,0.3708
-4.9031,0.44496
-4.9031,0.51912
-4.9031,0.59328
-4.9031,0.66744
-4.9031,0.7416
-4.9031,0.81576
-4.9031,0.88992
-4.9031,0.96408
-4.9031,1.03824
-4.9031,1.1124
-4.9031,1.18656
-4.9031,1.26072
-4.9031,1.33488
-4.9031,1.40904
-4.82894,0
-4.82894,0.07416
-4.82894,0.14832
-4.82894,0.22248
-4.82894,0.29664
-4.82894,0.3708
-4.82894,0.44496
-4.82894,0.51912
-4.82894,0.59328
-4.82894,0.66744
-4.82894,0.7416
-4.82894,0.81576
-4.82894,0.88992
-4.82894,0.96408
-4.82894,1.03824
-4.82894,1.1124
-4.82894,1.18656
-4.82894,1.26072
-4.82894,1.33488
-4.82894,1.40904
-4.75478,0
-4.75478,0.07416
-4.75478,0.14832
-4.75478,0.22248
-4.75478,0.29664
-4.75478,0.3708
-4.75478,0.44496
-4.75478,0.51912
-4.75478,0.59328
-4.75478,0.66744
-4.75478,0.7416
-4.75478,0.81576
-4.75478,0.88992
-4.75478,0.96408
-4.75478,1.03824
-4.75478,1.1124
-4.75478,1.18656
-4.75478,1.26072
-4.75478,1.33488
-4.75478,1.40904
-4.68062,0
-4.68062,0.07416
-4.68062,0.14832
-4.68062,0.22248
-4.68062,0.29664
-4.68062,0.3708
-4.68062,0.44496
-4.68062,0.51912
-4.68062,0.59328
-4.68062,0.66744
-4.68062,0.7416
-4.68062,0.81576
-4.68062,0.88992
-4.68062,0.96408
-4.68062,1.03824
-4.68062,1.1124
-4.68062,1.18656
-4.68062,1.26072
-4.68062,1.33488
-4.68062,1.40904
-4.60646,0
-4.60646,0.07416
-4.60646,0.14832
-4.60646,0.22248
-4.60646,0.29664
-4.60646,0.3708
-4.60646,0.44496
-4.60646,0.51912
-4.60646,0.59328
-4.60646,0.66744
-4.60646,0.7416
-4.60646,0.81576
-4.60646,0.88992
-4.60646,0.96408
-4.60646,1.03824
-4.60646,1.1124
-4.60646,1.18656
-4.60646,1.26072
-4.60646,1.33488
-4.60646,1.40904
-4.5323,0
-4.5323,0.07416
-4.5323,0.14832
-4.5323,0.22248
-4.5323,0.29664
-4.5323,0.3708
-4.5323,0.44496
-4.5323,0.51912
-4.5323,0.59328
-4.5323,0.66744
-4.5323,0.7416
-4.5323,0.81576
-4.5323,0.88992
-4.5323,0.96408
-4.5323,1.03824
-4.5323,1.1124
-4.5323,1.18656
-4.5323,1.26072
-4.5323,1.33488
-4.5323,1.40904
-4.45814,0
-4.45814,0.07416
-4.45814,0.14832
-4.45814,0.22248
-4.45814,0.29664
-4.45814,0.3708
-4.45814,0.44496
-4.45814,0.51912
-4.45814,0.59328
-4.45814,0.66744
-4.45814,0.7416
-4.45814,0.81576
-4.45814,0.88992
-4.45814,0.96408
-4.45814,1.03824
-4.45814,1.1124
-4.45814,1.18656
-4.45814,1.26072
-4.45814,1.33488
-4.45814,1.40904
-4.38398,0
-4.38398,0.07416
-4.38398,0.14832
-4.38398,0.22248
-4.38398,0.29664
-4.38398,0.3708
-4.38398,0.44496
-4.38398,0.51912
-4.38398,0.59328
-4.38398,0.66744
-4.38398,0.7416
-4.38398,0.81576
-4.38398,0.88992
-4.38398,0.96408
-4.38398,1.03824
-4.38398,1.1124
-4.38398,1.18656
-4.38398,1.26072
-4.38398,1.33488
-4.38398,1.40904
-4.30982,0
-4.30982,0.07416
-4.30982,0.14832
-4.30982,0.22248
-4.30982,0.29664
-4.30982,0.3708
-4.30982,0.44496
-4.30982,0.51912
-4.30982,0.59328
-4.30982,0.66744
-4.30982,0.7416
-4.30982,0.81576
-4.30982,0.88992
-4.30982,0.96408
-4.30982,1.03824
-4.30982,1.1124
-4.30982,1.18656
-4.30982,1.26072
-4.30982,1.33488
-4.30982,1.40904
-4.23566,0
-4.23566,0.07416
-4.23566,0.14832
-4.23566,0.22248
-4.23566,0.29664
-4.23566,0.3708
-4.23566,0.44496
-4.23566,0.51912
-4.23566,0.59328
-4.23566,0.66744
-4.23566,0.7416
-4.23566,0.81576
-4.23566,0.88992
-4.23566,0.96408
-4.23566,1.03824
-4.23566,1.1124
-4.23566,1.18656
-4.23566,1.26072
-4.23566,1.33488
-4.23566,1.40904
-4.1615,0
-4.1615,0.07416
-4.1615,0.14832
-4.1615,0.22248
-4.1615,0.29664
-4.1615,0.3708
-4.1615,0.44496
-4.1615,0.51912
-4.1615,0.59328
-4.1615,0.66744
-4.1615,0.7416
-4.1615,0.81576
-4.1615,0.88992
-4.1615,0.96408
-4.1615,1.03824
-4.1615,1.1124
-4.1615,1.18656
-4.1615,1.26072
-4.1615,1.33488
-4.1615,1.40904
-4.08734,0
-4.08734,0.07416
-4.08734,0.14832
-4.08734,0.22248
-4.08734,0.29664
-4.08734,0.3708
-4.08734,0.44496
-4.08734,0.51912
-4.08734,0.59328
-4.08734,0.66744
-4.08734,0.7416
-4.08734,0.81576
-4.08734,0.88992
-4.08734,0.96408
-4.08734,1.03824
-4.08734,1.1124
-4.08734,1.18656
-4.08734,1.26072
-4.08734,1.33488
-4.08734,1.40904
-4.01318,0
-4.01318,0.07416
-4.01318,0.14832
-4.01318,0.22248
-4.01318,0.29664
-4.01318,0.3708
-4.01318,0.44496
-4.01318,0.51912
-4.01318,0.59328
-4.01318,0.66744
-4.01318,0.7416
-4.01318,0.81576
-4.01318,0.88992
-4.01318,0.96408
-4.01318,1.03824
-4.01318,1.1124
-4.01318,1.18656
-4.01318,1.26072
-4.01318,1.33488
-4.01318,1.40904
-3.93902,0
-3.93902,0.07416
-3.93902,0.14832
-3.93902,0.22248
-3.93902,0.29664
-3.93902,0.3708
-3.93902,0.44496
-3.93902,0.51912
-3.93902,0.59328
-3.93902,0.66744
-3.93902,0.7416
-3.93902,0.81576
-3.93902,0.88992
-3.93902,0.96408
-3.93902,1.03824
-3.93902,1.1124
-3.93902,1.18656
-3.93902,1.26072
-3.93902,1.33488
-3.93902,1.40904
-3.86486,0
-3.86486,0.07416
-3.86486,0.14832
-3.86486,0.22248
-3.86486,0.29664
-3.86486,0.3708
-3.86486,0.44496
-3.86486,0.51912
-3.86486,0.59328
-3.86486,0.66744
-3.86486,0.7416
-3.86486,0.81576
-3.86486,0.88992
-3.86486,0.96408
-3.86486,1.03824
-3.86486,1.1124
-3.86486,1.18656
-3.86486,1.26072
-3.86486,1.33488
-3.86486,1.40904
-3.7907,0
-3.7907,0.07416
-3.7907,0.14832
-3.7907,0.22248
-3.7907,0.29664
-3.7907,0.3708
-3.7907,0.44496
-3.7907,0.51912
-3.7907,0.59328
-3.7907,0.66744
-3.7907,0.7416
-3.7907,0.81576
-3.7907,0.88992
-3.7907,0.96408
-3.7907,1.03824
-3.7907,1.1124
-3.7907,1.18656
-3.7907,1.26072
-3.7907,1.33488
-3.7907,1.40904
-3.71654,0
-3.71654,0.07416
-3.71654,0.14832
-3.71654,0.22248
-3.71654,0.29664
-3.71654,0.3708
-3.71654,0.44496
-3.71654,0.51912
-3.71654,0.59328
-3.71654,0.66744
-3.71654,0.7416
-3.71654,0.81576
-3.71654,0.88992
-3.71654,0.96408
-3.71654,1.03824
-3.71654,1.1124
-3.71654,1.18656
-3.71654,1.26072
-3.71654,1.33488
-3.71654,1.40904
-3.64238,0
-3.64238,0.07416
-3.64238,0.14832
-3.64238,0.22248
-3.64238,0.29664
-3.64238,0.3708
-3.64238,0.44496
-3.64238,0.51912
-3.64238,0.59328
-3.64238,0.66744
-3.64238,0.7416
-3.64238,0.81576
-3.64238,0.88992
-3.64238,0.96408
-3.64238,1.03824
-3.64238,1.1124
-3.64238,1.18656
-3.64238,1.26072
-3.64238,1.33488
-3.64238,1.40904
-3.56822,0
-3.56822,0.07416
-3.56822,0.14832
-3.56822,0.22248
-3.56822,0.29664
-3.56822,0.3708
-3.56822,0.44496
-3.56822,0.51912
-3.56822,0.59328
-3.56822,0.66744
-3.56822,0.7416
-3.56822,0.81576
-3.56822,0.88992
-3.56822,0.96408
-3.56822,1.03824
-3.56822,1.1124
-3.56822,1.18656
-3.56822,1.26072
-3.56822,1.33488
-3.56822,1.40904
-3.49406,0
-3.49406,0.07416
-3.49406,0.14832
-3.49406,0.22248
-3.49406,0.29664
-3.49406,0.3708
-3.49406,0.44496
-3.49406,0.51912
-3.49406,0.59328
-3.49406,0.66744
-3.49406,0.7416
-3.49406,0.81576
-3.49406,0.88992
-3.49406,0.96408
-3.49406,1.03824
-3.49406,1.1124
-3.49406,1.18656
-3.49406,1.26072
-3.49406,1.33488
-3.49406,1.40904
-3.4199,0
-3.4199,0.07416
-3.4199,0.14832
-3.4199,0.22248
-3.4199,0.29664
-3.4199,0.3708
-3.4199,0.44496
-3.4199,0.51912
-3.4199,0.59328
-3.4199,0.66744
-3.4199,0.7416
-3.4199,0.81576
-3.4199,0.88992
-3.4199,0.96408
-3.4199,1.03824
-3.4199,1.1124
-3.4199,1.18656
-3.4199,1.26072
-3.4199,1.33488
-3.4199,1.40904
-3.34574,0
-3.34574,0.07416
-3.34574,0.14832
-3.34574,0.22248
-3.34574,0.29664
-3.34574,0.3708
-3.34574,0.44496
-3.34574,0.51912
-3.34574,0.59328
-3.34574,0.66744
-3.34574,0.7416
-3.34574,0.81576
-3.34574,0.88992
-3.34574,0.96408
-3.34574,1.03824
-3.34574,1.1124
-3.34574,1.18656
-3.34574,1.26072
-3.34574,1.33488
-3.34574,1.40904
-3.27158,0
-3.27158,0.07416
-3.27158,0.14832
-3.27158,0.22248
-3.27158,0.29664
-3.27158,0.3708
-3.27158,0.44496
-3.27158,0.51912
-3.27158,0.59328
-3.27158,0.66744
-3.27158,0.7416
-3.27158,0.81576
-3.27158,0.88992
-3.27158,0.96408
-3.27158,1.03824
-3.27158,1.1124
-3.27158,1.18656
-3.27158,1.26072
-3.27158,1.33488
-3.27158,1.40904
-3.19742,0
-3.19742,0.07416
-3.19742,0.14832
-3.19742,0.22248
-3.19742,0.29664
-3.19742,0.3708
-3.19742,0.44496
-3.19742,0.51912
-3.19742,0.59328
-3.19742,0.66744
-3.19742,0.7416
-3.19742,0.81576
-3.19742,0.88992
-3.19742,0.96408
-3.19742,1.03824
-3.19742,1.1124
-3.19742,1.18656
-3.19742,1.26072
-3.19742,1.33488
-3.19742,1.40904
-3.12326,0
-3.12326,0.0740308
-3.12326,0.148062
-3.12326,0.222092
-3.12326,0.296123
-3.12326,0.370154
-3.12326,0.444185
-3.12326,0.518215
-3.12326,0.592246
-3.12326,0.666277
-3.12326,0.740308
-3.12326,0.814338
-3.12326,0.888369
-3.12326,0.9624
-3.12326,1.03643
-3.12326,1.11046
-3.12326,1.18449
-3.12326,1.25852
-3.12326,1.33255
-3.12326,1.40658
-3.04923,0
-3.04923,0.073879
-3.04923,0.147758
-3.04923,0.221637
-3.04923,0.295516
-3.04923,0.369395
-3.04923,0.443274
-3.04923,0.517153
-3.04923,0.591032
-3.04923,0.664911
-3.04923,0.73879
-3.04923,0.812669
-3.04923,0.886548
-3.04923,0.960427
-3.04923,1.03431
-3.04923,1.10818
-3.04923,1.18206
-3.04923,1.25594
-3.04923,1.32982
-3.04923,1.4037
-2.97535,0
-2.97535,0.0737275
-2.97535,0.147455
-2.97535,0.221183
-2.97535,0.29491
-2.97535,0.368638
-2.97535,0.442365
-2.97535,0.516093
-2.97535,0.58982
-2.97535,0.663548
-2.97535,0.737275
-2.97535,0.811003
-2.97535,0.88473
-2.97535,0.958458
-2.97535,1.03219
-2.97535,1.10591
-2.97535,1.17964
-2.97535,1.25337
-2.97535,1.3271
-2.97535,1.40082
-2.90162,0
-2.90162,0.0735764
-2.90162,0.147153
-2.90162,0.220729
-2.90162,0.294306
-2.90162,0.367882
-2.90162,0.441458
-2.90162,0.515035
-2.90162,0.588611
-2.90162,0.662187
-2.90162,0.735764
-2.90162,0.80934
-2.90162,0.882917
-2.90162,0.956493
-2.90162,1.03007
-2.90162,1.10365
-2.90162,1.17722
-2.90162,1.2508
-2.90162,1.32437
-2.90162,1.39795
-2.82805,0
-2.82805,0.0734255
-2.82805,0.146851
-2.82805,0.220277
-2.82805,0.293702
-2.82805,0.367128
-2.82805,0.440553
-2.82805,0.513979
-2.82805,0.587404
-2.82805,0.66083
-2.82805,0.734255
-2.82805,0.807681
-2.82805,0.881106
-2.82805,0.954532
-2.82805,1.02796
-2.82805,1.10138
-2.82805,1.17481
-2.82805,1.24823
-2.82805,1.32166
-2.82805,1.39509
-2.75462,0
-2.75462,0.073275
-2.75462,0.14655
-2.75462,0.219825
-2.75462,0.2931
-2.75462,0.366375
-2.75462,0.43965
-2.75462,0.512925
-2.75462,0.5862
-2.75462,0.659475
-2.75462,0.73275
-2.75462,0.806025
-2.75462,0.8793
-2.75462,0.952575
-2.75462,1.02585
-2.75462,1.09913
-2.75462,1.1724
-2.75462,1.24568
-2.75462,1.31895
-2.75462,1.39223
-2.68135,0
-2.68135,0.0731248
-2.68135,0.14625
-2.68135,0.219374
-2.68135,0.292499
-2.68135,0.365624
-2.68135,0.438749
-2.68135,0.511874
-2.68135,0.584998
-2.68135,0.658123
-2.68135,0.731248
-2.68135,0.804373
-2.68135,0.877497
-2.68135,0.950622
-2.68135,1.02375
-2.68135,1.09687
-2.68135,1.17
-2.68135,1.24312
-2.68135,1.31625
-2.68135,1.38937
-2.60822,0
-2.60822,0.0729749
-2.60822,0.14595
-2.60822,0.218925
-2.60822,0.291899
-2.60822,0.364874
-2.60822,0.437849
-2.60822,0.510824
-2.60822,0.583799
-2.60822,0.656774
-2.60822,0.729749
-2.60822,0.802724
-2.60822,0.875698
-2.60822,0.948673
-2.60822,1.02165
-2.60822,1.09462
-2.60822,1.1676
-2.60822,1.24057
-2.60822,1.31355
-2.60822,1.38652
-2.53525,0
-2.53525,0.0728253
-2.53525,0.145651
-2.53525,0.218476
-2.53525,0.291301
-2.53525,0.364126
-2.53525,0.436952
-2.53525,0.509777
-2.53525,0.582602
-2.53525,0.655427
-2.53525,0.728253
-2.53525,0.801078
-2.53525,0.873903
-2.53525,0.946728
-2.53525,1.01955
-2.53525,1.09238
-2.53525,1.1652
-2.53525,1.23803
-2.53525,1.31085
-2.53525,1.38368
-2.46242,0
-2.46242,0.0725306
-2.46242,0.145061
-2.46242,0.217592
-2.46242,0.290122
-2.46242,0.362653
-2.46242,0.435183
-2.46242,0.507714
-2.46242,0.580244
-2.46242,0.652775
-2.46242,0.725306
-2.46242,0.797836
-2.46242,0.870367
-2.46242,0.942897
-2.46242,1.01543
-2.46242,1.08796
-2.46242,1.16049
-2.46242,1.23302
-2.46242,1.30555
-2.46242,1.37808
-2.38989,0
-2.38989,0.0718909
-2.38989,0.143782
-2.38989,0.215673
-2.38989,0.287563
-2.38989,0.359454
-2.38989,0.431345
-2.38989,0.503236
-2.38989,0.575127
-2.38989,0.647018
-2.38989,0.718909
-2.38989,0.790799
-2.38989,0.86269
-2.38989,0.934581
-2.38989,1.00647
-2.38989,1.07836
-2.38989,1.15025
-2.38989,1.22214
-2.38989,1.29404
-2.38989,1.36593
-2.318,0
-2.318,0.0712568
-2.318,0.142514
-2.318,0.21377
-2.318,0.285027
-2.318,0.356284
-2.318,0.427541
-2.318,0.498798
-2.318,0.570054
-2.318,0.641311
-2.318,0.712568
-2.318,0.783825
-2.318,0.855082
-2.318,0.926338
-2.318,0.997595
-2.318,1.06885
-2.318,1.14011
-2.318,1.21137
-2.318,1.28262
-2.318,1.35388
-2.24674,0
-2.24674,0.0706283
-2.24674,0.141257
-2.24674,0.211885
-2.24674,0.282513
-2.24674,0.353142
-2.24674,0.42377
-2.24674,0.494398
-2.24674,0.565027
-2.24674,0.635655
-2.24674,0.706283
-2.24674,0.776912
-2.24674,0.84754
-2.24674,0.918168
-2.24674,0.988797
-2.24674,1.05942
-2.24674,1.13005
-2.24674,1.20068
-2.24674,1.27131
-2.24674,1.34194
-2.17611,0
-2.17611,0.0700054
-2.17611,0.140011
-2.17611,0.210016
-2.17611,0.280022
-2.17611,0.350027
-2.17611,0.420032
-2.17611,0.490038
-2.17611,0.560043
-2.17611,0.630049
-2.17611,0.700054
-2.17611,0.770059
-2.17611,0.840065
-2.17611,0.91007
-2.17611,0.980076
-2.17611,1.05008
-2.17611,1.12009
-2.17611,1.19009
-2.17611,1.2601
-2.17611,1.3301
-2.10611,0
-2.10611,0.0693881
-2.10611,0.138776
-2.10611,0.208164
-2.10611,0.277552
-2.10611,0.34694
-2.10611,0.416328
-2.10611,0.485716
-2.10611,0.555105
-2.10611,0.624493
-2.10611,0.693881
-2.10611,0.763269
-2.10611,0.832657
-2.10611,0.902045
-2.10611,0.971433
-2.10611,1.04082
-2.10611,1.11021
-2.10611,1.1796
-2.10611,1.24899
-2.10611,1.31837
-2.03672,0
-2.03672,0.0687762
-2.03672,0.137552
-2.03672,0.206329
-2.03672,0.275105
-2.03672,0.343881
-2.03672,0.412657
-2.03672,0.481433
-2.03672,0.550209
-2.03672,0.618986
-2.03672,0.687762
-2.03672,0.756538
-2.03672,0.825314
-2.03672,0.89409
-2.03672,0.962867
-2.03672,1.03164
-2.03672,1.10042
-2.03672,1.1692
-2.03672,1.23797
-2.03672,1.30675
-1.96794,0
-1.96794,0.0681697
-1.96794,0.136339
-1.96794,0.204509
-1.96794,0.272679
-1.96794,0.340848
-1.96794,0.409018
-1.96794,0.477188
-1.96794,0.545358
-1.96794,0.613527
-1.96794,0.681697
-1.96794,0.749867
-1.96794,0.818036
-1.96794,0.886206
-1.96794,0.954376
-1.96794,1.02255
-1.96794,1.09072
-1.96794,1.15888
-1.96794,1.22705
-1.96794,1.29522
-1.89977,0
-1.89977,0.0675685
-1.89977,0.135137
-1.89977,0.202706
-1.89977,0.270274
-1.89977,0.337843
-1.89977,0.405411
-1.89977,0.47298
-1.89977,0.540548
-1.89977,0.608117
-1.89977,0.675685
-1.89977,0.743254
-1.89977,0.810823
-1.89977,0.878391
-1.89977,0.94596
-1.89977,1.01353
-1.89977,1.0811
-1.89977,1.14867
-1.89977,1.21623
-1.89977,1.2838
-1.83221,0
-1.83221,0.0669732
-1.83221,0.133946
-1.83221,0.20092
-1.83221,0.267893
-1.83221,0.334866
-1.83221,0.401839
-1.83221,0.468813
-1.83221,0.535786
-1.83221,0.602759
-1.83221,0.669732
-1.83221,0.736706
-1.83221,0.803679
-1.83221,0.870652
-1.83221,0.937625
-1.83221,1.0046
-1.83221,1.07157
-1.83221,1.13855
-1.83221,1.20552
-1.83221,1.27249
-1.76523,0
-1.76523,0.0663833
-1.76523,0.132767
-1.76523,0.19915
-1.76523,0.265533
-1.76523,0.331916
-1.76523,0.3983
-1.76523,0.464683
-1.76523,0.531066
-1.76523,0.59745
-1.76523,0.663833
-1.76523,0.730216
-1.76523,0.7966
-1.76523,0.862983
-1.76523,0.929366
-1.76523,0.995749
-1.76523,1.06213
-1.76523,1.12852
-1.76523,1.1949
-1.76523,1.26128
-1.69885,0
-1.69885,0.0657985
-1.69885,0.131597
-1.69885,0.197396
-1.69885,0.263194
-1.69885,0.328993
-1.69885,0.394791
-1.69885,0.46059
-1.69885,0.526388
-1.69885,0.592187
-1.69885,0.657985
-1.69885,0.723784
-1.69885,0.789583
-1.69885,0.855381
-1.69885,0.92118
-1.69885,0.986978
-1.69885,1.05278
-1.69885,1.11858
-1.69885,1.18437
-1.69885,1.25017
-1.63305,0
-1.63305,0.065219
-1.63305,0.130438
-1.63305,0.195657
-1.63305,0.260876
-1.63305,0.326095
-1.63305,0.391314
-1.63305,0.456533
-1.63305,0.521752
-1.63305,0.586971
-1.63305,0.65219
-1.63305,0.717408
-1.63305,0.782627
-1.63305,0.847846
-1.63305,0.913065
-1.63305,0.978284
-1.63305,1.0435
-1.63305,1.10872
-1.63305,1.17394
-1.63305,1.23916
-1.56783,0
-1.56783,0.0646442
-1.56783,0.129288
-1.56783,0.193932
-1.56783,0.258577
-1.56783,0.323221
-1.56783,0.387865
-1.56783,0.452509
-1.56783,0.517153
-1.56783,0.581797
-1.56783,0.646442
-1.56783,0.711086
-1.56783,0.77573
-1.56783,0.840374
-1.56783,0.905018
-1.56783,0.969662
-1.56783,1.03431
-1.56783,1.09895
-1.56783,1.16359
-1.56783,1.22824
-1.50319,0
-1.50319,0.0640744
-1.50319,0.128149
-1.50319,0.192223
-1.50319,0.256298
-1.50319,0.320372
-1.50319,0.384446
-1.50319,0.448521
-1.50319,0.512595
-1.50319,0.57667
-1.50319,0.640744
-1.50319,0.704819
-1.50319,0.768893
-1.50319,0.832967
-1.50319,0.897042
-1.50319,0.961116
-1.50319,1.02519
-1.50319,1.08927
-1.50319,1.15334
-1.50319,1.21741
-1.43911,0
-1.43911,0.0635097
-1.43911,0.127019
-1.43911,0.190529
-1.43911,0.254039
-1.43911,0.317548
-1.43911,0.381058
-1.43911,0.444568
-1.43911,0.508078
-1.43911,0.571587
-1.43911,0.635097
-1.43911,0.698607
-1.43911,0.762116
-1.43911,0.825626
-1.43911,0.889136
-1.43911,0.952645
-1.43911,1.01616
-1.43911,1.07966
-1.43911,1.14317
-1.43911,1.20668
-1.3756,0
-1.3756,0.0629497
-1.3756,0.125899
-1.3756,0.188849
-1.3756,0.251799
-1.3756,0.314748
-1.3756,0.377698
-1.3756,0.440648
-1.3756,0.503597
-1.3756,0.566547
-1.3756,0.629497
-1.3756,0.692447
-1.3756,0.755396
-1.3756,0.818346
-1.3756,0.881296
-1.3756,0.944245
-1.3756,1.00719
-1.3756,1.07014
-1.3756,1.13309
-1.3756,1.19604
-1.31265,0
-1.31265,0.0623941
-1.31265,0.124788
-1.31265,0.187182
-1.31265,0.249576
-1.31265,0.31197
-1.31265,0.374364
-1.31265,0.436759
-1.31265,0.499153
-1.31265,0.561547
-1.31265,0.623941
-1.31265,0.686335
-1.31265,0.748729
-1.31265,0.811123
-1.31265,0.873517
-1.31265,0.935911
-1.31265,0.998305
-1.31265,1.0607
-1.31265,1.12309
-1.31265,1.18549
-1.25026,0
-1.25026,0.0618434
-1.25026,0.123687
-1.25026,0.18553
-1.25026,0.247373
-1.25026,0.309217
-1.25026,0.37106
-1.25026,0.432904
-1.25026,0.494747
-1.25026,0.55659
-1.25026,0.618434
-1.25026,0.680277
-1.25026,0.74212
-1.25026,0.803964
-1.25026,0.865807
-1.25026,0.92765
-1.25026,0.989494
-1.25026,1.05134
-1.25026,1.11318
-1.25026,1.17502
-1.18842,0
-1.18842,0.0612975
-1.18842,0.122595
-1.18842,0.183893
-1.18842,0.24519
-1.18842,0.306488
-1.18842,0.367785
-1.18842,0.429083
-1.18842,0.49038
-1.18842,0.551678
-1.18842,0.612975
-1.18842,0.674273
-1.18842,0.73557
-1.18842,0.796868
-1.18842,0.858165
-1.18842,0.919463
-1.18842,0.98076
-1.18842,1.04206
-1.18842,1.10336
-1.18842,1.16465
-1.12712,0
-1.12712,0.0607578
-1.12712,0.121516
-1.12712,0.182273
-1.12712,0.243031
-1.12712,0.303789
-1.12712,0.364547
-1.12712,0.425304
-1.12712,0.486062
-1.12712,0.54682
-1.12712,0.607578
-1.12712,0.668335
-1.12712,0.729093
-1.12712,0.789851
-1.12712,0.850609
-1.12712,0.911366
-1.12712,0.972124
-1.12712,1.03288
-1.12712,1.09364
-1.12712,1.1544
-1.06636,0
-1.06636,0.0602229
-1.06636,0.120446
-1.06636,0.180669
-1.06636,0.240892
-1.06636,0.301114
-1.06636,0.361337
-1.06636,0.42156
-1.06636,0.481783
-1.06636,0.542006
-1.06636,0.602229
-1.06636,0.662452
-1.06636,0.722675
-1.06636,0.782897
-1.06636,0.84312
-1.06636,0.903343
-1.06636,0.963566
-1.06636,1.02379
-1.06636,1.08401
-1.06636,1.14423
-1.00614,0
-1.00614,0.0596927
-1.00614,0.119385
-1.00614,0.179078
-1.00614,0.238771
-1.00614,0.298463
-1.00614,0.358156
-1.00614,0.417849
-1.00614,0.477542
-1.00614,0.537234
-1.00614,0.596927
-1.00614,0.65662
-1.00614,0.716312
-1.00614,0.776005
-1.00614,0.835698
-1.00614,0.89539
-1.00614,0.955083
-1.00614,1.01478
-1.00614,1.07447
-1.00614,1.13416
-0.946446,0
-0.946446,0.0591659
-0.946446,0.118332
-0.946446,0.177498
-0.946446,0.236664
-0.946446,0.295829
-0.946446,0.354995
-0.946446,0.414161
-0.946446,0.473327
-0.946446,0.532493
-0.946446,0.591659
-0.946446,0.650825
-0.946446,0.709991
-0.946446,0.769156
-0.946446,0.828322
-0.946446,0.887488
-0.946446,0.946654
-0.946446,1.00582
-0.946446,1.06499
-0.946446,1.12415
-0.88728,0
-0.88728,0.0586432
-0.88728,0.117286
-0.88728,0.17593
-0.88728,0.234573
-0.88728,0.293216
-0.88728,0.351859
-0.88728,0.410503
-0.88728,0.469146
-0.88728,0.527789
-0.88728,0.586432
-0.88728,0.645075
-0.88728,0.703719
-0.88728,0.762362
-0.88728,0.821005
-0.88728,0.879648
-0.88728,0.938292
-0.88728,0.996935
-0.88728,1.05558
-0.88728,1.11422
-0.828637,0
-0.828637,0.0581252
-0.828637,0.11625
-0.828637,0.174376
-0.828637,0.232501
-0.828637,0.290626
-0.828637,0.348751
-0.828637,0.406876
-0.828637,0.465001
-0.828637,0.523127
-0.828637,0.581252
-0.828637,0.639377
-0.828637,0.697502
-0.828637,0.755627
-0.828637,0.813753
-0.828637,0.871878
-0.828637,0.930003
-0.828637,0.988128
-0.828637,1.04625
-0.828637,1.10438
-0.770512,0
-0.770512,0.0576127
-0.770512,0.115225
-0.770512,0.172838
-0.770512,0.230451
-0.770512,0.288064
-0.770512,0.345676
-0.770512,0.403289
-0.770512,0.460902
-0.770512,0.518514
-0.770512,0.576127
-0.770512,0.63374
-0.770512,0.691353
-0.770512,0.748965
-0.770512,0.806578
-0.770512,0.864191
-0.770512,0.921803
-0.770512,0.979416
-0.770512,1.03703
-0.770512,1.09464
-0.712899,0
-0.712899,0.0571051
-0.712899,0.11421
-0.712899,0.171315
-0.712899,0.22842
-0.712899,0.285525
-0.712899,0.342631
-0.712899,0.399736
-0.712899,0.456841
-0.712899,0.513946
-0.712899,0.571051
-0.712899,0.628156
-0.712899,0.685261
-0.712899,0.742366
-0.712899,0.799471
-0.712899,0.856576
-0.712899,0.913682
-0.712899,0.970787
-0.712899,1.02789
-0.712899,1.085
-0.655794,0
-0.655794,0.056602
-0.655794,0.113204
-0.655794,0.169806
-0.655794,0.226408
-0.655794,0.28301
-0.655794,0.339612
-0.655794,0.396214
-0.655794,0.452816
-0.655794,0.509418
-0.655794,0.56602
-0.655794,0.622621
-0.655794,0.679223
-0.655794,0.735825
-0.655794,0.792427
-0.655794,0.849029
-0.655794,0.905631
-0.655794,0.962233
-0.655794,1.01884
-0.655794,1.07544
-0.599192,0
-0.599192,0.0561039
-0.599192,0.112208
-0.599192,0.168312
-0.599192,0.224416
-0.599192,0.28052
-0.599192,0.336624
-0.599192,0.392727
-0.599192,0.448831
-0.599192,0.504935
-0.599192,0.561039
-0.599192,0.617143
-0.599192,0.673247
-0.599192,0.729351
-0.599192,0.785455
-0.599192,0.841559
-0.599192,0.897663
-0.599192,0.953767
-0.599192,1.00987
-0.599192,1.06597
-0.543088,0
-0.543088,0.0556103
-0.543088,0.111221
-0.543088,0.166831
-0.543088,0.222441
-0.543088,0.278051
-0.543088,0.333662
-0.543088,0.389272
-0.543088,0.444882
-0.543088,0.500493
-0.543088,0.556103
-0.543088,0.611713
-0.543088,0.667323
-0.543088,0.722934
-0.543088,0.778544
-0.543088,0.834154
-0.543088,0.889765
-0.543088,0.945375
-0.543088,1.00099
-0.543088,1.0566
-0.487478,0
-0.487478,0.05512
-0.487478,0.11024
-0.487478,0.16536
-0.487478,0.22048
-0.487478,0.2756
-0.487478,0.33072
-0.487478,0.38584
-0.487478,0.44096
-0.487478,0.49608
-0.487478,0.5512
-0.487478,0.60632
-0.487478,0.66144
-0.487478,0.71656
-0.487478,0.77168
-0.487478,0.8268
-0.487478,0.88192
-0.487478,0.93704
-0.487478,0.99216
-0.487478,1.04728
-0.432358,0
-0.432358,0.0546324
-0.432358,0.109265
-0.432358,0.163897
-0.432358,0.218529
-0.432358,0.273162
-0.432358,0.327794
-0.432358,0.382426
-0.432358,0.437059
-0.432358,0.491691
-0.432358,0.546324
-0.432358,0.600956
-0.432358,0.655588
-0.432358,0.710221
-0.432358,0.764853
-0.432358,0.819485
-0.432358,0.874118
-0.432358,0.92875
-0.432358,0.983382
-0.432358,1.03801
-0.377726,0
-0.377726,0.054149
-0.377726,0.108298
-0.377726,0.162447
-0.377726,0.216596
-0.377726,0.270745
-0.377726,0.324894
-0.377726,0.379043
-0.377726,0.433192
-0.377726,0.487341
-0.377726,0.54149
-0.377726,0.595639
-0.377726,0.649788
-0.377726,0.703937
-0.377726,0.758086
-0.377726,0.812235
-0.377726,0.866384
-0.377726,0.920533
-0.377726,0.974682
-0.377726,1.02883
-0.323577,0
-0.323577,0.0536716
-0.323577,0.107343
-0.323577,0.161015
-0.323577,0.214686
-0.323577,0.268358
-0.323577,0.322029
-0.323577,0.375701
-0.323577,0.429373
-0.323577,0.483044
-0.323577,0.536716
-0.323577,0.590387
-0.323577,0.644059
-0.323577,0.697731
-0.323577,0.751402
-0.323577,0.805074
-0.323577,0.858745
-0.323577,0.912417
-0.323577,0.966088
-0.323577,1.01976
-0.269905,0
-0.269905,0.0531984
-0.269905,0.106397
-0.269905,0.159595
-0.269905,0.212794
-0.269905,0.265992
-0.269905,0.31919
-0.269905,0.372389
-0.269905,0.425587
-0.269905,0.478785
-0.269905,0.531984
-0.269905,0.585182
-0.269905,0.638381
-0.269905,0.691579
-0.269905,0.744777
-0.269905,0.797976
-0.269905,0.851174
-0.269905,0.904373
-0.269905,0.957571
-0.269905,1.01077
-0.216707,0
-0.216707,0.0527307
-0.216707,0.105461
-0.216707,0.158192
-0.216707,0.210923
-0.216707,0.263653
-0.216707,0.316384
-0.216707,0.369115
-0.216707,0.421845
-0.216707,0.474576
-0.216707,0.527307
-0.216707,0.580037
-0.216707,0.632768
-0.216707,0.685499
-0.216707,0.738229
-0.216707,0.79096
-0.216707,0.843691
-0.216707,0.896421
-0.216707,0.949152
-0.216707,1.00188
-0.163976,0
-0.163976,0.0522675
-0.163976,0.104535
-0.163976,0.156803
-0.163976,0.20907
-0.163976,0.261338
-0.163976,0.313605
-0.163976,0.365873
-0.163976,0.41814
-0.163976,0.470408
-0.163976,0.522675
-0.163976,0.574943
-0.163976,0.62721
-0.163976,0.679478
-0.163976,0.731745
-0.163976,0.784013
-0.163976,0.83628
-0.163976,0.888548
-0.163976,0.940815
-0.163976,0.993083
-0.111708,0
-0.111708,0.0518059
-0.111708,0.103612
-0.111708,0.155418
-0.111708,0.207224
-0.111708,0.25903
-0.111708,0.310835
-0.111708,0.362641
-0.111708,0.414447
-0.111708,0.466253
-0.111708,0.518059
-0.111708,0.569865
-0.111708,0.621671
-0.111708,0.673477
-0.111708,0.725283
-0.111708,0.777089
-0.111708,0.828894
-0.111708,0.8807
-0.111708,0.932506
-0.111708,0.984312
-0.0599025,0
-0.0599025,0.0513471
-0.0599025,0.102694
-0.0599025,0.154041
-0.0599025,0.205388
-0.0599025,0.256735
-0.0599025,0.308083
-0.0599025,0.35943
-0.0599025,0.410777
-0.0599025,0.462124
-0.0599025,0.513471
-0.0599025,0.564818
-0.0599025,0.616165
-0.0599025,0.667512
-0.0599025,0.718859
-0.0599025,0.770206
-0.0599025,0.821554
-0.0599025,0.872901
-0.0599025,0.924248
-0.0599025,0.975595
-0.00855537,0
-0.00855537,0.0508945
-0.00855537,0.101789
-0.00855537,0.152683
-0.00855537,0.203578
-0.00855537,0.254472
-0.00855537,0.305367
-0.00855537,0.356261
-0.00855537,0.407156
-0.00855537,0.45805
-0.00855537,0.508945
-0.00855537,0.559839
-0.00855537,0.610734
-0.00855537,0.661628
-0.00855537,0.712523
-0.00855537,0.763417
-0.00855537,0.814312
-0.00855537,0.865206
-0.00855537,0.916101
-0.00855537,0.966995
0.0423391,0
0.0423391,0.0504466
0.0423391,0.100893
0.0423391,0.15134
0.0423391,0.201786
0.0423391,0.252233
0.0423391,0.302679
0.0423391,0.353126
0.0423391,0.403573
0.0423391,0.454019
0.0423391,0.504466
0.0423391,0.554912
0.0423391,0.605359
0.0423391,0.655805
0.0423391,0.706252
0.0423391,0.756699
0.0423391,0.807145
0.0423391,0.857592
0.0423391,0.908038
0.0423391,0.958485
0.0927857,0
0.0927857,0.0502753
0.0927857,0.100551
0.0927857,0.150826
0.0927857,0.201101
0.0927857,0.251377
0.0927857,0.301652
0.0927857,0.351927
0.0927857,0.402203
0.0927857,0.452478
0.0927857,0.502753
0.0927857,0.553029
0.0927857,0.603304
0.0927857,0.653579
0.0927857,0.703855
0.0927857,0.75413
0.0927857,0.804405
0.0927857,0.854681
0.0927857,0.904956
0.0927857,0.955232
0.143061,0
0.143061,0.0501948
0.143061,0.10039
0.143061,0.150584
0.143061,0.200779
0.143061,0.250974
0.143061,0.301169
0.143061,0.351363
0.143061,0.401558
0.143061,0.451753
0.143061,0.501948
0.143061,0.552142
0.143061,0.602337
0.143061,0.652532
0.143061,0.702727
0.143061,0.752921
0.143061,0.803116
0.143061,0.853311
0.143061,0.903506
0.143061,0.9537
0.193256,0
0.193256,0.0503378
0.193256,0.100676
0.193256,0.151013
0.193256,0.201351
0.193256,0.251689
0.193256,0.302027
0.193256,0.352365
0.193256,0.402703
0.193256,0.45304
0.193256,0.503378
0.193256,0.553716
0.193256,0.604054
0.193256,0.654392
0.193256,0.70473
0.193256,0.755067
0.193256,0.805405
0.193256,0.855743
0.193256,0.906081
0.193256,0.956419
0.243594,0
0.243594,0.050523
0.243594,0.101046
0.243594,0.151569
0.243594,0.202092
0.243594,0.252615
0.243594,0.303138
0.243594,0.353661
0.243594,0.404184
0.243594,0.454707
0.243594,0.50523
0.243594,0.555753
0.243594,0.606276
0.243594,0.656799
0.243594,0.707322
0.243594,0.757845
0.243594,0.808369
0.243594,0.858892
0.243594,0.909415
0.243594,0.959938
0.294117,0
0.294117,0.050741
0.294117,0.101482
0.294117,0.152223
0.294117,0.202964
0.294117,0.253705
0.294117,0.304446
0.294117,0.355187
0.294117,0.405928
0.294117,0.456669
0.294117,0.50741
0.294117,0.558151
0.294117,0.608891
0.294117,0.659632
0.294117,0.710373
0.294117,0.761114
0.294117,0.811855
0.294117,0.862596
0.294117,0.913337
0.294117,0.964078
0.344858,0
0.344858,0.0510247
0.344858,0.102049
0.344858,0.153074
0.344858,0.204099
0.344858,0.255123
0.344858,0.306148
0.344858,0.357173
0.344858,0.408197
0.344858,0.459222
0.344858,0.510247
0.344858,0.561271
0.344858,0.612296
0.344858,0.663321
0.344858,0.714345
0.344858,0.76537
0.344858,0.816395
0.344858,0.867419
0.344858,0.918444
0.344858,0.969469
0.395882,0
0.395882,0.0513335
0.395882,0.102667
0.395882,0.154001
0.395882,0.205334
0.395882,0.256668
0.395882,0.308001
0.395882,0.359335
0.395882,0.410668
0.395882,0.462002
0.395882,0.513335
0.395882,0.564669
0.395882,0.616002
0.395882,0.667336
0.395882,0.718669
0.395882,0.770003
0.395882,0.821336
0.395882,0.87267
0.395882,0.924003
0.395882,0.975337
0.447216,0
0.447216,0.051704
0.447216,0.103408
0.447216,0.155112
0.447216,0.206816
0.447216,0.25852
0.447216,0.310224
0.447216,0.361928
0.447216,0.413632
0.447216,0.465336
0.447216,0.51704
0.447216,0.568744
0.447216,0.620448
0.447216,0.672152
0.447216,0.723856
0.447216,0.77556
0.447216,0.827264
0.447216,0.878968
0.447216,0.930672
0.447216,0.982376
0.49892,0
0.49892,0.0521183
0.49892,0.104237
0.49892,0.156355
0.49892,0.208473
0.49892,0.260592
0.49892,0.31271
0.49892,0.364828
0.49892,0.416947
0.49892,0.469065
0.49892,0.521183
0.49892,0.573302
0.49892,0.62542
0.49892,0.677538
0.49892,0.729656
0.49892,0.781775
0.49892,0.833893
0.49892,0.886011
0.49892,0.93813
0.49892,0.990248
0.551038,0
0.551038,0.052573
0.551038,0.105146
0.551038,0.157719
0.551038,0.210292
0.551038,0.262865
0.551038,0.315438
0.551038,0.368011
0.551038,0.420584
0.551038,0.473157
0.551038,0.52573
0.551038,0.578303
0.551038,0.630876
0.551038,0.683449
0.551038,0.736022
0.551038,0.788594
0.551038,0.841167
0.551038,0.89374
0.551038,0.946313
0.551038,0.998886
0.603611,0
0.603611,0.0531009
0.603611,0.106202
0.603611,0.159303
0.603611,0.212404
0.603611,0.265505
0.603611,0.318606
0.603611,0.371706
0.603611,0.424807
0.603611,0.477908
0.603611,0.531009
0.603611,0.58411
0.603611,0.637211
0.603611,0.690312
0.603611,0.743413
0.603611,0.796514
0.603611,0.849615
0.603611,0.902716
0.603611,0.955817
0.603611,1.00892
0.656712,0
0.656712,0.053666
0.656712,0.107332
0.656712,0.160998
0.656712,0.214664
0.656712,0.26833
0.656712,0.321996
0.656712,0.375662
0.656712,0.429328
0.656712,0.482994
0.656712,0.53666
0.656712,0.590326
0.656712,0.643992
0.656712,0.697658
0.656712,0.751324
0.656712,0.80499
0.656712,0.858656
0.656712,0.912322
0.656712,0.965988
0.656712,1.01965
0.710378,0
0.710378,0.0542933
0.710378,0.108587
0.710378,0.16288
0.710378,0.217173
0.710378,0.271466
0.710378,0.32576
0.710378,0.380053
0.710378,0.434346
0.710378,0.48864
0.710378,0.542933
0.710378,0.597226
0.710378,0.65152
0.710378,0.705813
0.710378,0.760106
0.710378,0.814399
0.710378,0.868693
0.710378,0.922986
0.710378,0.977279
0.710378,1.03157
0.764671,0
0.764671,0.0549866
0.764671,0.109973
0.764671,0.16496
0.764671,0.219946
0.764671,0.274933
0.764671,0.32992
0.764671,0.384906
0.764671,0.439893
0.764671,0.494879
0.764671,0.549866
0.764671,0.604853
0.764671,0.659839
0.764671,0.714826
0.764671,0.769812
0.764671,0.824799
0.764671,0.879786
0.764671,0.934772
0.764671,0.989759
0.764671,1.04475
0.819658,0
0.819658,0.055729
0.819658,0.111458
0.819658,0.167187
0.819658,0.222916
0.819658,0.278645
0.819658,0.334374
0.819658,0.390103
0.819658,0.445832
0.819658,0.501561
0.819658,0.55729
0.819658,0.613019
0.819658,0.668748
0.819658,0.724477
0.819658,0.780206
0.819658,0.835935
0.819658,0.891664
0.819658,0.947393
0.819658,1.00312
0.819658,1.05885
0.875387,0
0.875387,0.0565523
0.875387,0.113105
0.875387,0.169657
0.875387,0.226209
0.875387,0.282762
0.875387,0.339314
0.875387,0.395866
0.875387,0.452419
0.875387,0.508971
0.875387,0.565523
0.875387,0.622075
0.875387,0.678628
0.875387,0.73518
0.875387,0.791732
0.875387,0.848285
0.875387,0.904837
0.875387,0.961389
0.875387,1.01794
0.875387,1.07449
0.931939,0
0.931939,0.0574542
0.931939,0.114908
0.931939,0.172362
0.931939,0.229817
0.931939,0.287271
0.931939,0.344725
0.931939,0.402179
0.931939,0.459633
0.931939,0.517087
0.931939,0.574542
0.931939,0.631996
0.931939,0.68945
0.931939,0.746904
0.931939,0.804358
0.931939,0.861812
0.931939,0.919267
0.931939,0.976721
0.931939,1.03417
0.931939,1.09163
0.989393,0
0.989393,0.058421
0.989393,0.116842
0.989393,0.175263
0.989393,0.233684
0.989393,0.292105
0.989393,0.350526
0.989393,0.408947
0.989393,0.467368
0.989393,0.525789
0.989393,0.58421
0.989393,0.642631
0.989393,0.701052
0.989393,0.759473
0.989393,0.817894
0.989393,0.876315
0.989393,0.934736
0.989393,0.993157
0.989393,1.05158
0.989393,1.11
1.04781,0
1.04781,0.0594668
1.04781,0.118934
1.04781,0.1784
1.04781,0.237867
1.04781,0.297334
1.04781,0.356801
1.04781,0.416268
1.04781,0.475734
1.04781,0.535201
1.04781,0.594668
1.04781,0.654135
1.04781,0.713602
1.04781,0.773068
1.04781,0.832535
1.04781,0.892002
1.04781,0.951469
1.04781,1.01094
1.04781,1.0704
1.04781,1.12987
1.10728,0
1.10728,0.0606217
1.10728,0.121243
1.10728,0.181865
1.10728,0.242487
1.10728,0.303109
1.10728,0.36373
1.10728,0.424352
1.10728,0.484974
1.10728,0.545596
1.10728,0.606217
1.10728,0.666839
1.10728,0.727461
1.10728,0.788083
1.10728,0.848704
1.10728,0.909326
1.10728,0.969948
1.10728,1.03057
1.10728,1.09119
1.10728,1.15181
1.1679,0
1.1679,0.061866
1.1679,0.123732
1.1679,0.185598
1.1679,0.247464
1.1679,0.30933
1.1679,0.371196
1.1679,0.433062
1.1679,0.494928
1.1679,0.556794
1.1679,0.61866
1.1679,0.680526
1.1679,0.742392
1.1679,0.804258
1.1679,0.866124
1.1679,0.92799
1.1679,0.989856
1.1679,1.05172
1.1679,1.11359
1.1679,1.17545
1.22977,0
1.22977,0.0632095
1.22977,0.126419
1.22977,0.189629
1.22977,0.252838
1.22977,0.316048
1.22977,0.379257
1.22977,0.442467
1.22977,0.505676
1.22977,0.568886
1.22977,0.632095
1.22977,0.695305
1.22977,0.758514
1.22977,0.821724
1.22977,0.884933
1.22977,0.948143
1.22977,1.01135
1.22977,1.07456
1.22977,1.13777
1.22977,1.20098
1.29298,0
1.29298,0.0646639
1.29298,0.129328
1.29298,0.193992
1.29298,0.258656
1.29298,0.32332
1.29298,0.387984
1.29298,0.452648
1.29298,0.517312
1.29298,0.581976
1.29298,0.646639
1.29298,0.711303
1.29298,0.775967
1.29298,0.840631
1.29298,0.905295
1.29298,0.969959
1.29298,1.03462
1.29298,1.09929
1.29298,1.16395
1.29298,1.22862
1.35764,0
1.35764,0.0662638
1.35764,0.132528
1.35764,0.198791
1.35764,0.265055
1.35764,0.331319
1.35764,0.397583
1.35764,0.463847
1.35764,0.53011
1.35764,0.596374
1.35764,0.662638
1.35764,0.728902
1.35764,0.795166
1.35764,0.861429
1.35764,0.927693
1.35764,0.993957
1.35764,1.06022
1.35764,1.12648
1.35764,1.19275
1.35764,1.25901
1.42391,0
1.42391,0.0680056
1.42391,0.136011
1.42391,0.204017
1.42391,0.272022
1.42391,0.340028
1.42391,0.408034
1.42391,0.476039
1.42391,0.544045
1.42391,0.612051
1.42391,0.680056
1.42391,0.748062
1.42391,0.816067
1.42391,0.884073
1.42391,0.952079
1.42391,1.02008
1.42391,1.08809
1.42391,1.1561
1.42391,1.2241
1.42391,1.29211
1.49191,0
1.49191,0.0698986
1.49191,0.139797
1.49191,0.209696
1.49191,0.279595
1.49191,0.349493
1.49191,0.419392
1.49191,0.48929
1.49191,0.559189
1.49191,0.629088
1.49191,0.698986
1.49191,0.768885
1.49191,0.838784
1.49191,0.908682
1.49191,0.978581
1.49191,1.04848
1.49191,1.11838
1.49191,1.18828
1.49191,1.25818
1.49191,1.32807
1.56181,0
1.56181,0.071967
1.56181,0.143934
1.56181,0.215901
1.56181,0.287868
1.56181,0.359835
1.56181,0.431802
1.56181,0.503769
1.56181,0.575736
1.56181,0.647703
1.56181,0.71967
1.56181,0.791637
1.56181,0.863604
1.56181,0.935571
1.56181,1.00754
1.56181,1.0795
1.56181,1.15147
1.56181,1.22344
1.56181,1.29541
1.56181,1.36737
1.63378,0
1.63378,0.0740981
1.63378,0.148196
1.63378,0.222294
1.63378,0.296393
1.63378,0.370491
1.63378,0.444589
1.63378,0.518687
1.63378,0.592785
1.63378,0.666883
1.63378,0.740981
1.63378,0.815079
1.63378,0.889178
1.63378,0.963276
1.63378,1.03737
1.63378,1.11147
1.63378,1.18557
1.63378,1.25967
1.63378,1.33377
1.63378,1.40786
1.70788,0
1.70788,0.0762504
1.70788,0.152501
1.70788,0.228751
1.70788,0.305002
1.70788,0.381252
1.70788,0.457502
1.70788,0.533753
1.70788,0.610003
1.70788,0.686254
1.70788,0.762504
1.70788,0.838754
1.70788,0.915005
1.70788,0.991255
1.70788,1.06751
1.70788,1.14376
1.70788,1.22001
1.70788,1.29626
1.70788,1.37251
1.70788,1.44876
1.78413,0
1.78413,0.0784652
1.78413,0.15693
1.78413,0.235395
1.78413,0.313861
1.78413,0.392326
1.78413,0.470791
1.78413,0.549256
1.78413,0.627721
1.78413,0.706186
1.78413,0.784652
1.78413,0.863117
1.78413,0.941582
1.78413,1.02005
1.78413,1.09851
1.78413,1.17698
1.78413,1.25544
1.78413,1.33391
1.78413,1.41237
1.78413,1.49084
1.86259,0
1.86259,0.0807443
1.86259,0.161489
1.86259,0.242233
1.86259,0.322977
1.86259,0.403721
1.86259,0.484466
1.86259,0.56521
1.86259,0.645954
1.86259,0.726698
1.86259,0.807443
1.86259,0.888187
1.86259,0.968931
1.86259,1.04968
1.86259,1.13042
1.86259,1.21116
1.86259,1.29191
1.86259,1.37265
1.86259,1.4534
1.86259,1.53414
1.94334,0
1.94334,0.0830896
1.94334,0.166179
1.94334,0.249269
1.94334,0.332358
1.94334,0.415448
1.94334,0.498537
1.94334,0.581627
1.94334,0.664717
1.94334,0.747806
1.94334,0.830896
1.94334,0.913985
1.94334,0.997075
1.94334,1.08016
1.94334,1.16325
1.94334,1.24634
1.94334,1.32943
1.94334,1.41252
1.94334,1.49561
1.94334,1.5787
2.02642,0
2.02642,0.085503
2.02642,0.171006
2.02642,0.256509
2.02642,0.342012
2.02642,0.427515
2.02642,0.513018
2.02642,0.598521
2.02642,0.684024
2.02642,0.769527
2.02642,0.85503
2.02642,0.940533
2.02642,1.02604
2.02642,1.11154
2.02642,1.19704
2.02642,1.28254
2.02642,1.36805
2.02642,1.45355
2.02642,1.53905
2.02642,1.62456
2.11193,0
2.11193,0.0879865
2.11193,0.175973
2.11193,0.26396
2.11193,0.351946
2.11193,0.439933
2.11193,0.527919
2.11193,0.615906
2.11193,0.703892
2.11193,0.791879
2.11193,0.879865
2.11193,0.967852
2.11193,1.05584
2.11193,1.14382
2.11193,1.23181
2.11193,1.3198
2.11193,1.40778
2.11193,1.49577
2.11193,1.58376
2.11193,1.67174
2.19991,0
2.19991,0.0904304
2.19991,0.180861
2.19991,0.271291
2.19991,0.361722
2.19991,0.452152
2.19991,0.542582
2.19991,0.633013
2.19991,0.723443
2.19991,0.813874
2.19991,0.904304
2.19991,0.994734
2.19991,1.08516
2.19991,1.1756
2.19991,1.26603
2.19991,1.35646
2.19991,1.44689
2.19991,1.53732
2.19991,1.62775
2.19991,1.71818
2.29034,0
2.29034,0.0929093
2.29034,0.185819
2.29034,0.278728
2.29034,0.371637
2.29034,0.464547
2.29034,0.557456
2.29034,0.650365
2.29034,0.743275
2.29034,0.836184
2.29034,0.929093
2.29034,1.022
2.29034,1.11491
2.29034,1.20782
2.29034,1.30073
2.29034,1.39364
2.29034,1.48655
2.29034,1.57946
2.29034,1.67237
2.29034,1.76528
2.38325,0
2.38325,0.0954562
2.38325,0.190912
2.38325,0.286369
2.38325,0.381825
2.38325,0.477281
2.38325,0.572737
2.38325,0.668193
2.38325,0.76365
2.38325,0.859106
2.38325,0.954562
2.38325,1.05002
2.38325,1.14547
2.38325,1.24093
2.38325,1.33639
2.38325,1.43184
2.38325,1.5273
2.38325,1.62276
2.38325,1.71821
2.38325,1.81367
2.47871,0
2.47871,0.0980729
2.47871,0.196146
2.47871,0.294219
2.47871,0.392291
2.47871,0.490364
2.47871,0.588437
2.47871,0.68651
2.47871,0.784583
2.47871,0.882656
2.47871,0.980729
2.47871,1.0788
2.47871,1.17687
2.47871,1.27495
2.47871,1.37302
2.47871,1.47109
2.47871,1.56917
2.47871,1.66724
2.47871,1.76531
2.47871,1.86338
2.57678,0
2.57678,0.100761
2.57678,0.201523
2.57678,0.302284
2.57678,0.403045
2.57678,0.503806
2.57678,0.604568
2.57678,0.705329
2.57678,0.80609
2.57678,0.906852
2.57678,1.00761
2.57678,1.10837
2.57678,1.20914
2.57678,1.3099
2.57678,1.41066
2.57678,1.51142
2.57678,1.61218
2.57678,1.71294
2.57678,1.8137
2.57678,1.91446
2.67754,0
2.67754,0.103523
2.67754,0.207047
2.67754,0.31057
2.67754,0.414094
2.67754,0.517617
2.67754,0.62114
2.67754,0.724664
2.67754,0.828187
2.67754,0.931711
2.67754,1.03523
2.67754,1.13876
2.67754,1.24228
2.67754,1.3458
2.67754,1.44933
2.67754,1.55285
2.67754,1.65637
2.67754,1.7599
2.67754,1.86342
2.67754,1.96694
2.78107,0
2.78107,0.106361
2.78107,0.212722
2.78107,0.319084
2.78107,0.425445
2.78107,0.531806
2.78107,0.638167
2.78107,0.744529
2.78107,0.85089
2.78107,0.957251
2.78107,1.06361
2.78107,1.16997
2.78107,1.27633
2.78107,1.3827
2.78107,1.48906
2.78107,1.59542
2.78107,1.70178
2.78107,1.80814
2.78107,1.9145
2.78107,2.02086
2.88743,0
2.88743,0.109277
2.88743,0.218554
2.88743,0.327831
2.88743,0.437107
2.88743,0.546384
2.88743,0.655661
2.88743,0.764938
2.88743,0.874215
2.88743,0.983492
2.88743,1.09277
2.88743,1.20205
2.88743,1.31132
2.88743,1.4206
2.88743,1.52988
2.88743,1.63915
2.88743,1.74843
2.88743,1.85771
2.88743,1.96698
2.88743,2.07626
2.99671,0
2.99671,0.112272
2.99671,0.224545
2.99671,0.336817
2.99671,0.44909
2.99671,0.561362
2.99671,0.673634
2.99671,0.785907
2.99671,0.898179
2.99671,1.01045
2.99671,1.12272
2.99671,1.235
2.99671,1.34727
2.99671,1.45954
2.99671,1.57181
2.99671,1.68409
2.99671,1.79636
2.99671,1.90863
2.99671,2.0209
2.99671,2.13318
3.10898,0
3.10898,0.11535
3.10898,0.2307
3.10898,0.34605
3.10898,0.4614
3.10898,0.57675
3.10898,0.6921
3.10898,0.80745
3.10898,0.9228
3.10898,1.03815
3.10898,1.1535
3.10898,1.26885
3.10898,1.3842
3.10898,1.49955
3.10898,1.6149
3.10898,1.73025
3.10898,1.8456
3.10898,1.96095
3.10898,2.0763
3.10898,2.19165
3.22433,0
3.22433,0.118512
3.22433,0.237024
3.22433,0.355536
3.22433,0.474048
3.22433,0.59256
3.22433,0.711072
3.22433,0.829584
3.22433,0.948096
3.22433,1.06661
3.22433,1.18512
3.22433,1.30363
3.22433,1.42214
3.22433,1.54066
3.22433,1.65917
3.22433,1.77768
3.22433,1.89619
3.22433,2.01471
3.22433,2.13322
3.22433,2.25173
3.34284,0
3.34284,0.121761
3.34284,0.243522
3.34284,0.365282
3.34284,0.487043
3.34284,0.608804
3.34284,0.730565
3.34284,0.852325
3.34284,0.974086
3.34284,1.09585
3.34284,1.21761
3.34284,1.33937
3.34284,1.46113
3.34284,1.58289
3.34284,1.70465
3.34284,1.82641
3.34284,1.94817
3.34284,2.06993
3.34284,2.19169
3.34284,2.31345
3.4646,0
3.4646,0.125082
3.4646,0.250165
3.4646,0.375247
3.4646,0.500329
3.4646,0.625412
3.4646,0.750494
3.4646,0.875576
3.4646,1.00066
3.4646,1.12574
3.4646,1.25082
3.4646,1.37591
3.4646,1.50099
3.4646,1.62607
3.4646,1.75115
3.4646,1.87624
3.4646,2.00132
3.4646,2.1264
3.4646,2.25148
3.4646,2.37656
3.58968,0
3.58968,0.128278
3.58968,0.256557
3.58968,0.384835
3.58968,0.513114
3.58968,0.641392
3.58968,0.769671
3.58968,0.897949
3.58968,1.02623
3.58968,1.15451
3.58968,1.28278
3.58968,1.41106
3.58968,1.53934
3.58968,1.66762
3.58968,1.7959
3.58968,1.92418
3.58968,2.05246
3.58968,2.18073
3.58968,2.30901
3.58968,2.43729
3.71796,0
3.71796,0.131556
3.71796,0.263113
3.71796,0.394669
3.71796,0.526225
3.71796,0.657781
3.71796,0.789338
3.71796,0.920894
3.71796,1.05245
3.71796,1.18401
3.71796,1.31556
3.71796,1.44712
3.71796,1.57868
3.71796,1.71023
3.71796,1.84179
3.71796,1.97334
3.71796,2.1049
3.71796,2.23646
3.71796,2.36801
3.71796,2.49957
3.84952,0
3.84952,0.134918
3.84952,0.269836
3.84952,0.404753
3.84952,0.539671
3.84952,0.674589
3.84952,0.809507
3.84952,0.944425
3.84952,1.07934
3.84952,1.21426
3.84952,1.34918
3.84952,1.4841
3.84952,1.61901
3.84952,1.75393
3.84952,1.88885
3.84952,2.02377
3.84952,2.15868
3.84952,2.2936
3.84952,2.42852
3.84952,2.56344
3.98444,0
3.98444,0.138365
3.98444,0.276731
3.98444,0.415096
3.98444,0.553461
3.98444,0.691826
3.98444,0.830192
3.98444,0.968557
3.98444,1.10692
3.98444,1.24529
3.98444,1.38365
3.98444,1.52202
3.98444,1.66038
3.98444,1.79875
3.98444,1.93711
3.98444,2.07548
3.98444,2.21384
3.98444,2.35221
3.98444,2.49057
3.98444,2.62894
4.1228,0
4.1228,0.141901
4.1228,0.283802
4.1228,0.425702
4.1228,0.567603
4.1228,0.709504
4.1228,0.851405
4.1228,0.993305
4.1228,1.13521
4.1228,1.27711
4.1228,1.41901
4.1228,1.56091
4.1228,1.70281
4.1228,1.84471
4.1228,1.98661
4.1228,2.12851
4.1228,2.27041
4.1228,2.41231
4.1228,2.55421
4.1228,2.69611
4.2647,0
4.2647,0.145527
4.2647,0.291053
4.2647,0.43658
4.2647,0.582107
4.2647,0.727633
4.2647,0.87316
4.2647,1.01869
4.2647,1.16421
4.2647,1.30974
4.2647,1.45527
4.2647,1.60079
4.2647,1.74632
4.2647,1.89185
4.2647,2.03737
4.2647,2.1829
4.2647,2.32843
4.2647,2.47395
4.2647,2.61948
4.2647,2.76501
4.41023,0
4.41023,0.149245
4.41023,0.29849
4.41023,0.447736
4.41023,0.596981
4.41023,0.746226
4.41023,0.895471
4.41023,1.04472
4.41023,1.19396
4.41023,1.34321
4.41023,1.49245
4.41023,1.6417
4.41023,1.79094
4.41023,1.94019
4.41023,2.08943
4.41023,2.23868
4.41023,2.38792
4.41023,2.53717
4.41023,2.68641
4.41023,2.83566
4.55947,0
4.55947,0.153059
4.55947,0.306117
4.55947,0.459176
4.55947,0.612235
4.55947,0.765294
4.55947,0.918352
4.55947,1.07141
4.55947,1.22447
4.55947,1.37753
4.55947,1.53059
4.55947,1.68365
4.55947,1.8367
4.55947,1.98976
4.55947,2.14282
4.55947,2.29588
4.55947,2.44894
4.55947,2.602
4.55947,2.75506
4.55947,2.90812
4.71253,0
4.71253,0.15697
4.71253,0.313939
4.71253,0.470909
4.71253,0.627879
4.71253,0.784849
4.71253,0.941818
4.71253,1.09879
4.71253,1.25576
4.71253,1.41273
4.71253,1.5697
4.71253,1.72667
4.71253,1.88364
4.71253,2.04061
4.71253,2.19758
4.71253,2.35455
4.71253,2.51152
4.71253,2.66849
4.71253,2.82545
4.71253,2.98242
4.8695,0
4.8695,0.160645
4.8695,0.32129
4.8695,0.481935
4.8695,0.64258
4.8695,0.803226
4.8695,0.963871
4.8695,1.12452
4.8695,1.28516
4.8695,1.44581
4.8695,1.60645
4.8695,1.7671
4.8695,1.92774
4.8695,2.08839
4.8695,2.24903
4.8695,2.40968
4.8695,2.57032
4.8695,2.73097
4.8695,2.89161
4.8695,3.05226
5.03015,0
5.03015,0.164328
5.03015,0.328656
5.03015,0.492985
5.03015,0.657313
5.03015,0.821641
5.03015,0.985969
5.03015,1.1503
5.03015,1.31463
5.03015,1.47895
5.03015,1.64328
5.03015,1.80761
5.03015,1.97194
5.03015,2.13627
5.03015,2.30059
5.03015,2.46492
5.03015,2.62925
5.03015,2.79358
5.03015,2.95791
5.03015,3.12224
5.19448,0
5.19448,0.168096
5.19448,0.336191
5.19448,0.504287
5.19448,0.672383
5.19448,0.840479
5.19448,1.00857
5.19448,1.17667
5.19448,1.34477
5.19448,1.51286
5.19448,1.68096
5.19448,1.84905
5.19448,2.01715
5.19448,2.18524
5.19448,2.35334
5.19448,2.52144
5.19448,2.68953
5.19448,2.85763
5.19448,3.02572
5.19448,3.19382
5.36257,0
5.36257,0.17195
5.36257,0.343899
5.36257,0.515849
5.36257,0.687799
5.36257,0.859748
5.36257,1.0317
5.36257,1.20365
5.36257,1.3756
5.36257,1.54755
5.36257,1.7195
5.36257,1.89145
5.36257,2.0634
5.36257,2.23535
5.36257,2.40729
5.36257,2.57924
5.36257,2.75119
5.36257,2.92314
5.36257,3.09509
5.36257,3.26704
5.53452,0
5.53452,0.175892
5.53452,0.351784
5.53452,0.527676
5.53452,0.703568
5.53452,0.879459
5.53452,1.05535
5.53452,1.23124
5.53452,1.40714
5.53452,1.58303
5.53452,1.75892
5.53452,1.93481
5.53452,2.1107
5.53452,2.28659
5.53452,2.46249
5.53452,2.63838
5.53452,2.81427
5.53452,2.99016
5.53452,3.16605
5.53452,3.34195
5.71041,0
5.71041,0.179925
5.71041,0.359849
5.71041,0.539774
5.71041,0.719698
5.71041,0.899623
5.71041,1.07955
5.71041,1.25947
5.71041,1.4394
5.71041,1.61932
5.71041,1.79925
5.71041,1.97917
5.71041,2.15909
5.71041,2.33902
5.71041,2.51894
5.71041,2.69887
5.71041,2.87879
5.71041,3.05872
5.71041,3.23864
5.71041,3.41857
5.89034,0
5.89034,0.183761
5.89034,0.367522
5.89034,0.551284
5.89034,0.735045
5.89034,0.918806
5.89034,1.10257
5.89034,1.28633
5.89034,1.47009
5.89034,1.65385
5.89034,1.83761
5.89034,2.02137
5.89034,2.20513
5.89034,2.3889
5.89034,2.57266
5.89034,2.75642
5.89034,2.94018
5.89034,3.12394
5.89034,3.3077
5.89034,3.49146
6.0741,0
6.0741,0.187657
6.0741,0.375314
6.0741,0.562971
6.0741,0.750628
6.0741,0.938284
6.0741,1.12594
6.0741,1.3136
6.0741,1.50126
6.0741,1.68891
6.0741,1.87657
6.0741,2.06423
6.0741,2.25188
6.0741,2.43954
6.0741,2.6272
6.0741,2.81485
6.0741,3.00251
6.0741,3.19017
6.0741,3.37782
6.0741,3.56548
6.26176,0
6.26176,0.191635
6.26176,0.38327
6.26176,0.574906
6.26176,0.766541
6.26176,0.958176
6.26176,1.14981
6.26176,1.34145
6.26176,1.53308
6.26176,1.72472
6.26176,1.91635
6.26176,2.10799
6.26176,2.29962
6.26176,2.49126
6.26176,2.68289
6.26176,2.87453
6.26176,3.06616
6.26176,3.2578
6.26176,3.44943
6.26176,3.64107
6.45339,0
6.45339,0.195698
6.45339,0.391396
6.45339,0.587094
6.45339,0.782791
6.45339,0.978489
6.45339,1.17419
6.45339,1.36988
6.45339,1.56558
6.45339,1.76128
6.45339,1.95698
6.45339,2.15268
6.45339,2.34837
6.45339,2.54407
6.45339,2.73977
6.45339,2.93547
6.45339,3.13117
6.45339,3.32686
6.45339,3.52256
6.45339,3.71826
6.64909,0
6.64909,0.199847
6.64909,0.399693
6.64909,0.59954
6.64909,0.799386
6.64909,0.999233
6.64909,1.19908
6.64909,1.39893
6.64909,1.59877
6.64909,1.79862
6.64909,1.99847
6.64909,2.19831
6.64909,2.39816
6.64909,2.59801
6.64909,2.79785
6.64909,2.9977
6.64909,3.19755
6.64909,3.39739
6.64909,3.59724
6.64909,3.79709
6.84894,0
6.84894,0.204045
6.84894,0.40809
6.84894,0.612135
6.84894,0.816179
6.84894,1.02022
6.84894,1.22427
6.84894,1.42831
6.84894,1.63236
6.84894,1.8364
6.84894,2.04045
6.84894,2.24449
6.84894,2.44854
6.84894,2.65258
6.84894,2.85663
6.84894,3.06067
6.84894,3.26472
6.84894,3.46876
6.84894,3.67281
6.84894,3.87685
7.05298,0
7.05298,0.20803
7.05298,0.416059
7.05298,0.624089
7.05298,0.832118
7.05298,1.04015
7.05298,1.24818
7.05298,1.45621
7.05298,1.66424
7.05298,1.87227
7.05298,2.0803
7.05298,2.28833
7.05298,2.49635
7.05298,2.70438
7.05298,2.91241
7.05298,3.12044
7.05298,3.32847
7.05298,3.5365
7.05298,3.74453
7.05298,3.95256
7.26101,0
7.26101,0.212092
7.26101,0.424184
7.26101,0.636276
7.26101,0.848368
7.26101,1.06046
7.26101,1.27255
7.26101,1.48464
7.26101,1.69674
7.26101,1.90883
7.26101,2.12092
7.26101,2.33301
7.26101,2.54511
7.26101,2.7572
7.26101,2.96929
7.26101,3.18138
7.26101,3.39347
7.26101,3.60557
7.26101,3.81766
7.26101,4.02975
7.4731,0
7.4731,0.216234
7.4731,0.432468
7.4731,0.648702
7.4731,0.864936
7.4731,1.08117
7.4731,1.2974
7.4731,1.51364
7.4731,1.72987
7.4731,1.94611
7.4731,2.16234
7.4731,2.37857
7.4731,2.59481
7.4731,2.81104
7.4731,3.02728
7.4731,3.24351
7.4731,3.45974
7.4731,3.67598
7.4731,3.89221
7.4731,4.10845
7.68934,0
7.68934,0.220457
7.68934,0.440914
7.68934,0.66137
7.68934,0.881827
7.68934,1.10228
7.68934,1.32274
7.68934,1.5432
7.68934,1.76365
7.68934,1.98411
7.68934,2.20457
7.68934,2.42502
7.68934,2.64548
7.68934,2.86594
7.68934,3.08639
7.68934,3.30685
7.68934,3.52731
7.68934,3.74777
7.68934,3.96822
7.68934,4.18868
7.90979,0
7.90979,0.224762
7.90979,0.449524
7.90979,0.674286
7.90979,0.899048
7.90979,1.12381
7.90979,1.34857
7.90979,1.57333
7.90979,1.7981
7.90979,2.02286
7.90979,2.24762
7.90979,2.47238
7.90979,2.69714
7.90979,2.92191
7.90979,3.14667
7.90979,3.37143
7.90979,3.59619
7.90979,3.82095
7.90979,4.04572
7.90979,4.27048
8.13455,0
8.13455,0.229054
8.13455,0.458109
8.13455,0.687163
8.13455,0.916218
8.13455,1.14527
8.13455,1.37433
8.13455,1.60338
8.13455,1.83244
8.13455,2.06149
8.13455,2.29054
8.13455,2.5196
8.13455,2.74865
8.13455,2.97771
8.13455,3.20676
8.13455,3.43582
8.13455,3.66487
8.13455,3.89393
8.13455,4.12298
8.13455,4.35203
8.36361,0
8.36361,0.233151
8.36361,0.466303
8.36361,0.699454
8.36361,0.932605
8.36361,1.16576
8.36361,1.39891
8.36361,1.63206
8.36361,1.86521
8.36361,2.09836
8.36361,2.33151
8.36361,2.56466
8.36361,2.79782
8.36361,3.03097
8.36361,3.26412
8.36361,3.49727
8.36361,3.73042
8.36361,3.96357
8.36361,4.19672
8.36361,4.42987
8.59676,0
8.59676,0.237321
8.59676,0.474643
8.59676,0.711964
8.59676,0.949286
8.59676,1.18661
8.59676,1.42393
8.59676,1.66125
8.59676,1.89857
8.59676,2.13589
8.59676,2.37321
8.59676,2.61054
8.59676,2.84786
8.59676,3.08518
8.59676,3.3225
8.59676,3.55982
8.59676,3.79714
8.59676,4.03446
8.59676,4.27179
8.59676,4.50911
8.83408,0
8.83408,0.241566
8.83408,0.483132
8.83408,0.724698
8.83408,0.966265
8.83408,1.20783
8.83408,1.4494
8.83408,1.69096
8.83408,1.93253
8.83408,2.1741
8.83408,2.41566
8.83408,2.65723
8.83408,2.89879
8.83408,3.14036
8.83408,3.38193
8.83408,3.62349
8.83408,3.86506
8.83408,4.10662
8.83408,4.34819
8.83408,4.58976
9.07565,0
9.07565,0.245887
9.07565,0.491774
9.07565,0.73766
9.07565,0.983547
9.07565,1.22943
9.07565,1.47532
9.07565,1.72121
9.07565,1.96709
9.07565,2.21298
9.07565,2.45887
9.07565,2.70475
9.07565,2.95064
9.07565,3.19653
9.07565,3.44242
9.07565,3.6883
9.07565,3.93419
9.07565,4.18008
9.07565,4.42596
9.07565,4.67185
9.32153,0
9.32153,0.250285
9.32153,0.500569
9.32153,0.750854
9.32153,1.00114
9.32153,1.25142
9.32153,1.50171
9.32153,1.75199
9.32153,2.00228
9.32153,2.25256
9.32153,2.50285
9.32153,2.75313
9.32153,3.00342
9.32153,3.2537
9.32153,3.50399
9.32153,3.75427
9.32153,4.00456
9.32153,4.25484
9.32153,4.50513
9.32153,4.75541
9.57182,0
9.57182,0.254648
9.57182,0.509297
9.57182,0.763945
9.57182,1.01859
9.57182,1.27324
9.57182,1.52789
9.57182,1.78254
9.57182,2.03719
9.57182,2.29184
9.57182,2.54648
9.57182,2.80113
9.57182,3.05578
9.57182,3.31043
9.57182,3.56508
9.57182,3.81973
9.57182,4.07437
9.57182,4.32902
9.57182,4.58367
9.57182,4.83832
9.82647,0
9.82647,0.258795
9.82647,0.51759
9.82647,0.776385
9.82647,1.03518
9.82647,1.29398
9.82647,1.55277
9.82647,1.81157
9.82647,2.07036
9.82647,2.32916
9.82647,2.58795
9.82647,2.84675
9.82647,3.10554
9.82647,3.36434
9.82647,3.62313
9.82647,3.88193
9.82647,4.14072
9.82647,4.39952
9.82647,4.65831
9.82647,4.91711
10.0853,0
10.0853,0.263009
10.0853,0.526019
10.0853,0.789028
10.0853,1.05204
10.0853,1.31505
10.0853,1.57806
10.0853,1.84107
10.0853,2.10408
10.0853,2.36709
10.0853,2.63009
10.0853,2.8931
10.0853,3.15611
10.0853,3.41912
10.0853,3.68213
10.0853,3.94514
10.0853,4.20815
10.0853,4.47116
10.0853,4.73417
10.0853,4.99718
10.3483,0
10.3483,0.267292
10.3483,0.534585
10.3483,0.801877
10.3483,1.06917
10.3483,1.33646
10.3483,1.60375
10.3483,1.87105
10.3483,2.13834
10.3483,2.40563
10.3483,2.67292
10.3483,2.94022
10.3483,3.20751
10.3483,3.4748
10.3483,3.74209
10.3483,4.00939
10.3483,4.27668
10.3483,4.54397
10.3483,4.81126
10.3483,5.07856
10.6156,0
10.6156,0.271645
10.6156,0.54329
10.6156,0.814935
10.6156,1.08658
10.6156,1.35823
10.6156,1.62987
10.6156,1.90152
10.6156,2.17316
10.6156,2.44481
10.6156,2.71645
10.6156,2.9881
10.6156,3.25974
10.6156,3.53139
10.6156,3.80303
10.6156,4.07468
10.6156,4.34632
10.6156,4.61797
10.6156,4.88961
10.6156,5.16126
10.8872,0
10.8872,0.276069
10.8872,0.552137
10.8872,0.828206
10.8872,1.10427
10.8872,1.38034
10.8872,1.65641
10.8872,1.93248
10.8872,2.20855
10.8872,2.48462
10.8872,2.76069
10.8872,3.03675
10.8872,3.31282
10.8872,3.58889
10.8872,3.86496
10.8872,4.14103
10.8872,4.4171
10.8872,4.69317
10.8872,4.96924
10.8872,5.2453
11.1633,0
11.1633,0.280521
11.1633,0.561042
11.1633,0.841563
11.1633,1.12208
11.1633,1.40261
11.1633,1.68313
11.1633,1.96365
11.1633,2.24417
11.1633,2.52469
11.1633,2.80521
11.1633,3.08573
11.1633,3.36625
11.1633,3.64677
11.1633,3.92729
11.1633,4.20782
11.1633,4.48834
11.1633,4.76886
11.1633,5.04938
11.1633,5.3299
11.4438,0
11.4438,0.284645
11.4438,0.569291
11.4438,0.853936
11.4438,1.13858
11.4438,1.42323
11.4438,1.70787
11.4438,1.99252
11.4438,2.27716
11.4438,2.56181
11.4438,2.84645
11.4438,3.1311
11.4438,3.41575
11.4438,3.70039
11.4438,3.98504
11.4438,4.26968
11.4438,4.55433
11.4438,4.83897
11.4438,5.12362
11.4438,5.40826
11.7284,0
11.7284,0.28883
11.7284,0.577661
11.7284,0.866491
11.7284,1.15532
11.7284,1.44415
11.7284,1.73298
11.7284,2.02181
11.7284,2.31064
11.7284,2.59947
11.7284,2.8883
11.7284,3.17714
11.7284,3.46597
11.7284,3.7548
11.7284,4.04363
11.7284,4.33246
11.7284,4.62129
11.7284,4.91012
11.7284,5.19895
11.7284,5.48778
12.0173,0
12.0173,0.293077
12.0173,0.586154
12.0173,0.879231
12.0173,1.17231
12.0173,1.46539
12.0173,1.75846
12.0173,2.05154
12.0173,2.34462
12.0173,2.63769
12.0173,2.93077
12.0173,3.22385
12.0173,3.51692
12.0173,3.81
12.0173,4.10308
12.0173,4.39616
12.0173,4.68923
12.0173,4.98231
12.0173,5.27539
12.0173,5.56846
12.3104,0
12.3104,0.297386
12.3104,0.594772
12.3104,0.892158
12.3104,1.18954
12.3104,1.48693
12.3104,1.78432
12.3104,2.0817
12.3104,2.37909
12.3104,2.67647
12.3104,2.97386
12.3104,3.27125
12.3104,3.56863
12.3104,3.86602
12.3104,4.1634
12.3104,4.46079
12.3104,4.75818
12.3104,5.05556
12.3104,5.35295
12.3104,5.65033
12.6077,0
12.6077,0.301758
12.6077,0.603517
12.6077,0.905275
12.6077,1.20703
12.6077,1.50879
12.6077,1.81055
12.6077,2.11231
12.6077,2.41407
12.6077,2.71583
12.6077,3.01758
12.6077,3.31934
12.6077,3.6211
12.6077,3.92286
12.6077,4.22462
12.6077,4.52638
12.6077,4.82813
12.6077,5.12989
12.6077,5.43165
12.6077,5.73341
12.9095,0
12.9095,0.306195
12.9095,0.61239
12.9095,0.918585
12.9095,1.22478
12.9095,1.53098
12.9095,1.83717
12.9095,2.14337
12.9095,2.44956
12.9095,2.75576
12.9095,3.06195
12.9095,3.36815
12.9095,3.67434
12.9095,3.98054
12.9095,4.28673
12.9095,4.59293
12.9095,4.89912
12.9095,5.20532
12.9095,5.51151
12.9095,5.81771
13.2157,0
13.2157,0.310393
13.2157,0.620787
13.2157,0.93118
13.2157,1.24157
13.2157,1.55197
13.2157,1.86236
13.2157,2.17275
13.2157,2.48315
13.2157,2.79354
13.2157,3.10393
13.2157,3.41433
13.2157,3.72472
13.2157,4.03511
13.2157,4.34551
13.2157,4.6559
13.2157,4.96629
13.2157,5.27669
13.2157,5.58708
13.2157,5.89747
13.5261,0
13.5261,0.314478
13.5261,0.628956
13.5261,0.943434
13.5261,1.25791
13.5261,1.57239
13.5261,1.88687
13.5261,2.20135
13.5261,2.51582
13.5261,2.8303
13.5261,3.14478
13.5261,3.45926
13.5261,3.77374
13.5261,4.08821
13.5261,4.40269
13.5261,4.71717
13.5261,5.03165
13.5261,5.34613
13.5261,5.6606
13.5261,5.97508
13.8406,0
13.8406,0.318616
13.8406,0.637233
13.8406,0.955849
13.8406,1.27447
13.8406,1.59308
13.8406,1.9117
13.8406,2.23031
13.8406,2.54893
13.8406,2.86755
13.8406,3.18616
13.8406,3.50478
13.8406,3.8234
13.8406,4.14201
13.8406,4.46063
13.8406,4.77925
13.8406,5.09786
13.8406,5.41648
13.8406,5.73509
13.8406,6.05371
14.1592,0
14.1592,0.322809
14.1592,0.645618
14.1592,0.968427
14.1592,1.29124
14.1592,1.61405
14.1592,1.93685
14.1592,2.25966
14.1592,2.58247
14.1592,2.90528
14.1592,3.22809
14.1592,3.5509
14.1592,3.87371
14.1592,4.19652
14.1592,4.51933
14.1592,4.84214
14.1592,5.16495
14.1592,5.48776
14.1592,5.81056
14.1592,6.13337
14.482,0
14.482,0.327057
14.482,0.654114
14.482,0.981171
14.482,1.30823
14.482,1.63529
14.482,1.96234
14.482,2.2894
14.482,2.61646
14.482,2.94351
14.482,3.27057
14.482,3.59763
14.482,3.92469
14.482,4.25174
14.482,4.5788
14.482,4.90586
14.482,5.23291
14.482,5.55997
14.482,5.88703
14.482,6.21409
14.809,0
14.809,0.331361
14.809,0.662722
14.809,0.994083
14.809,1.32544
14.809,1.65681
14.809,1.98817
14.809,2.31953
14.809,2.65089
14.809,2.98225
14.809,3.31361
14.809,3.64497
14.809,3.97633
14.809,4.30769
14.809,4.63905
14.809,4.97042
14.809,5.30178
14.809,5.63314
14.809,5.9645
14.809,6.29586
15.1404,0
15.1404,0.335722
15.1404,0.671443
15.1404,1.00716
15.1404,1.34289
15.1404,1.67861
15.1404,2.01433
15.1404,2.35005
15.1404,2.68577
15.1404,3.02149
15.1404,3.35722
15.1404,3.69294
15.1404,4.02866
15.1404,4.36438
15.1404,4.7001
15.1404,5.03582
15.1404,5.37155
15.1404,5.70727
15.1404,6.04299
15.1404,6.37871
15.4761,0
15.4761,0.33971
15.4761,0.67942
15.4761,1.01913
15.4761,1.35884
15.4761,1.69855
15.4761,2.03826
15.4761,2.37797
15.4761,2.71768
15.4761,3.05739
15.4761,3.3971
15.4761,3.73681
15.4761,4.07652
15.4761,4.41623
15.4761,4.75594
15.4761,5.09565
15.4761,5.43536
15.4761,5.77507
15.4761,6.11478
15.4761,6.45449
15.8158,0
15.8158,0.343662
15.8158,0.687324
15.8158,1.03099
15.8158,1.37465
15.8158,1.71831
15.8158,2.06197
15.8158,2.40563
15.8158,2.74929
15.8158,3.09296
15.8158,3.43662
15.8158,3.78028
15.8158,4.12394
15.8158,4.4676
15.8158,4.81127
15.8158,5.15493
15.8158,5.49859
15.8158,5.84225
15.8158,6.18591
15.8158,6.52957
16.1595,0
16.1595,0.347659
16.1595,0.695319
16.1595,1.04298
16.1595,1.39064
16.1595,1.7383
16.1595,2.08596
16.1595,2.43362
16.1595,2.78128
16.1595,3.12893
16.1595,3.47659
16.1595,3.82425
16.1595,4.17191
16.1595,4.51957
16.1595,4.86723
16.1595,5.21489
16.1595,5.56255
16.1595,5.91021
16.1595,6.25787
16.1595,6.60553
16.5072,0
16.5072,0.351703
16.5072,0.703407
16.5072,1.05511
16.5072,1.40681
16.5072,1.75852
16.5072,2.11022
16.5072,2.46192
16.5072,2.81363
16.5072,3.16533
16.5072,3.51703
16.5072,3.86874
16.5072,4.22044
16.5072,4.57215
16.5072,4.92385
16.5072,5.27555
16.5072,5.62726
16.5072,5.97896
16.5072,6.33066
16.5072,6.68237
16.8589,0
16.8589,0.355795
16.8589,0.711589
16.8589,1.06738
16.8589,1.42318
16.8589,1.77897
16.8589,2.13477
16.8589,2.49056
16.8589,2.84636
16.8589,3.20215
16.8589,3.55795
16.8589,3.91374
16.8589,4.26954
16.8589,4.62533
16.8589,4.98112
16.8589,5.33692
16.8589,5.69271
16.8589,6.04851
16.8589,6.4043
16.8589,6.7601
17.2147,0
17.2147,0.359933
17.2147,0.719867
17.2147,1.0798
17.2147,1.43973
17.2147,1.79967
17.2147,2.1596
17.2147,2.51953
17.2147,2.87947
17.2147,3.2394
17.2147,3.59933
17.2147,3.95927
17.2147,4.3192
17.2147,4.67913
17.2147,5.03907
17.2147,5.399
17.2147,5.75893
17.2147,6.11887
17.2147,6.4788
17.2147,6.83873
17.5746,0
17.5746,0.36412
17.5746,0.72824
17.5746,1.09236
17.5746,1.45648
17.5746,1.8206
17.5746,2.18472
17.5746,2.54884
17.5746,2.91296
17.5746,3.27708
17.5746,3.6412
17.5746,4.00532
17.5746,4.36944
17.5746,4.73356
17.5746,5.09768
17.5746,5.4618
17.5746,5.82592
17.5746,6.19004
17.5746,6.55416
17.5746,6.91828
17.9387,0
17.9387,0.368026
17.9387,0.736052
17.9387,1.10408
17.9387,1.4721
17.9387,1.84013
17.9387,2.20816
17.9387,2.57618
17.9387,2.94421
17.9387,3.31223
17.9387,3.68026
17.9387,4.04829
17.9387,4.41631
17.9387,4.78434
17.9387,5.15236
17.9387,5.52039
17.9387,5.88841
17.9387,6.25644
17.9387,6.62447
17.9387,6.99249
18.3067,0
18.3067,0.371754
18.3067,0.743509
18.3067,1.11526
18.3067,1.48702
18.3067,1.85877
18.3067,2.23053
18.3067,2.60228
18.3067,2.97404
18.3067,3.34579
18.3067,3.71754
18.3067,4.0893
18.3067,4.46105
18.3067,4.83281
18.3067,5.20456
18.3067,5.57632
18.3067,5.94807
18.3067,6.31983
18.3067,6.69158
18.3067,7.06333
18.6785,0
18.6785,0.375521
18.6785,0.751041
18.6785,1.12656
18.6785,1.50208
18.6785,1.8776
18.6785,2.25312
18.6785,2.62864
18.6785,3.00417
18.6785,3.37969
18.6785,3.75521
18.6785,4.13073
18.6785,4.50625
18.6785,4.88177
18.6785,5.25729
18.6785,5.63281
18.6785,6.00833
18.6785,6.38385
18.6785,6.75937
18.6785,7.13489
19.054,0
19.054,0.379325
19.054,0.75865
19.054,1.13798
19.054,1.5173
19.054,1.89663
19.054,2.27595
19.054,2.65528
19.054,3.0346
19.054,3.41393
19.054,3.79325
19.054,4.17258
19.054,4.5519
19.054,4.93123
19.054,5.31055
19.054,5.68988
19.054,6.0692
19.054,6.44853
19.054,6.82785
19.054,7.20718
19.4333,0
19.4333,0.383168
19.4333,0.766336
19.4333,1.1495
19.4333,1.53267
19.4333,1.91584
19.4333,2.29901
19.4333,2.68218
19.4333,3.06534
19.4333,3.44851
19.4333,3.83168
19.4333,4.21485
19.4333,4.59802
19.4333,4.98119
19.4333,5.36435
19.4333,5.74752
19.4333,6.13069
19.4333,6.51386
19.4333,6.89703
19.4333,7.28019
19.8165,0
19.8165,0.38705
19.8165,0.7741
19.8165,1.16115
19.8165,1.5482
19.8165,1.93525
19.8165,2.3223
19.8165,2.70935
19.8165,3.0964
19.8165,3.48345
19.8165,3.8705
19.8165,4.25755
19.8165,4.6446
19.8165,5.03165
19.8165,5.4187
19.8165,5.80575
19.8165,6.1928
19.8165,6.57985
19.8165,6.9669
19.8165,7.35395
20.2036,0
20.2036,0.390971
20.2036,0.781942
20.2036,1.17291
20.2036,1.56388
20.2036,1.95486
20.2036,2.34583
20.2036,2.7368
20.2036,3.12777
20.2036,3.51874
20.2036,3.90971
20.2036,4.30068
20.2036,4.69165
20.2036,5.08263
20.2036,5.4736
20.2036,5.86457
20.2036,6.25554
20.2036,6.64651
20.2036,7.03748
20.2036,7.42845
20.5945,0
20.5945,0.394932
20.5945,0.789864
20.5945,1.1848
20.5945,1.57973
20.5945,1.97466
20.5945,2.36959
20.5945,2.76453
20.5945,3.15946
20.5945,3.55439
20.5945,3.94932
20.5945,4.34425
20.5945,4.73919
20.5945,5.13412
20.5945,5.52905
20.5945,5.92398
20.5945,6.31892
20.5945,6.71385
20.5945,7.10878
20.5945,7.50371
20.9895,0
20.9895,0.398437
20.9895,0.796873
20.9895,1.19531
20.9895,1.59375
20.9895,1.99218
20.9895,2.39062
20.9895,2.78906
20.9895,3.18749
20.9895,3.58593
20.9895,3.98437
20.9895,4.3828
20.9895,4.78124
20.9895,5.17968
20.9895,5.57811
20.9895,5.97655
20.9895,6.37498
20.9895,6.77342
20.9895,7.17186
20.9895,7.57029
21.3879,0
21.3879,0.40188
21.3879,0.803759
21.3879,1.20564
21.3879,1.60752
21.3879,2.0094
21.3879,2.41128
21.3879,2.81316
21.3879,3.21504
21.3879,3.61692
21.3879,4.0188
21.3879,4.42068
21.3879,4.82256
21.3879,5.22443
21.3879,5.62631
21.3879,6.02819
21.3879,6.43007
21.3879,6.83195
21.3879,7.23383
21.3879,7.63571
21.7898,0
21.7898,0.405352
21.7898,0.810705
21.7898,1.21606
21.7898,1.62141
21.7898,2.02676
21.7898,2.43211
21.7898,2.83747
21.7898,3.24282
21.7898,3.64817
21.7898,4.05352
21.7898,4.45888
21.7898,4.86423
21.7898,5.26958
21.7898,5.67493
21.7898,6.08029
21.7898,6.48564
21.7898,6.89099
21.7898,7.29634
21.7898,7.7017
22.1951,0
22.1951,0.408855
22.1951,0.81771
22.1951,1.22657
22.1951,1.63542
22.1951,2.04428
22.1951,2.45313
22.1951,2.86199
22.1951,3.27084
22.1951,3.6797
22.1951,4.08855
22.1951,4.49741
22.1951,4.90626
22.1951,5.31512
22.1951,5.72397
22.1951,6.13283
22.1951,6.54168
22.1951,6.95054
22.1951,7.35939
22.1951,7.76825
22.604,0
22.604,0.412388
22.604,0.824777
22.604,1.23716
22.604,1.64955
22.604,2.06194
22.604,2.47433
22.604,2.88672
22.604,3.29911
22.604,3.71149
22.604,4.12388
22.604,4.53627
22.604,4.94866
22.604,5.36105
22.604,5.77344
22.604,6.18582
22.604,6.59821
22.604,7.0106
22.604,7.42299
22.604,7.83538
23.0164,0
23.0164,0.415952
23.0164,0.831904
23.0164,1.24786
23.0164,1.66381
23.0164,2.07976
23.0164,2.49571
23.0164,2.91166
23.0164,3.32762
23.0164,3.74357
23.0164,4.15952
23.0164,4.57547
23.0164,4.99142
23.0164,5.40737
23.0164,5.82333
23.0164,6.23928
23.0164,6.65523
23.0164,7.07118
23.0164,7.48713
23.0164,7.90309
23.4323,0
23.4323,0.419546
23.4323,0.839093
23.4323,1.25864
23.4323,1.67819
23.4323,2.09773
23.4323,2.51728
23.4323,2.93682
23.4323,3.35637
23.4323,3.77592
23.4323,4.19546
23.4323,4.61501
23.4323,5.03456
23.4323,5.4541
23.4323,5.87365
23.4323,6.29319
23.4323,6.71274
23.4323,7.13229
23.4323,7.55183
23.4323,7.97138
23.8519,0
23.8519,0.423172
23.8519,0.846344
23.8519,1.26952
23.8519,1.69269
23.8519,2.11586
23.8519,2.53903
23.8519,2.9622
23.8519,3.38537
23.8519,3.80855
23.8519,4.23172
23.8519,4.65489
23.8519,5.07806
23.8519,5.50123
23.8519,5.9244
23.8519,6.34758
23.8519,6.77075
23.8519,7.19392
23.8519,7.61709
23.8519,8.04026
24.275,0
24.275,0.42655
24.275,0.8531
24.275,1.27965
24.275,1.7062
24.275,2.13275
24.275,2.5593
24.275,2.98585
24.275,3.4124
24.275,3.83895
24.275,4.2655
24.275,4.69205
24.275,5.1186
24.275,5.54515
24.275,5.9717
24.275,6.39825
24.275,6.8248
24.275,7.25135
24.275,7.6779
24.275,8.10445
24.7016,0
24.7016,0.429608
24.7016,0.859216
24.7016,1.28882
24.7016,1.71843
24.7016,2.14804
24.7016,2.57765
24.7016,3.00725
24.7016,3.43686
24.7016,3.86647
24.7016,4.29608
24.7016,4.72569
24.7016,5.15529
24.7016,5.5849
24.7016,6.01451
24.7016,6.44412
24.7016,6.87373
24.7016,7.30333
24.7016,7.73294
24.7016,8.16255
25.1312,0
25.1312,0.432687
25.1312,0.865375
25.1312,1.29806
25.1312,1.73075
25.1312,2.16344
25.1312,2.59612
25.1312,3.02881
25.1312,3.4615
25.1312,3.89419
25.1312,4.32687
25.1312,4.75956
25.1312,5.19225
25.1312,5.62494
25.1312,6.05762
25.1312,6.49031
25.1312,6.923
25.1312,7.35569
25.1312,7.78837
25.1312,8.22106
25.5639,0
25.5639,0.435789
25.5639,0.871578
25.5639,1.30737
25.5639,1.74316
25.5639,2.17895
25.5639,2.61473
25.5639,3.05052
25.5639,3.48631
25.5639,3.9221
25.5639,4.35789
25.5639,4.79368
25.5639,5.22947
25.5639,5.66526
25.5639,6.10105
25.5639,6.53684
25.5639,6.97263
25.5639,7.40842
25.5639,7.8442
25.5639,8.27999
25.9997,0
25.9997,0.438913
25.9997,0.877826
25.9997,1.31674
25.9997,1.75565
25.9997,2.19457
25.9997,2.63348
25.9997,3.07239
25.9997,3.5113
25.9997,3.95022
25.9997,4.38913
25.9997,4.82804
25.9997,5.26696
25.9997,5.70587
25.9997,6.14478
25.9997,6.5837
25.9997,7.02261
25.9997,7.46152
25.9997,7.90044
25.9997,8.33935
26.4386,0
26.4386,0.442059
26.4386,0.884119
26.4386,1.32618
26.4386,1.76824
26.4386,2.2103
26.4386,2.65236
26.4386,3.09442
26.4386,3.53648
26.4386,3.97853
26.4386,4.42059
26.4386,4.86265
26.4386,5.30471
26.4386,5.74677
26.4386,6.18883
26.4386,6.63089
26.4386,7.07295
26.4386,7.51501
26.4386,7.95707
26.4386,8.39913
26.8806,0
26.8806,0.445228
26.8806,0.890457
26.8806,1.33568
26.8806,1.78091
26.8806,2.22614
26.8806,2.67137
26.8806,3.1166
26.8806,3.56183
26.8806,4.00705
26.8806,4.45228
26.8806,4.89751
26.8806,5.34274
26.8806,5.78797
26.8806,6.2332
26.8806,6.67842
26.8806,7.12365
26.8806,7.56888
26.8806,8.01411
26.8806,8.45934
27.3259,0
27.3259,0.44842
27.3259,0.89684
27.3259,1.34526
27.3259,1.79368
27.3259,2.2421
27.3259,2.69052
27.3259,3.13894
27.3259,3.58736
27.3259,4.03578
27.3259,4.4842
27.3259,4.93262
27.3259,5.38104
27.3259,5.82946
27.3259,6.27788
27.3259,6.7263
27.3259,7.17472
27.3259,7.62314
27.3259,8.07156
27.3259,8.51998
27.7743,0
27.7743,0.451634
27.7743,0.903269
27.7743,1.3549
27.7743,1.80654
27.7743,2.25817
27.7743,2.70981
27.7743,3.16144
27.7743,3.61307
27.7743,4.06471
27.7743,4.51634
27.7743,4.96798
27.7743,5.41961
27.7743,5.87125
27.7743,6.32288
27.7743,6.77452
27.7743,7.22615
27.7743,7.67778
27.7743,8.12942
27.7743,8.58105
28.2259,0
28.2259,0.454695
28.2259,0.909391
28.2259,1.36409
28.2259,1.81878
28.2259,2.27348
28.2259,2.72817
28.2259,3.18287
28.2259,3.63756
28.2259,4.09226
28.2259,4.54695
28.2259,5.00165
28.2259,5.45634
28.2259,5.91104
28.2259,6.36573
28.2259,6.82043
28.2259,7.27512
28.2259,7.72982
28.2259,8.18452
28.2259,8.63921
28.6806,0
28.6806,0.457291
28.6806,0.914582
28.6806,1.37187
28.6806,1.82916
28.6806,2.28645
28.6806,2.74374
28.6806,3.20104
28.6806,3.65833
28.6806,4.11562
28.6806,4.57291
28.6806,5.0302
28.6806,5.48749
28.6806,5.94478
28.6806,6.40207
28.6806,6.85936
28.6806,7.31665
28.6806,7.77394
28.6806,8.23123
28.6806,8.68853
29.1379,0
29.1379,0.459901
29.1379,0.919802
29.1379,1.3797
29.1379,1.8396
29.1379,2.29951
29.1379,2.75941
29.1379,3.21931
29.1379,3.67921
29.1379,4.13911
29.1379,4.59901
29.1379,5.05891
29.1379,5.51881
29.1379,5.97871
29.1379,6.43862
29.1379,6.89852
29.1379,7.35842
29.1379,7.81832
29.1379,8.27822
29.1379,8.73812
29.5978,0
29.5978,0.462526
29.5978,0.925053
29.5978,1.38758
29.5978,1.85011
29.5978,2.31263
29.5978,2.77516
29.5978,3.23768
29.5978,3.70021
29.5978,4.16274
29.5978,4.62526
29.5978,5.08779
29.5978,5.55032
29.5978,6.01284
29.5978,6.47537
29.5978,6.9379
29.5978,7.40042
29.5978,7.86295
29.5978,8.32547
29.5978,8.788
30.0603,0
30.0603,0.465167
30.0603,0.930333
30.0603,1.3955
30.0603,1.86067
30.0603,2.32583
30.0603,2.791
30.0603,3.25617
30.0603,3.72133
30.0603,4.1865
30.0603,4.65167
30.0603,5.11683
30.0603,5.582
30.0603,6.04717
30.0603,6.51233
30.0603,6.9775
30.0603,7.44267
30.0603,7.90783
30.0603,8.373
30.0603,8.83816
30.5255,0
30.5255,0.467822
30.5255,0.935644
30.5255,1.40347
30.5255,1.87129
30.5255,2.33911
30.5255,2.80693
30.5255,3.27475
30.5255,3.74257
30.5255,4.2104
30.5255,4.67822
30.5255,5.14604
30.5255,5.61386
30.5255,6.08168
30.5255,6.54951
30.5255,7.01733
30.5255,7.48515
30.5255,7.95297
30.5255,8.42079
30.5255,8.88862
30.9933,0
30.9933,0.470492
30.9933,0.940985
30.9933,1.41148
30.9933,1.88197
30.9933,2.35246
30.9933,2.82295
30.9933,3.29345
30.9933,3.76394
30.9933,4.23443
30.9933,4.70492
30.9933,5.17542
30.9933,5.64591
30.9933,6.1164
30.9933,6.58689
30.9933,7.05738
30.9933,7.52788
30.9933,7.99837
30.9933,8.46886
30.9933,8.93935
31.4638,0
31.4638,0.473178
31.4638,0.946356
31.4638,1.41953
31.4638,1.89271
31.4638,2.36589
31.4638,2.83907
31.4638,3.31225
31.4638,3.78542
31.4638,4.2586
31.4638,4.73178
31.4638,5.20496
31.4638,5.67814
31.4638,6.15131
31.4638,6.62449
31.4638,7.09767
31.4638,7.57085
31.4638,8.04403
31.4638,8.5172
31.4638,8.99038
31.937,0
31.937,0.475879
31.937,0.951758
31.937,1.42764
31.937,1.90352
31.937,2.37939
31.937,2.85527
31.937,3.33115
31.937,3.80703
31.937,4.28291
31.937,4.75879
31.937,5.23467
31.937,5.71055
31.937,6.18643
31.937,6.66231
31.937,7.13818
31.937,7.61406
31.937,8.08994
31.937,8.56582
31.937,9.0417
32.4129,0
32.4129,0.478595
32.4129,0.957191
32.4129,1.43579
32.4129,1.91438
32.4129,2.39298
32.4129,2.87157
32.4129,3.35017
32.4129,3.82876
32.4129,4.30736
32.4129,4.78595
32.4129,5.26455
32.4129,5.74314
32.4129,6.22174
32.4129,6.70034
32.4129,7.17893
32.4129,7.65753
32.4129,8.13612
32.4129,8.61472
32.4129,9.09331
32.8915,0
32.8915,0.481235
32.8915,0.962471
32.8915,1.44371
32.8915,1.92494
32.8915,2.40618
32.8915,2.88741
32.8915,3.36865
32.8915,3.84988
32.8915,4.33112
32.8915,4.81235
32.8915,5.29359
32.8915,5.77482
32.8915,6.25606
32.8915,6.7373
32.8915,7.21853
32.8915,7.69977
32.8915,8.181
32.8915,8.66224
32.8915,9.14347
33.3727,0
33.3727,0.483285
33.3727,0.966571
33.3727,1.44986
33.3727,1.93314
33.3727,2.41643
33.3727,2.89971
33.3727,3.383
33.3727,3.86628
33.3727,4.34957
33.3727,4.83285
33.3727,5.31614
33.3727,5.79942
33.3727,6.28271
33.3727,6.76599
33.3727,7.24928
33.3727,7.73256
33.3727,8.21585
33.3727,8.69914
33.3727,9.18242
33.856,0
33.856,0.485344
33.856,0.970688
33.856,1.45603
33.856,1.94138
33.856,2.42672
33.856,2.91206
33.856,3.39741
33.856,3.88275
33.856,4.3681
33.856,4.85344
33.856,5.33878
33.856,5.82413
33.856,6.30947
33.856,6.79482
33.856,7.28016
33.856,7.7655
33.856,8.25085
33.856,8.73619
33.856,9.22154
34.3413,0
34.3413,0.487411
34.3413,0.974823
34.3413,1.46223
34.3413,1.94965
34.3413,2.43706
34.3413,2.92447
34.3413,3.41188
34.3413,3.89929
34.3413,4.3867
34.3413,4.87411
34.3413,5.36153
34.3413,5.84894
34.3413,6.33635
34.3413,6.82376
34.3413,7.31117
34.3413,7.79858
34.3413,8.28599
34.3413,8.7734
34.3413,9.26082
34.8288,0
34.8288,0.489488
34.8288,0.978975
34.8288,1.46846
34.8288,1.95795
34.8288,2.44744
34.8288,2.93693
34.8288,3.42641
34.8288,3.9159
34.8288,4.40539
34.8288,4.89488
34.8288,5.38436
34.8288,5.87385
34.8288,6.36334
34.8288,6.85283
34.8288,7.34231
34.8288,7.8318
34.8288,8.32129
34.8288,8.81078
34.8288,9.30026
35.3182,0
35.3182,0.491573
35.3182,0.983145
35.3182,1.47472
35.3182,1.96629
35.3182,2.45786
35.3182,2.94944
35.3182,3.44101
35.3182,3.93258
35.3182,4.42415
35.3182,4.91573
35.3182,5.4073
35.3182,5.89887
35.3182,6.39044
35.3182,6.88202
35.3182,7.37359
35.3182,7.86516
35.3182,8.35674
35.3182,8.84831
35.3182,9.33988
35.8098,0
35.8098,0.493667
35.8098,0.987333
35.8098,1.481
35.8098,1.97467
35.8098,2.46833
35.8098,2.962
35.8098,3.45567
35.8098,3.94933
35.8098,4.443
35.8098,4.93667
35.8098,5.43033
35.8098,5.924
35.8098,6.41767
35.8098,6.91133
35.8098,7.405
35.8098,7.89867
35.8098,8.39233
35.8098,8.886
35.8098,9.37967
36.3035,0
36.3035,0.495769
36.3035,0.991539
36.3035,1.48731
36.3035,1.98308
36.3035,2.47885
36.3035,2.97462
36.3035,3.47039
36.3035,3.96616
36.3035,4.46193
36.3035,4.95769
36.3035,5.45346
36.3035,5.94923
36.3035,6.445
36.3035,6.94077
36.3035,7.43654
36.3035,7.93231
36.3035,8.42808
36.3035,8.92385
36.3035,9.41962
36.7992,0
36.7992,0.497881
36.7992,0.995763
36.7992,1.49364
36.7992,1.99153
36.7992,2.48941
36.7992,2.98729
36.7992,3.48517
36.7992,3.98305
36.7992,4.48093
36.7992,4.97881
36.7992,5.47669
36.7992,5.97458
36.7992,6.47246
36.7992,6.97034
36.7992,7.46822
36.7992,7.9661
36.7992,8.46398
36.7992,8.96186
36.7992,9.45974
37.2971,0
37.2971,0.500002
37.2971,1
37.2971,1.50001
37.2971,2.00001
37.2971,2.50001
37.2971,3.00001
37.2971,3.50001
37.2971,4.00002
37.2971,4.50002
37.2971,5.00002
37.2971,5.50002
37.2971,6.00003
37.2971,6.50003
37.2971,7.00003
37.2971,7.50003
37.2971,8.00003
37.2971,8.50004
37.2971,9.00004
37.2971,9.50004
37.7971,0
37.7971,0.502132
37.7971,1.00426
37.7971,1.5064
37.7971,2.00853
37.7971,2.51066
37.7971,3.01279
37.7971,3.51492
37.7971,4.01706
37.7971,4.51919
37.7971,5.02132
37.7971,5.52345
37.7971,6.02558
37.7971,6.52772
37.7971,7.02985
37.7971,7.53198
37.7971,8.03411
37.7971,8.53624
37.7971,9.03838
37.7971,9.54051
38.2993,0
38.2993,0.504271
38.2993,1.00854
38.2993,1.51281
38.2993,2.01708
38.2993,2.52135
38.2993,3.02563
38.2993,3.5299
38.2993,4.03417
38.2993,4.53844
38.2993,5.04271
38.2993,5.54698
38.2993,6.05125
38.2993,6.55552
38.2993,7.05979
38.2993,7.56406
38.2993,8.06833
38.2993,8.57261
38.2993,9.07688
38.2993,9.58115
38.8035,0
38.8035,0.505835
38.8035,1.01167
38.8035,1.51751
38.8035,2.02334
38.8035,2.52918
38.8035,3.03501
38.8035,3.54085
38.8035,4.04668
38.8035,4.55252
38.8035,5.05835
38.8035,5.56419
38.8035,6.07002
38.8035,6.57586
38.8035,7.08169
38.8035,7.58753
38.8035,8.09336
38.8035,8.5992
38.8035,9.10503
38.8035,9.61087
39.3094,0
39.3094,0.507258
39.3094,1.01452
39.3094,1.52177
39.3094,2.02903
39.3094,2.53629
39.3094,3.04355
39.3094,3.5508
39.3094,4.05806
39.3094,4.56532
39.3094,5.07258
39.3094,5.57984
39.3094,6.08709
39.3094,6.59435
39.3094,7.10161
39.3094,7.60887
39.3094,8.11613
39.3094,8.62338
39.3094,9.13064
39.3094,9.6379
39.8166,0
39.8166,0.508685
39.8166,1.01737
39.8166,1.52605
39.8166,2.03474
39.8166,2.54342
39.8166,3.05211
39.8166,3.56079
39.8166,4.06948
39.8166,4.57816
39.8166,5.08685
39.8166,5.59553
39.8166,6.10422
39.8166,6.6129
39.8166,7.12158
39.8166,7.63027
39.8166,8.13895
39.8166,8.64764
39.8166,9.15632
39.8166,9.66501
40.3253,0
40.3253,0.510115
40.3253,1.02023
40.3253,1.53035
40.3253,2.04046
40.3253,2.55058
40.3253,3.06069
40.3253,3.57081
40.3253,4.08092
40.3253,4.59104
40.3253,5.10115
40.3253,5.61127
40.3253,6.12138
40.3253,6.6315
40.3253,7.14162
40.3253,7.65173
40.3253,8.16185
40.3253,8.67196
40.3253,9.18208
40.3253,9.69219
40.8354,0
40.8354,0.51155
40.8354,1.0231
40.8354,1.53465
40.8354,2.0462
40.8354,2.55775
40.8354,3.0693
40.8354,3.58085
40.8354,4.0924
40.8354,4.60395
40.8354,5.1155
40.8354,5.62705
40.8354,6.1386
40.8354,6.65015
40.8354,7.1617
40.8354,7.67325
40.8354,8.1848
40.8354,8.69635
40.8354,9.2079
40.8354,9.71945
41.347,0
41.347,0.512989
41.347,1.02598
41.347,1.53897
41.347,2.05196
41.347,2.56495
41.347,3.07793
41.347,3.59092
41.347,4.10391
41.347,4.6169
41.347,5.12989
41.347,5.64288
41.347,6.15587
41.347,6.66886
41.347,7.18185
41.347,7.69484
41.347,8.20783
41.347,8.72081
41.347,9.2338
41.347,9.74679
41.86,0
41.86,0.514432
41.86,1.02886
41.86,1.5433
41.86,2.05773
41.86,2.57216
41.86,3.08659
41.86,3.60102
41.86,4.11546
41.86,4.62989
41.86,5.14432
41.86,5.65875
41.86,6.17318
41.86,6.68762
41.86,7.20205
41.86,7.71648
41.86,8.23091
41.86,8.74534
41.86,9.25978
41.86,9.77421
42.3744,0
42.3744,0.515879
42.3744,1.03176
42.3744,1.54764
42.3744,2.06352
42.3744,2.57939
42.3744,3.09527
42.3744,3.61115
42.3744,4.12703
42.3744,4.64291
42.3744,5.15879
42.3744,5.67467
42.3744,6.19055
42.3744,6.70643
42.3744,7.22231
42.3744,7.73818
42.3744,8.25406
42.3744,8.76994
42.3744,9.28582
42.3744,9.8017
42.8903,0
42.8903,0.51733
42.8903,1.03466
42.8903,1.55199
42.8903,2.06932
42.8903,2.58665
42.8903,3.10398
42.8903,3.62131
42.8903,4.13864
42.8903,4.65597
42.8903,5.1733
42.8903,5.69063
42.8903,6.20796
42.8903,6.72529
42.8903,7.24262
42.8903,7.75995
42.8903,8.27728
42.8903,8.79461
42.8903,9.31194
42.8903,9.82927
43.4076,0
43.4076,0.518785
43.4076,1.03757
43.4076,1.55636
43.4076,2.07514
43.4076,2.59393
43.4076,3.11271
43.4076,3.6315
43.4076,4.15028
43.4076,4.66907
43.4076,5.18785
43.4076,5.70664
43.4076,6.22542
43.4076,6.74421
43.4076,7.26299
43.4076,7.78178
43.4076,8.30056
43.4076,8.81935
43.4076,9.33813
43.4076,9.85692
43.9264,0
43.9264,0.520244
43.9264,1.04049
43.9264,1.56073
43.9264,2.08098
43.9264,2.60122
43.9264,3.12147
43.9264,3.64171
43.9264,4.16195
43.9264,4.6822
43.9264,5.20244
43.9264,5.72269
43.9264,6.24293
43.9264,6.76318
43.9264,7.28342
43.9264,7.80366
43.9264,8.32391
43.9264,8.84415
43.9264,9.3644
43.9264,9.88464
44.4466,0
44.4466,0.521708
44.4466,1.04342
44.4466,1.56512
44.4466,2.08683
44.4466,2.60854
44.4466,3.13025
44.4466,3.65195
44.4466,4.17366
44.4466,4.69537
44.4466,5.21708
44.4466,5.73878
44.4466,6.26049
44.4466,6.7822
44.4466,7.30391
44.4466,7.82561
44.4466,8.34732
44.4466,8.86903
44.4466,9.39074
44.4466,9.91244
44.9683,0
44.9683,0.523175
44.9683,1.04635
44.9683,1.56953
44.9683,2.0927
44.9683,2.61588
44.9683,3.13905
44.9683,3.66223
44.9683,4.1854
44.9683,4.70858
44.9683,5.23175
44.9683,5.75493
44.9683,6.2781
44.9683,6.80128
44.9683,7.32445
44.9683,7.84763
44.9683,8.3708
44.9683,8.89398
44.9683,9.41715
44.9683,9.94033
45.4915,0
45.4915,0.523931
45.4915,1.04786
45.4915,1.57179
45.4915,2.09573
45.4915,2.61966
45.4915,3.14359
45.4915,3.66752
45.4915,4.19145
45.4915,4.71538
45.4915,5.23931
45.4915,5.76324
45.4915,6.28718
45.4915,6.81111
45.4915,7.33504
45.4915,7.85897
45.4915,8.3829
45.4915,8.90683
45.4915,9.43076
45.4915,9.95469
46.0155,0
46.0155,0.52465
46.0155,1.0493
46.0155,1.57395
46.0155,2.0986
46.0155,2.62325
46.0155,3.1479
46.0155,3.67255
46.0155,4.1972
46.0155,4.72185
46.0155,5.2465
46.0155,5.77115
46.0155,6.2958
46.0155,6.82045
46.0155,7.3451
46.0155,7.86975
46.0155,8.3944
46.0155,8.91905
46.0155,9.4437
46.0155,9.96835
46.5401,0
46.5401,0.52537
46.5401,1.05074
46.5401,1.57611
46.5401,2.10148
46.5401,2.62685
46.5401,3.15222
46.5401,3.67759
46.5401,4.20296
46.5401,4.72833
46.5401,5.2537
46.5401,5.77907
46.5401,6.30444
46.5401,6.82981
46.5401,7.35518
46.5401,7.88055
46.5401,8.40592
46.5401,8.93129
46.5401,9.45666
46.5401,9.98203
47.0655,0
47.0655,0.526091
47.0655,1.05218
47.0655,1.57827
47.0655,2.10436
47.0655,2.63045
47.0655,3.15654
47.0655,3.68264
47.0655,4.20873
47.0655,4.73482
47.0655,5.26091
47.0655,5.787
47.0655,6.31309
47.0655,6.83918
47.0655,7.36527
47.0655,7.89136
47.0655,8.41745
47.0655,8.94354
47.0655,9.46963
47.0655,9.99572
47.5916,0
47.5916,0.526813
47.5916,1.05363
47.5916,1.58044
47.5916,2.10725
47.5916,2.63406
47.5916,3.16088
47.5916,3.68769
47.5916,4.2145
47.5916,4.74131
47.5916,5.26813
47.5916,5.79494
47.5916,6.32175
47.5916,6.84856
47.5916,7.37538
47.5916,7.90219
47.5916,8.429
47.5916,8.95581
47.5916,9.48263
47.5916,10.0094
48.1184,0
48.1184,0.527535
48.1184,1.05507
48.1184,1.58261
48.1184,2.11014
48.1184,2.63768
48.1184,3.16521
48.1184,3.69275
48.1184,4.22028
48.1184,4.74782
48.1184,5.27535
48.1184,5.80289
48.1184,6.33043
48.1184,6.85796
48.1184,7.3855
48.1184,7.91303
48.1184,8.44057
48.1184,8.9681
48.1184,9.49564
48.1184,10.0232
48.6459,0
48.6459,0.528259
48.6459,1.05652
48.6459,1.58478
48.6459,2.11304
48.6459,2.6413
48.6459,3.16956
48.6459,3.69781
48.6459,4.22607
48.6459,4.75433
48.6459,5.28259
48.6459,5.81085
48.6459,6.33911
48.6459,6.86737
48.6459,7.39563
48.6459,7.92389
48.6459,8.45215
48.6459,8.98041
48.6459,9.50867
48.6459,10.0369
49.1742,0
49.1742,0.528984
49.1742,1.05797
49.1742,1.58695
49.1742,2.11594
49.1742,2.64492
49.1742,3.1739
49.1742,3.70289
49.1742,4.23187
49.1742,4.76086
49.1742,5.28984
49.1742,5.81882
49.1742,6.34781
49.1742,6.87679
49.1742,7.40578
49.1742,7.93476
49.1742,8.46374
49.1742,8.99273
49.1742,9.52171
49.1742,10.0507
49.7032,0
49.7032,0.52971
49.7032,1.05942
49.7032,1.58913
49.7032,2.11884
49.7032,2.64855
49.7032,3.17826
49.7032,3.70797
49.7032,4.23768
49.7032,4.76739
49.7032,5.2971
49.7032,5.82681
49.7032,6.35652
49.7032,6.88623
49.7032,7.41594
49.7032,7.94565
49.7032,8.47536
49.7032,9.00507
49.7032,9.53478
49.7032,10.0645
50.2329,0
50.2329,0.530437
50.2329,1.06087
50.2329,1.59131
50.2329,2.12175
50.2329,2.65218
50.2329,3.18262
50.2329,3.71306
50.2329,4.24349
50.2329,4.77393
50.2329,5.30437
50.2329,5.8348
50.2329,6.36524
50.2329,6.89568
50.2329,7.42611
50.2329,7.95655
50.2329,8.48699
50.2329,9.01742
50.2329,9.54786
50.2329,10.0783
50.7633,0
50.7633,0.531164
50.7633,1.06233
50.7633,1.59349
50.7633,2.12466
50.7633,2.65582
50.7633,3.18699
50.7633,3.71815
50.7633,4.24932
50.7633,4.78048
50.7633,5.31164
50.7633,5.84281
50.7633,6.37397
50.7633,6.90514
50.7633,7.4363
50.7633,7.96747
50.7633,8.49863
50.7633,9.02979
50.7633,9.56096
50.7633,10.0921
51.2945,0
51.2945,0.531893
51.2945,1.06379
51.2945,1.59568
51.2945,2.12757
51.2945,2.65947
51.2945,3.19136
51.2945,3.72325
51.2945,4.25515
51.2945,4.78704
51.2945,5.31893
51.2945,5.85082
51.2945,6.38272
51.2945,6.91461
51.2945,7.4465
51.2945,7.9784
51.2945,8.51029
51.2945,9.04218
51.2945,9.57408
51.2945,10.106
51.8264,0
51.8264,0.532623
51.8264,1.06525
51.8264,1.59787
51.8264,2.13049
51.8264,2.66311
51.8264,3.19574
51.8264,3.72836
51.8264,4.26098
51.8264,4.79361
51.8264,5.32623
51.8264,5.85885
51.8264,6.39148
51.8264,6.9241
51.8264,7.45672
51.8264,7.98934
51.8264,8.52197
51.8264,9.05459
51.8264,9.58721
51.8264,10.1198
52.359,0
52.359,0.533354
52.359,1.06671
52.359,1.60006
52.359,2.13341
52.359,2.66677
52.359,3.20012
52.359,3.73348
52.359,4.26683
52.359,4.80018
52.359,5.33354
52.359,5.86689
52.359,6.40024
52.359,6.9336
52.359,7.46695
52.359,8.00031
52.359,8.53366
52.359,9.06701
52.359,9.60037
52.359,10.1337
52.8923,0
52.8923,0.534045
52.8923,1.06809
52.8923,1.60213
52.8923,2.13618
52.8923,2.67022
52.8923,3.20427
52.8923,3.73831
52.8923,4.27236
52.8923,4.8064
52.8923,5.34045
52.8923,5.87449
52.8923,6.40854
52.8923,6.94258
52.8923,7.47663
52.8923,8.01067
52.8923,8.54471
52.8923,9.07876
52.8923,9.6128
52.8923,10.1468
53.4264,0
53.4264,0.534427
53.4264,1.06885
53.4264,1.60328
53.4264,2.13771
53.4264,2.67214
53.4264,3.20656
53.4264,3.74099
53.4264,4.27542
53.4264,4.80984
53.4264,5.34427
53.4264,5.8787
53.4264,6.41313
53.4264,6.94755
53.4264,7.48198
53.4264,8.01641
53.4264,8.55083
53.4264,9.08526
53.4264,9.61969
53.4264,10.1541
53.9608,0
53.9608,0.53481
53.9608,1.06962
53.9608,1.60443
53.9608,2.13924
53.9608,2.67405
53.9608,3.20886
53.9608,3.74367
53.9608,4.27848
53.9608,4.81329
53.9608,5.3481
53.9608,5.88291
53.9608,6.41772
53.9608,6.95253
53.9608,7.48734
53.9608,8.02215
53.9608,8.55696
53.9608,9.09177
53.9608,9.62658
53.9608,10.1614
54.4956,0
54.4956,0.535193
54.4956,1.07039
54.4956,1.60558
54.4956,2.14077
54.4956,2.67597
54.4956,3.21116
54.4956,3.74635
54.4956,4.28154
54.4956,4.81674
54.4956,5.35193
54.4956,5.88712
54.4956,6.42232
54.4956,6.95751
54.4956,7.4927
54.4956,8.0279
54.4956,8.56309
54.4956,9.09828
54.4956,9.63348
54.4956,10.1687
55.0308,0
55.0308,0.535576
55.0308,1.07115
55.0308,1.60673
55.0308,2.14231
55.0308,2.67788
55.0308,3.21346
55.0308,3.74904
55.0308,4.28461
55.0308,4.82019
55.0308,5.35576
55.0308,5.89134
55.0308,6.42692
55.0308,6.96249
55.0308,7.49807
55.0308,8.03365
55.0308,8.56922
55.0308,9.1048
55.0308,9.64038
55.0308,10.176
55.5664,0
55.5664,0.53596
55.5664,1.07192
55.5664,1.60788
55.5664,2.14384
55.5664,2.6798
55.5664,3.21576
55.5664,3.75172
55.5664,4.28768
55.5664,4.82364
55.5664,5.3596
55.5664,5.89556
55.5664,6.43152
55.5664,6.96748
55.5664,7.50344
55.5664,8.0394
55.5664,8.57536
55.5664,9.11132
55.5664,9.64728
55.5664,10.1832
56.1023,0
56.1023,0.536344
56.1023,1.07269
56.1023,1.60903
56.1023,2.14538
56.1023,2.68172
56.1023,3.21806
56.1023,3.75441
56.1023,4.29075
56.1023,4.8271
56.1023,5.36344
56.1023,5.89978
56.1023,6.43613
56.1023,6.97247
56.1023,7.50882
56.1023,8.04516
56.1023,8.5815
56.1023,9.11785
56.1023,9.65419
56.1023,10.1905
